speler_x_midden,speler_x_links,ruimte_rechts,steen_x,steen_y,steen_snelheid,relatief_verschil,aantal_stenen,score,actie
200,180,180,200,-100,0.0,0,0,0,0
200,180,180,200,-100,0.0,0,0,0,0
200,180,180,200,-100,0.0,0,0,0,0
200,180,180,200,-100,0.0,0,0,0,0
200,180,180,200,-100,0.0,0,0,0,0
200,180,180,200,-100,0.0,0,0,0,0
200,180,180,200,-100,0.0,0,0,0,0
200,180,180,200,-100,0.0,0,0,0,0
200,180,180,200,-100,0.0,0,0,0,0
200,180,180,200,-100,0.0,0,0,0,0
200,180,180,200,-100,0.0,0,0,0,0
200,180,180,200,-100,0.0,0,0,0,0
200,180,180,200,-100,0.0,0,0,0,0
200,180,180,200,-100,0.0,0,0,0,0
200,180,180,200,-100,0.0,0,0,0,0
200,180,180,200,-100,0.0,0,0,0,0
200,180,180,200,-100,0.0,0,0,0,0
200,180,180,200,-100,0.0,0,0,0,0
200,180,180,200,-100,0.0,0,0,0,0
200,180,180,187,-10,2.9,-13,1,1,0
200,180,180,187,-1,2.9,-13,1,1,0
200,180,180,187,8,2.9,-13,1,1,0
200,180,180,187,17,2.9,-13,1,1,0
200,180,180,187,26,2.9,-13,1,1,0
200,180,180,187,35,2.9,-13,1,1,0
200,180,180,187,44,2.9,-13,1,1,0
200,180,180,187,53,2.9,-13,1,1,0
200,180,180,187,62,2.9,-13,1,1,0
200,180,180,187,71,2.9,-13,1,1,0
200,180,180,187,80,2.9,-13,1,1,0
200,180,180,187,89,2.9,-13,1,1,0
200,180,180,187,98,2.9,-13,1,1,0
200,180,180,187,107,2.9,-13,1,1,0
200,180,180,187,116,2.9,-13,1,1,0
200,180,180,187,125,2.9,-13,1,1,0
200,180,180,187,134,2.9,-13,1,1,0
200,180,180,187,143,2.9,-13,1,1,0
200,180,180,187,152,2.9,-13,1,1,0
200,180,180,187,161,2.9,-13,1,1,0
200,180,180,187,170,2.9,-13,2,2,0
200,180,180,187,179,2.9,-13,2,2,0
200,180,180,187,188,2.9,-13,2,2,0
200,180,180,187,197,2.9,-13,2,2,0
200,180,180,187,206,2.9,-13,2,2,0
200,180,180,187,215,2.9,-13,2,2,0
200,180,180,187,224,2.9,-13,2,2,0
200,180,180,187,233,2.9,-13,2,2,0
200,180,180,187,242,2.9,-13,2,2,0
200,180,180,187,251,2.9,-13,2,2,0
200,180,180,187,260,2.9,-13,2,2,0
200,180,180,187,269,2.9,-13,2,2,0
200,180,180,187,278,2.9,-13,2,2,0
200,180,180,187,287,2.9,-13,2,2,0
200,180,180,187,296,2.9,-13,2,2,0
200,180,180,187,305,2.9,-13,2,2,0
200,180,180,187,314,2.9,-13,2,2,0
200,180,180,187,323,2.9,-13,2,2,0
200,180,180,187,332,2.9,-13,2,2,0
200,180,180,187,341,2.9,-13,2,2,0
200,180,180,187,350,2.9,-13,3,3,0
200,180,180,187,359,2.9,-13,3,3,0
200,180,180,187,368,2.9,-13,3,3,0
200,180,180,187,377,2.9,-13,3,3,0
200,180,180,187,386,2.9,-13,3,3,0
200,180,180,187,395,2.9,-13,3,3,0
200,180,180,187,404,2.9,-13,3,3,0
200,180,180,187,413,2.9,-13,3,3,0
200,180,180,187,422,2.9,-13,3,3,0
200,180,180,187,431,2.9,-13,3,3,0
200,180,180,187,440,2.9,-13,3,3,0
200,180,180,187,449,2.9,-13,3,3,0
210,190,170,187,458,2.9,-23,3,3,1
225,205,155,187,467,2.9,-38,3,3,1
240,220,140,187,476,2.9,-53,3,3,1
245,225,135,187,485,2.9,-58,3,3,0
245,225,135,187,494,2.9,-58,3,3,0
245,225,135,187,503,2.9,-58,3,3,0
245,225,135,187,512,2.9,-58,3,3,0
245,225,135,187,521,2.9,-58,3,3,0
245,225,135,187,530,2.9,-58,4,4,0
245,225,135,187,539,2.9,-58,4,4,0
245,225,135,187,548,2.9,-58,4,4,0
245,225,135,187,557,2.9,-58,4,4,0
245,225,135,187,566,2.9,-58,4,4,0
245,225,135,187,575,2.9,-58,4,4,0
245,225,135,187,584,2.9,-58,4,4,0
245,225,135,187,593,2.9,-58,4,4,0
245,225,135,187,602,2.9,-58,4,4,0
245,225,135,187,611,2.9,-58,4,4,0
245,225,135,187,620,2.9,-58,4,4,0
245,225,135,187,629,2.9,-58,4,4,0
245,225,135,187,638,2.9,-58,4,4,0
245,225,135,187,647,2.9,-58,4,4,0
245,225,135,194,403,3.98,-51,3,4,0
245,225,135,194,415,3.98,-51,2,4,0
245,225,135,194,427,3.98,-51,2,4,0
245,225,135,194,439,3.98,-51,2,4,0
245,225,135,194,451,3.98,-51,2,4,0
245,225,135,194,463,3.98,-51,2,4,0
245,225,135,194,475,3.98,-51,3,5,0
245,225,135,194,487,3.98,-51,3,5,0
245,225,135,194,499,3.98,-51,3,5,0
245,225,135,194,511,3.98,-51,3,5,0
245,225,135,194,523,3.98,-51,3,5,0
245,225,135,194,535,3.98,-51,3,5,0
245,225,135,194,547,3.98,-51,3,5,0
245,225,135,194,559,3.98,-51,3,5,0
245,225,135,194,571,3.98,-51,3,5,0
245,225,135,194,583,3.98,-51,3,5,0
245,225,135,194,595,3.98,-51,3,5,0
245,225,135,194,607,3.98,-51,3,5,0
245,225,135,194,619,3.98,-51,3,5,0
245,225,135,194,631,3.98,-51,3,5,0
245,225,135,194,643,3.98,-51,3,5,0
245,225,135,204,418,3.89,-41,2,5,0
245,225,135,204,430,3.89,-41,2,5,0
245,225,135,204,442,3.89,-41,2,5,0
245,225,135,204,454,3.89,-41,2,5,0
245,225,135,204,466,3.89,-41,3,5,0
245,225,135,204,478,3.89,-41,3,6,0
245,225,135,204,490,3.89,-41,3,6,0
245,225,135,204,502,3.89,-41,3,6,0
245,225,135,204,514,3.89,-41,3,6,0
245,225,135,204,526,3.89,-41,3,6,0
245,225,135,204,538,3.89,-41,3,6,0
245,225,135,204,550,3.89,-41,3,6,0
245,225,135,204,562,3.89,-41,3,6,0
245,225,135,204,574,3.89,-41,3,6,0
245,225,135,204,586,3.89,-41,3,6,0
245,225,135,204,598,3.89,-41,3,6,0
245,225,135,204,610,3.89,-41,3,6,0
245,225,135,204,622,3.89,-41,3,6,0
245,225,135,204,634,3.89,-41,3,6,0
245,225,135,204,646,3.89,-41,3,6,0
245,225,135,112,312,3.23,-133,2,6,0
245,225,135,112,321,3.23,-133,2,6,0
245,225,135,112,330,3.23,-133,2,6,0
245,225,135,112,339,3.23,-133,2,6,0
245,225,135,112,348,3.23,-133,3,6,0
245,225,135,112,357,3.23,-133,3,7,0
245,225,135,112,366,3.23,-133,3,7,0
245,225,135,112,375,3.23,-133,3,7,0
245,225,135,112,384,3.23,-133,3,7,0
245,225,135,112,393,3.23,-133,3,7,0
245,225,135,112,402,3.23,-133,3,7,0
245,225,135,112,411,3.23,-133,3,7,0
245,225,135,112,420,3.23,-133,3,7,0
245,225,135,112,429,3.23,-133,3,7,0
245,225,135,112,438,3.23,-133,3,7,0
245,225,135,112,447,3.23,-133,3,7,0
245,225,135,112,456,3.23,-133,3,7,0
245,225,135,112,465,3.23,-133,3,7,0
245,225,135,112,474,3.23,-133,3,7,0
245,225,135,112,483,3.23,-133,3,7,0
245,225,135,112,492,3.23,-133,3,7,0
245,225,135,112,501,3.23,-133,3,7,0
245,225,135,112,510,3.23,-133,3,7,0
245,225,135,112,519,3.23,-133,4,7,0
245,225,135,112,528,3.23,-133,4,7,0
245,225,135,112,537,3.23,-133,4,8,0
245,225,135,112,546,3.23,-133,4,8,0
245,225,135,112,555,3.23,-133,4,8,0
245,225,135,112,564,3.23,-133,4,8,0
245,225,135,112,573,3.23,-133,4,8,0
245,225,135,112,582,3.23,-133,4,8,0
245,225,135,112,591,3.23,-133,4,8,0
245,225,135,112,600,3.23,-133,4,8,0
245,225,135,112,609,3.23,-133,4,8,0
245,225,135,112,618,3.23,-133,4,8,0
245,225,135,112,627,3.23,-133,4,8,0
245,225,135,112,636,3.23,-133,4,8,0
245,225,135,112,645,3.23,-133,4,8,0
245,225,135,283,303,2.96,38,3,8,0
245,225,135,283,312,2.96,38,2,8,0
245,225,135,283,321,2.96,38,2,8,0
245,225,135,283,330,2.96,38,2,8,0
245,225,135,283,339,2.96,38,3,8,0
245,225,135,283,348,2.96,38,3,8,0
245,225,135,283,357,2.96,38,3,8,0
245,225,135,283,366,2.96,38,3,9,0
245,225,135,283,375,2.96,38,3,9,0
245,225,135,283,384,2.96,38,3,9,0
245,225,135,283,393,2.96,38,3,9,0
245,225,135,283,402,2.96,38,3,9,0
245,225,135,283,411,2.96,38,3,9,0
245,225,135,283,420,2.96,38,3,9,0
245,225,135,283,429,2.96,38,3,9,0
245,225,135,283,438,2.96,38,3,9,0
245,225,135,283,447,2.96,38,3,9,0
245,225,135,283,456,2.96,38,3,9,0
245,225,135,283,465,2.96,38,3,9,0
245,225,135,283,474,2.96,38,3,9,0
245,225,135,283,483,2.96,38,3,9,0
245,225,135,283,492,2.96,38,3,9,0
245,225,135,283,501,2.96,38,3,9,0
245,225,135,283,510,2.96,38,4,9,0
245,225,135,283,519,2.96,38,4,9,0
245,225,135,283,528,2.96,38,4,9,0
245,225,135,283,537,2.96,38,4,9,0
245,225,135,283,546,2.96,38,4,10,0
245,225,135,283,555,2.96,38,4,10,0
245,225,135,283,564,2.96,38,4,10,0
245,225,135,283,573,2.96,38,4,10,0
245,225,135,283,582,2.96,38,4,10,0
245,225,135,283,591,2.96,38,4,10,0
245,225,135,283,600,2.96,38,4,10,0
245,225,135,283,609,2.96,38,4,10,0
245,225,135,283,618,2.96,38,4,10,0
245,225,135,283,627,2.96,38,4,10,0
245,225,135,283,636,2.96,38,4,10,0
245,225,135,283,645,2.96,38,4,10,0
245,225,135,371,482,2.96,126,3,10,0
245,225,135,371,491,2.96,126,3,10,0
245,225,135,308,439,3.72,63,3,10,0
245,225,135,308,451,3.72,63,4,10,0
245,225,135,308,463,3.72,63,4,10,0
245,225,135,308,475,3.72,63,4,10,0
245,225,135,308,487,3.72,63,4,10,0
245,225,135,308,499,3.72,63,4,10,0
245,225,135,308,511,3.72,63,4,11,0
245,225,135,308,523,3.72,63,4,11,0
245,225,135,308,535,3.72,63,4,11,0
245,225,135,308,547,3.72,63,4,11,0
245,225,135,308,559,3.72,63,4,11,0
245,225,135,308,571,3.72,63,4,11,0
245,225,135,308,583,3.72,63,4,11,0
245,225,135,308,595,3.72,63,4,11,0
245,225,135,308,607,3.72,63,4,11,0
245,225,135,308,619,3.72,63,4,11,0
245,225,135,308,631,3.72,63,4,11,0
245,225,135,308,643,3.72,63,3,11,0
245,225,135,257,313,2.84,12,2,11,0
245,225,135,257,322,2.84,12,2,11,0
245,225,135,257,331,2.84,12,3,11,0
245,225,135,257,340,2.84,12,3,11,0
245,225,135,257,349,2.84,12,3,11,0
245,225,135,257,358,2.84,12,3,11,0
245,225,135,257,367,2.84,12,3,11,0
245,225,135,257,376,2.84,12,3,11,0
245,225,135,257,385,2.84,12,3,12,0
245,225,135,257,394,2.84,12,3,12,0
245,225,135,257,403,2.84,12,3,12,0
245,225,135,257,412,2.84,12,3,12,0
245,225,135,257,421,2.84,12,3,12,0
245,225,135,257,430,2.84,12,3,12,0
245,225,135,257,439,2.84,12,3,12,0
245,225,135,257,448,2.84,12,3,12,0
245,225,135,257,457,2.84,12,3,12,0
245,225,135,257,466,2.84,12,3,12,0
235,215,145,257,475,2.84,22,3,12,-1
220,200,160,257,484,2.84,37,3,12,-1
205,185,175,257,493,2.84,52,3,12,-1
190,170,190,257,502,2.84,67,4,12,-1
185,165,195,257,511,2.84,72,4,12,0
185,165,195,257,520,2.84,72,4,12,0
185,165,195,257,529,2.84,72,4,12,0
185,165,195,257,538,2.84,72,4,12,0
185,165,195,257,547,2.84,72,4,12,0
185,165,195,257,556,2.84,72,4,12,0
185,165,195,257,565,2.84,72,4,13,0
185,165,195,117,542,3.89,-68,4,13,0
185,165,195,117,554,3.89,-68,4,13,0
185,165,195,117,566,3.89,-68,4,13,0
185,165,195,117,578,3.89,-68,4,13,0
185,165,195,117,590,3.89,-68,4,13,0
185,165,195,117,602,3.89,-68,4,13,0
185,165,195,117,614,3.89,-68,4,13,0
185,165,195,117,626,3.89,-68,4,13,0
185,165,195,117,638,3.89,-68,4,13,0
185,165,195,117,650,3.89,-68,3,13,0
185,165,195,55,436,4.2,-130,2,13,0
185,165,195,55,448,4.2,-130,3,13,0
185,165,195,55,460,4.2,-130,3,13,0
185,165,195,55,472,4.2,-130,3,13,0
185,165,195,55,484,4.2,-130,3,13,0
185,165,195,55,496,4.2,-130,3,13,0
185,165,195,55,508,4.2,-130,3,13,0
185,165,195,55,520,4.2,-130,3,13,0
185,165,195,55,532,4.2,-130,3,13,0
185,165,195,55,544,4.2,-130,3,14,0
185,165,195,55,556,4.2,-130,3,14,0
185,165,195,55,568,4.2,-130,3,14,0
185,165,195,55,580,4.2,-130,3,14,0
185,165,195,55,592,4.2,-130,3,14,0
185,165,195,55,604,4.2,-130,3,14,0
185,165,195,55,616,4.2,-130,3,14,0
185,165,195,55,628,4.2,-130,3,14,0
185,165,195,55,640,4.2,-130,3,14,0
185,165,195,221,316,3.31,36,2,14,0
185,165,195,221,325,3.31,36,3,14,0
185,165,195,221,334,3.31,36,3,14,0
185,165,195,221,343,3.31,36,3,14,0
185,165,195,221,352,3.31,36,3,14,0
185,165,195,221,361,3.31,36,3,14,0
185,165,195,221,370,3.31,36,3,14,0
185,165,195,221,379,3.31,36,3,14,0
185,165,195,221,388,3.31,36,3,14,0
185,165,195,221,397,3.31,36,3,14,0
185,165,195,221,406,3.31,36,3,14,0
185,165,195,221,415,3.31,36,3,15,0
185,165,195,221,424,3.31,36,3,15,0
185,165,195,221,433,3.31,36,3,15,0
185,165,195,221,442,3.31,36,3,15,0
185,165,195,221,451,3.31,36,3,15,0
185,165,195,221,460,3.31,36,3,15,0
185,165,195,221,469,3.31,36,3,15,0
185,165,195,221,478,3.31,36,3,15,0
185,165,195,221,487,3.31,36,3,15,0
185,165,195,221,496,3.31,36,4,15,0
185,165,195,221,505,3.31,36,4,15,0
185,165,195,221,514,3.31,36,4,15,0
185,165,195,221,523,3.31,36,4,15,0
185,165,195,221,532,3.31,36,4,15,0
185,165,195,221,541,3.31,36,4,15,0
185,165,195,221,550,3.31,36,4,15,0
185,165,195,221,559,3.31,36,4,15,0
185,165,195,221,568,3.31,36,4,15,0
185,165,195,221,577,3.31,36,4,15,0
185,165,195,221,586,3.31,36,4,15,0
185,165,195,221,595,3.31,36,4,16,0
185,165,195,221,604,3.31,36,4,16,0
185,165,195,221,613,3.31,36,4,16,0
185,165,195,221,622,3.31,36,4,16,0
185,165,195,221,631,3.31,36,4,16,0
185,165,195,221,640,3.31,36,4,16,0
185,165,195,221,649,3.31,36,4,16,0
185,165,195,39,493,3.37,-146,4,16,0
185,165,195,39,502,3.37,-146,4,16,0
185,165,195,39,511,3.37,-146,4,16,0
185,165,195,39,520,3.37,-146,4,16,0
185,165,195,39,529,3.37,-146,4,16,0
185,165,195,39,538,3.37,-146,4,16,0
185,165,195,39,547,3.37,-146,4,16,0
185,165,195,39,556,3.37,-146,4,16,0
185,165,195,39,565,3.37,-146,4,16,0
185,165,195,39,574,3.37,-146,4,16,0
185,165,195,39,583,3.37,-146,4,16,0
185,165,195,39,592,3.37,-146,4,16,0
185,165,195,39,601,3.37,-146,4,16,0
185,165,195,39,610,3.37,-146,4,17,0
185,165,195,39,619,3.37,-146,4,17,0
185,165,195,316,458,3.18,131,4,17,0
185,165,195,316,467,3.18,131,4,17,0
185,165,195,316,476,3.18,131,4,17,0
185,165,195,316,485,3.18,131,4,17,0
185,165,195,316,494,3.18,131,4,17,0
185,165,195,316,503,3.18,131,4,17,0
185,165,195,316,512,3.18,131,4,17,0
185,165,195,316,521,3.18,131,4,17,0
185,165,195,316,530,3.18,131,4,17,0
185,165,195,316,539,3.18,131,4,17,0
185,165,195,316,548,3.18,131,4,17,0
185,165,195,316,557,3.18,131,4,17,0
185,165,195,316,566,3.18,131,4,17,0
185,165,195,316,575,3.18,131,4,17,0
185,165,195,316,584,3.18,131,4,17,0
185,165,195,316,593,3.18,131,4,17,0
185,165,195,316,602,3.18,131,4,17,0
185,165,195,316,611,3.18,131,4,17,0
185,165,195,316,620,3.18,131,4,18,0
185,165,195,316,629,3.18,131,4,18,0
185,165,195,41,477,2.97,-144,4,18,0
185,165,195,41,486,2.97,-144,5,18,0
185,165,195,41,495,2.97,-144,4,18,0
185,165,195,41,504,2.97,-144,4,18,0
185,165,195,41,513,2.97,-144,4,18,0
185,165,195,41,522,2.97,-144,4,18,0
185,165,195,41,531,2.97,-144,4,18,0
185,165,195,41,540,2.97,-144,4,18,0
185,165,195,41,549,2.97,-144,4,18,0
185,165,195,41,558,2.97,-144,4,18,0
185,165,195,41,567,2.97,-144,4,18,0
185,165,195,41,576,2.97,-144,4,18,0
185,165,195,41,585,2.97,-144,4,18,0
185,165,195,41,594,2.97,-144,4,18,0
185,165,195,41,603,2.97,-144,4,18,0
185,165,195,105,442,3.25,-80,4,18,0
185,165,195,105,451,3.25,-80,4,18,0
185,165,195,105,460,3.25,-80,4,18,0
185,165,195,105,469,3.25,-80,4,19,0
185,165,195,105,478,3.25,-80,4,19,0
185,165,195,105,487,3.25,-80,4,19,0
185,165,195,105,496,3.25,-80,4,19,0
185,165,195,105,505,3.25,-80,4,19,0
185,165,195,105,514,3.25,-80,4,19,0
185,165,195,105,523,3.25,-80,4,19,0
185,165,195,105,532,3.25,-80,4,19,0
185,165,195,105,541,3.25,-80,4,19,0
185,165,195,105,550,3.25,-80,4,19,0
185,165,195,105,559,3.25,-80,4,19,0
185,165,195,105,568,3.25,-80,4,19,0
185,165,195,105,577,3.25,-80,4,19,0
185,165,195,105,586,3.25,-80,4,19,0
185,165,195,105,595,3.25,-80,4,19,0
185,165,195,105,604,3.25,-80,4,19,0
185,165,195,105,613,3.25,-80,4,19,0
185,165,195,105,622,3.25,-80,4,19,0
185,165,195,105,631,3.25,-80,4,19,0
185,165,195,105,640,3.25,-80,5,19,0
185,165,195,105,649,3.25,-80,5,20,0
185,165,195,30,499,3.13,-155,4,20,0
185,165,195,30,508,3.13,-155,4,20,0
185,165,195,30,517,3.13,-155,4,20,0
185,165,195,30,526,3.13,-155,4,20,0
185,165,195,30,535,3.13,-155,4,20,0
185,165,195,30,544,3.13,-155,4,20,0
185,165,195,30,553,3.13,-155,4,20,0
185,165,195,30,562,3.13,-155,4,20,0
185,165,195,30,571,3.13,-155,4,20,0
185,165,195,30,580,3.13,-155,4,20,0
185,165,195,30,589,3.13,-155,4,20,0
185,165,195,30,598,3.13,-155,4,20,0
185,165,195,30,607,3.13,-155,4,20,0
185,165,195,30,616,3.13,-155,4,20,0
185,165,195,30,625,3.13,-155,4,20,0
185,165,195,32,470,3.11,-153,4,20,0
185,165,195,32,479,3.11,-153,5,20,0
185,165,195,32,488,3.11,-153,4,20,0
185,165,195,32,497,3.11,-153,4,20,0
185,165,195,32,506,3.11,-153,4,21,0
185,165,195,32,515,3.11,-153,4,21,0
185,165,195,32,524,3.11,-153,4,21,0
185,165,195,32,533,3.11,-153,4,21,0
185,165,195,32,542,3.11,-153,4,21,0
185,165,195,32,551,3.11,-153,4,21,0
185,165,195,32,560,3.11,-153,4,21,0
185,165,195,32,569,3.11,-153,4,21,0
185,165,195,32,578,3.11,-153,4,21,0
185,165,195,32,587,3.11,-153,4,21,0
185,165,195,32,596,3.11,-153,4,21,0
185,165,195,32,605,3.11,-153,4,21,0
185,165,195,32,614,3.11,-153,4,21,0
185,165,195,305,460,3.0,120,4,21,0
185,165,195,305,469,3.0,120,4,21,0
185,165,195,305,478,3.0,120,5,21,0
185,165,195,252,436,4.47,67,4,21,0
185,165,195,252,448,4.47,67,4,21,0
185,165,195,252,460,4.47,67,4,21,0
185,165,195,252,472,4.47,67,4,21,0
185,165,195,252,484,4.47,67,4,22,0
185,165,195,252,496,4.47,67,4,22,0
185,165,195,252,508,4.47,67,4,22,0
185,165,195,252,520,4.47,67,4,22,0
185,165,195,252,532,4.47,67,4,22,0
185,165,195,252,544,4.47,67,4,22,0
185,165,195,252,556,4.47,67,4,22,0
185,165,195,252,568,4.47,67,4,22,0
185,165,195,252,580,4.47,67,4,22,0
185,165,195,252,592,4.47,67,4,22,0
185,165,195,252,604,4.47,67,4,22,0
185,165,195,252,616,4.47,67,4,22,0
185,165,195,252,628,4.47,67,4,22,0
185,165,195,252,640,4.47,67,5,22,0
185,165,195,305,649,3.0,120,4,22,0
185,165,195,386,445,4.46,201,3,22,0
185,165,195,386,457,4.46,201,3,22,0
185,165,195,386,469,4.46,201,3,22,0
185,165,195,386,481,4.46,201,3,22,0
185,165,195,386,493,4.46,201,3,22,0
185,165,195,386,505,4.46,201,3,23,0
185,165,195,386,517,4.46,201,3,23,0
185,165,195,386,529,4.46,201,3,23,0
185,165,195,386,541,4.46,201,3,23,0
185,165,195,386,553,4.46,201,3,23,0
185,165,195,386,565,4.46,201,3,23,0
185,165,195,386,577,4.46,201,3,23,0
185,165,195,386,589,4.46,201,3,23,0
185,165,195,386,601,4.46,201,3,23,0
185,165,195,386,613,4.46,201,3,23,0
185,165,195,221,313,3.31,36,4,23,0
185,165,195,221,322,3.31,36,4,23,0
185,165,195,221,331,3.31,36,4,23,0
185,165,195,221,340,3.31,36,3,23,0
185,165,195,221,349,3.31,36,3,23,0
185,165,195,221,358,3.31,36,3,23,0
185,165,195,221,367,3.31,36,3,23,0
185,165,195,221,376,3.31,36,3,23,0
185,165,195,221,385,3.31,36,3,23,0
185,165,195,221,394,3.31,36,3,23,0
185,165,195,221,403,3.31,36,3,24,0
185,165,195,221,412,3.31,36,3,24,0
185,165,195,221,421,3.31,36,3,24,0
185,165,195,221,430,3.31,36,3,24,0
185,165,195,221,439,3.31,36,3,24,0
185,165,195,221,448,3.31,36,3,24,0
185,165,195,221,457,3.31,36,3,24,0
185,165,195,221,466,3.31,36,3,24,0
185,165,195,221,475,3.31,36,4,24,0
185,165,195,221,484,3.31,36,4,24,0
170,150,210,221,493,3.31,51,4,24,-1
155,135,225,221,502,3.31,66,4,24,-1
140,120,240,221,511,3.31,81,4,24,-1
130,110,250,86,484,4.29,-44,4,24,0
130,110,250,86,496,4.29,-44,4,24,0
130,110,250,86,508,4.29,-44,4,24,0
130,110,250,86,520,4.29,-44,4,24,0
130,110,250,86,532,4.29,-44,4,24,0
130,110,250,86,544,4.29,-44,4,24,0
130,110,250,86,556,4.29,-44,4,24,0
130,110,250,86,568,4.29,-44,4,25,0
130,110,250,86,580,4.29,-44,4,25,0
130,110,250,86,592,4.29,-44,4,25,0
130,110,250,86,604,4.29,-44,4,25,0
130,110,250,86,616,4.29,-44,4,25,0
130,110,250,86,628,4.29,-44,5,25,0
130,110,250,86,640,4.29,-44,5,25,0
130,110,250,221,646,3.31,91,4,25,0
130,110,250,215,449,4.07,85,3,25,0
130,110,250,215,461,4.07,85,3,25,0
130,110,250,215,473,4.07,85,3,25,0
130,110,250,215,485,4.07,85,3,25,0
130,110,250,215,497,4.07,85,3,25,0
130,110,250,215,509,4.07,85,3,25,0
130,110,250,215,521,4.07,85,3,25,0
130,110,250,215,533,4.07,85,3,25,0
130,110,250,215,545,4.07,85,3,25,0
130,110,250,215,557,4.07,85,3,25,0
130,110,250,215,569,4.07,85,3,25,0
130,110,250,215,581,4.07,85,3,25,0
130,110,250,215,593,4.07,85,3,26,0
130,110,250,215,605,4.07,85,3,26,0
130,110,250,215,617,4.07,85,4,26,0
130,110,250,116,421,3.8,-14,4,26,0
130,110,250,116,433,3.8,-14,4,26,0
130,110,250,116,445,3.8,-14,3,26,0
130,110,250,116,457,3.8,-14,3,26,0
130,110,250,116,469,3.8,-14,3,26,0
135,115,245,116,481,3.8,-19,3,26,1
150,130,230,116,493,3.8,-34,3,26,1
165,145,215,116,505,3.8,-49,3,26,1
180,160,200,116,517,3.8,-64,3,26,1
180,160,200,116,529,3.8,-64,3,26,0
180,160,200,116,541,3.8,-64,3,26,0
180,160,200,116,553,3.8,-64,3,26,0
180,160,200,116,565,3.8,-64,3,26,0
180,160,200,116,577,3.8,-64,3,26,0
180,160,200,116,589,3.8,-64,3,26,0
180,160,200,116,601,3.8,-64,3,26,0
180,160,200,116,613,3.8,-64,3,26,0
180,160,200,116,625,3.8,-64,4,27,0
180,160,200,116,637,3.8,-64,4,27,0
180,160,200,116,649,3.8,-64,4,27,0
180,160,200,380,451,3.86,200,3,27,0
180,160,200,380,463,3.86,200,3,27,0
180,160,200,380,475,3.86,200,3,27,0
180,160,200,380,487,3.86,200,3,27,0
180,160,200,380,499,3.86,200,3,27,0
180,160,200,380,511,3.86,200,3,27,0
180,160,200,380,523,3.86,200,3,27,0
180,160,200,380,535,3.86,200,3,27,0
180,160,200,380,547,3.86,200,3,27,0
180,160,200,380,559,3.86,200,3,27,0
180,160,200,380,571,3.86,200,3,27,0
180,160,200,380,583,3.86,200,3,27,0
180,160,200,380,595,3.86,200,3,27,0
180,160,200,380,607,3.86,200,3,27,0
180,160,200,380,619,3.86,200,4,27,0
180,160,200,31,426,3.79,-149,4,27,0
180,160,200,31,438,3.79,-149,4,27,0
180,160,200,31,450,3.79,-149,3,28,0
180,160,200,31,462,3.79,-149,3,28,0
180,160,200,31,474,3.79,-149,3,28,0
180,160,200,31,486,3.79,-149,3,28,0
180,160,200,31,498,3.79,-149,3,28,0
180,160,200,31,510,3.79,-149,3,28,0
180,160,200,31,522,3.79,-149,3,28,0
180,160,200,31,534,3.79,-149,3,28,0
180,160,200,31,546,3.79,-149,3,28,0
180,160,200,31,558,3.79,-149,3,28,0
180,160,200,31,570,3.79,-149,3,28,0
180,160,200,31,582,3.79,-149,3,28,0
180,160,200,31,594,3.79,-149,3,28,0
180,160,200,31,606,3.79,-149,3,28,0
180,160,200,31,618,3.79,-149,4,28,0
180,160,200,31,630,3.79,-149,4,28,0
180,160,200,31,642,3.79,-149,4,28,0
180,160,200,289,240,4.39,109,3,28,0
180,160,200,289,252,4.39,109,3,28,0
180,160,200,289,264,4.39,109,3,28,0
180,160,200,289,276,4.39,109,3,29,0
180,160,200,289,288,4.39,109,3,29,0
180,160,200,289,300,4.39,109,3,29,0
180,160,200,289,312,4.39,109,3,29,0
180,160,200,289,324,4.39,109,3,29,0
180,160,200,289,336,4.39,109,3,29,0
180,160,200,289,348,4.39,109,3,29,0
180,160,200,289,360,4.39,109,3,29,0
180,160,200,289,372,4.39,109,3,29,0
180,160,200,289,384,4.39,109,3,29,0
180,160,200,289,396,4.39,109,3,29,0
180,160,200,289,408,4.39,109,4,29,0
180,160,200,289,420,4.39,109,4,29,0
180,160,200,289,432,4.39,109,4,29,0
180,160,200,289,444,4.39,109,4,29,0
180,160,200,289,456,4.39,109,4,29,0
180,160,200,289,468,4.39,109,4,29,0
180,160,200,289,480,4.39,109,4,29,0
180,160,200,289,492,4.39,109,4,29,0
180,160,200,289,504,4.39,109,4,29,0
180,160,200,289,516,4.39,109,4,30,0
180,160,200,289,528,4.39,109,4,30,0
180,160,200,289,540,4.39,109,4,30,0
180,160,200,289,552,4.39,109,4,30,0
180,160,200,289,564,4.39,109,4,30,0
180,160,200,289,576,4.39,109,4,30,0
180,160,200,289,588,4.39,109,4,30,0
180,160,200,289,600,4.39,109,5,30,0
180,160,200,289,612,4.39,109,5,30,0
180,160,200,289,624,4.39,109,5,30,0
180,160,200,289,636,4.39,109,5,30,0
180,160,200,289,648,4.39,109,5,30,0
180,160,200,318,458,4.29,138,4,30,0
180,160,200,318,470,4.29,138,4,30,0
180,160,200,318,482,4.29,138,3,30,0
180,160,200,318,494,4.29,138,3,30,0
180,160,200,318,506,4.29,138,3,30,0
180,160,200,318,518,4.29,138,3,30,0
180,160,200,318,530,4.29,138,3,30,0
180,160,200,318,542,4.29,138,3,30,0
180,160,200,318,554,4.29,138,3,31,0
180,160,200,318,566,4.29,138,3,31,0
180,160,200,318,578,4.29,138,3,31,0
180,160,200,318,590,4.29,138,3,31,0
180,160,200,318,602,4.29,138,4,31,0
180,160,200,318,614,4.29,138,4,31,0
180,160,200,318,626,4.29,138,4,31,0
180,160,200,318,638,4.29,138,4,31,0
180,160,200,335,333,3.47,155,3,31,0
180,160,200,335,342,3.47,155,3,31,0
180,160,200,335,351,3.47,155,3,31,0
180,160,200,335,360,3.47,155,3,31,0
180,160,200,335,369,3.47,155,3,31,0
180,160,200,335,378,3.47,155,3,31,0
180,160,200,335,387,3.47,155,3,31,0
180,160,200,335,396,3.47,155,3,31,0
180,160,200,335,405,3.47,155,3,31,0
180,160,200,335,414,3.47,155,3,31,0
180,160,200,335,423,3.47,155,3,31,0
180,160,200,335,432,3.47,155,3,31,0
180,160,200,335,441,3.47,155,3,32,0
180,160,200,335,450,3.47,155,4,32,0
180,160,200,335,459,3.47,155,4,32,0
180,160,200,335,468,3.47,155,4,32,0
180,160,200,335,477,3.47,155,4,32,0
180,160,200,335,486,3.47,155,4,32,0
180,160,200,335,495,3.47,155,4,32,0
180,160,200,335,504,3.47,155,4,32,0
180,160,200,335,513,3.47,155,4,32,0
180,160,200,307,495,3.73,127,4,32,0
180,160,200,307,507,3.73,127,4,32,0
180,160,200,307,519,3.73,127,4,32,0
180,160,200,307,531,3.73,127,4,32,0
180,160,200,307,543,3.73,127,4,32,0
180,160,200,307,555,3.73,127,4,32,0
180,160,200,307,567,3.73,127,4,32,0
180,160,200,307,579,3.73,127,4,32,0
180,160,200,307,591,3.73,127,5,32,0
180,160,200,307,603,3.73,127,5,32,0
180,160,200,307,615,3.73,127,5,32,0
180,160,200,307,627,3.73,127,5,33,0
180,160,200,84,439,4.19,-96,5,33,0
180,160,200,84,451,4.19,-96,5,33,0
180,160,200,84,463,4.19,-96,3,33,0
180,160,200,84,475,4.19,-96,3,33,0
180,160,200,84,487,4.19,-96,3,33,0
180,160,200,84,499,4.19,-96,3,33,0
180,160,200,84,511,4.19,-96,3,33,0
180,160,200,84,523,4.19,-96,3,33,0
180,160,200,84,535,4.19,-96,3,33,0
180,160,200,84,547,4.19,-96,3,33,0
180,160,200,84,559,4.19,-96,3,33,0
180,160,200,84,571,4.19,-96,3,33,0
180,160,200,84,583,4.19,-96,3,33,0
180,160,200,84,595,4.19,-96,4,33,0
180,160,200,84,607,4.19,-96,4,33,0
180,160,200,84,619,4.19,-96,4,33,0
180,160,200,84,631,4.19,-96,4,33,0
180,160,200,84,643,4.19,-96,4,33,0
180,160,200,335,455,4.13,155,3,33,0
180,160,200,335,467,4.13,155,3,34,0
180,160,200,335,479,4.13,155,3,34,0
180,160,200,335,491,4.13,155,3,34,0
180,160,200,335,503,4.13,155,3,34,0
180,160,200,335,515,4.13,155,3,34,0
180,160,200,335,527,4.13,155,3,34,0
180,160,200,335,539,4.13,155,3,34,0
180,160,200,335,551,4.13,155,3,34,0
180,160,200,335,563,4.13,155,3,34,0
180,160,200,335,575,4.13,155,3,34,0
180,160,200,335,587,4.13,155,4,34,0
180,160,200,335,599,4.13,155,4,34,0
180,160,200,335,611,4.13,155,4,34,0
180,160,200,335,623,4.13,155,4,34,0
180,160,200,335,635,4.13,155,4,34,0
180,160,200,335,647,4.13,155,4,34,0
180,160,200,12,457,4.44,-168,3,34,0
180,160,200,12,469,4.44,-168,3,34,0
180,160,200,12,481,4.44,-168,3,34,0
180,160,200,12,493,4.44,-168,3,34,0
180,160,200,12,505,4.44,-168,3,35,0
180,160,200,12,517,4.44,-168,3,35,0
180,160,200,12,529,4.44,-168,3,35,0
180,160,200,12,541,4.44,-168,3,35,0
180,160,200,12,553,4.44,-168,3,35,0
180,160,200,12,565,4.44,-168,3,35,0
180,160,200,12,577,4.44,-168,4,35,0
180,160,200,12,589,4.44,-168,4,35,0
180,160,200,12,601,4.44,-168,4,35,0
180,160,200,12,613,4.44,-168,4,35,0
180,160,200,12,625,4.44,-168,4,35,0
180,160,200,12,637,4.44,-168,4,35,0
180,160,200,12,649,4.44,-168,4,35,0
180,160,200,263,350,3.44,83,3,35,0
180,160,200,263,359,3.44,83,3,35,0
180,160,200,263,368,3.44,83,3,35,0
180,160,200,263,377,3.44,83,3,35,0
180,160,200,263,386,3.44,83,3,35,0
180,160,200,263,395,3.44,83,3,35,0
180,160,200,263,404,3.44,83,3,35,0
180,160,200,263,413,3.44,83,3,36,0
180,160,200,263,422,3.44,83,3,36,0
180,160,200,263,431,3.44,83,4,36,0
180,160,200,263,440,3.44,83,4,36,0
180,160,200,263,449,3.44,83,4,36,0
180,160,200,263,458,3.44,83,4,36,0
180,160,200,263,467,3.44,83,4,36,0
180,160,200,263,476,3.44,83,4,36,0
180,160,200,263,485,3.44,83,4,36,0
180,160,200,263,494,3.44,83,4,36,0
180,160,200,263,503,3.44,83,4,36,0
180,160,200,263,512,3.44,83,4,36,0
180,160,200,263,521,3.44,83,4,36,0
180,160,200,263,530,3.44,83,4,36,0
180,160,200,263,539,3.44,83,4,36,0
180,160,200,263,548,3.44,83,4,36,0
180,160,200,263,557,3.44,83,4,36,0
175,155,205,263,566,3.44,88,4,36,-1
160,140,220,263,575,3.44,103,5,36,-1
145,125,235,263,584,3.44,118,5,36,-1
130,110,250,263,593,3.44,133,5,37,-1
125,105,255,263,602,3.44,138,5,37,0
125,105,255,283,532,4.58,158,5,37,0
125,105,255,283,547,4.58,158,5,37,0
125,105,255,283,562,4.58,158,5,37,0
125,105,255,283,577,4.58,158,4,37,0
125,105,255,283,592,4.58,158,4,37,0
125,105,255,283,607,4.58,158,3,37,0
125,105,255,283,622,4.58,158,3,37,0
125,105,255,283,637,4.58,158,3,37,0
125,105,255,283,652,4.58,158,3,37,0
125,105,255,66,344,4.0,-59,2,37,0
125,105,255,66,356,4.0,-59,2,37,0
125,105,255,66,368,4.0,-59,2,37,0
125,105,255,66,380,4.0,-59,3,37,0
125,105,255,66,392,4.0,-59,3,37,0
125,105,255,66,404,4.0,-59,3,37,0
125,105,255,66,416,4.0,-59,3,37,0
125,105,255,66,428,4.0,-59,3,37,0
125,105,255,66,440,4.0,-59,3,37,0
125,105,255,66,452,4.0,-59,3,38,0
125,105,255,66,464,4.0,-59,3,38,0
125,105,255,66,476,4.0,-59,3,38,0
125,105,255,66,488,4.0,-59,3,38,0
125,105,255,66,500,4.0,-59,3,38,0
125,105,255,66,512,4.0,-59,3,38,0
125,105,255,66,524,4.0,-59,3,38,0
125,105,255,66,536,4.0,-59,3,38,0
125,105,255,66,548,4.0,-59,3,38,0
125,105,255,66,560,4.0,-59,3,38,0
125,105,255,66,572,4.0,-59,4,38,0
125,105,255,66,584,4.0,-59,4,38,0
125,105,255,66,596,4.0,-59,4,38,0
125,105,255,66,608,4.0,-59,4,38,0
125,105,255,122,428,4.18,-3,4,38,0
125,105,255,122,440,4.18,-3,4,38,0
125,105,255,122,452,4.18,-3,4,38,0
125,105,255,122,464,4.18,-3,3,38,0
135,115,245,122,476,4.18,-13,3,38,1
150,130,230,122,488,4.18,-28,3,38,1
165,145,215,122,500,4.18,-43,3,39,1
180,160,200,122,512,4.18,-58,3,39,1
185,165,195,122,524,4.18,-63,3,39,0
185,165,195,122,536,4.18,-63,3,39,0
185,165,195,122,548,4.18,-63,3,39,0
185,165,195,122,560,4.18,-63,3,39,0
185,165,195,122,572,4.18,-63,4,39,0
185,165,195,122,584,4.18,-63,4,39,0
185,165,195,122,596,4.18,-63,4,39,0
185,165,195,122,608,4.18,-63,4,39,0
185,165,195,122,620,4.18,-63,4,39,0
185,165,195,122,632,4.18,-63,4,39,0
185,165,195,122,644,4.18,-63,4,39,0
185,165,195,252,459,3.96,67,3,39,0
185,165,195,252,471,3.96,67,3,39,0
185,165,195,252,483,3.96,67,3,39,0
185,165,195,252,495,3.96,67,3,39,0
185,165,195,252,507,3.96,67,3,39,0
185,165,195,252,519,3.96,67,3,39,0
185,165,195,252,531,3.96,67,3,39,0
185,165,195,252,543,3.96,67,3,40,0
185,165,195,252,555,3.96,67,3,40,0
185,165,195,252,567,3.96,67,4,40,0
185,165,195,252,579,3.96,67,4,40,0
185,165,195,252,591,3.96,67,4,40,0
185,165,195,252,603,3.96,67,4,40,0
185,165,195,252,615,3.96,67,4,40,0
190,170,190,192,437,4.1,2,4,40,1
205,185,175,192,449,4.1,-13,4,40,1
220,200,160,192,461,4.1,-28,4,40,1
235,215,145,192,473,4.1,-43,3,40,1
250,230,130,192,485,4.1,-58,3,40,1
265,245,115,192,497,4.1,-73,3,40,1
265,245,115,192,509,4.1,-73,3,40,0
265,245,115,192,521,4.1,-73,3,40,0
265,245,115,192,533,4.1,-73,3,40,0
265,245,115,192,545,4.1,-73,3,40,0
265,245,115,192,557,4.1,-73,4,40,0
265,245,115,192,569,4.1,-73,4,40,0
265,245,115,192,581,4.1,-73,4,40,0
265,245,115,192,593,4.1,-73,4,41,0
265,245,115,192,605,4.1,-73,4,41,0
265,245,115,192,617,4.1,-73,4,41,0
265,245,115,192,629,4.1,-73,4,41,0
265,245,115,192,641,4.1,-73,4,41,0
265,245,115,252,351,4.89,-13,3,41,0
265,245,115,252,366,4.89,-13,3,41,0
265,245,115,252,381,4.89,-13,3,41,0
265,245,115,252,396,4.89,-13,3,41,0
265,245,115,252,411,4.89,-13,3,41,0
265,245,115,252,426,4.89,-13,2,41,0
265,245,115,252,441,4.89,-13,2,41,0
265,245,115,252,456,4.89,-13,2,41,0
265,245,115,252,471,4.89,-13,3,41,0
280,260,100,252,486,4.89,-28,3,41,1
295,275,85,252,501,4.89,-43,3,41,1
310,290,70,252,516,4.89,-58,3,41,1
325,305,55,252,531,4.89,-73,3,41,1
325,305,55,252,546,4.89,-73,3,41,0
325,305,55,252,561,4.89,-73,3,41,0
325,305,55,252,576,4.89,-73,3,42,0
325,305,55,252,591,4.89,-73,3,42,0
325,305,55,252,606,4.89,-73,3,42,0
325,305,55,252,621,4.89,-73,3,42,0
325,305,55,252,636,4.89,-73,3,42,0
325,305,55,57,412,4.94,-268,2,42,0
325,305,55,57,427,4.94,-268,2,42,0
325,305,55,57,442,4.94,-268,2,42,0
325,305,55,57,457,4.94,-268,3,42,0
325,305,55,57,472,4.94,-268,3,42,0
325,305,55,57,487,4.94,-268,3,42,0
325,305,55,57,502,4.94,-268,3,42,0
325,305,55,57,517,4.94,-268,3,42,0
325,305,55,57,532,4.94,-268,3,42,0
325,305,55,57,547,4.94,-268,3,42,0
325,305,55,57,562,4.94,-268,3,42,0
325,305,55,57,577,4.94,-268,3,42,0
325,305,55,57,592,4.94,-268,3,42,0
325,305,55,57,607,4.94,-268,3,42,0
325,305,55,57,622,4.94,-268,3,42,0
325,305,55,57,637,4.94,-268,3,43,0
325,305,55,57,652,4.94,-268,3,43,0
325,305,55,13,431,4.98,-312,2,43,0
325,305,55,13,446,4.98,-312,2,43,0
325,305,55,13,461,4.98,-312,3,43,0
325,305,55,13,476,4.98,-312,3,43,0
325,305,55,13,491,4.98,-312,3,43,0
325,305,55,13,506,4.98,-312,3,43,0
325,305,55,13,521,4.98,-312,3,43,0
325,305,55,13,536,4.98,-312,3,43,0
325,305,55,13,551,4.98,-312,3,43,0
325,305,55,13,566,4.98,-312,3,43,0
325,305,55,13,581,4.98,-312,3,43,0
325,305,55,13,596,4.98,-312,3,43,0
325,305,55,13,611,4.98,-312,3,43,0
325,305,55,13,626,4.98,-312,3,43,0
325,305,55,149,330,3.97,-176,3,43,0
325,305,55,149,342,3.97,-176,2,43,0
325,305,55,149,354,3.97,-176,2,43,0
325,305,55,149,366,3.97,-176,3,43,0
325,305,55,149,378,3.97,-176,3,44,0
325,305,55,149,390,3.97,-176,3,44,0
325,305,55,149,402,3.97,-176,3,44,0
325,305,55,149,414,3.97,-176,3,44,0
325,305,55,149,426,3.97,-176,3,44,0
325,305,55,149,438,3.97,-176,3,44,0
325,305,55,149,450,3.97,-176,3,44,0
325,305,55,149,462,3.97,-176,3,44,0
325,305,55,149,474,3.97,-176,3,44,0
325,305,55,149,486,3.97,-176,3,44,0
325,305,55,149,498,3.97,-176,3,44,0
325,305,55,149,510,3.97,-176,3,44,0
325,305,55,149,522,3.97,-176,3,44,0
325,305,55,149,534,3.97,-176,3,44,0
325,305,55,149,546,3.97,-176,4,44,0
325,305,55,149,558,3.97,-176,4,44,0
325,305,55,149,570,3.97,-176,4,44,0
325,305,55,149,582,3.97,-176,4,44,0
325,305,55,263,405,4.01,-62,4,44,0
325,305,55,263,417,4.01,-62,4,44,0
325,305,55,263,429,4.01,-62,4,45,0
325,305,55,263,441,4.01,-62,4,45,0
325,305,55,263,453,4.01,-62,4,45,0
325,305,55,263,465,4.01,-62,3,45,0
325,305,55,263,477,4.01,-62,3,45,0
325,305,55,263,489,4.01,-62,3,45,0
325,305,55,263,501,4.01,-62,3,45,0
325,305,55,263,513,4.01,-62,3,45,0
325,305,55,263,525,4.01,-62,3,45,0
325,305,55,263,537,4.01,-62,4,45,0
325,305,55,263,549,4.01,-62,4,45,0
325,305,55,263,561,4.01,-62,4,45,0
325,305,55,263,573,4.01,-62,4,45,0
325,305,55,263,585,4.01,-62,4,45,0
325,305,55,263,597,4.01,-62,4,45,0
325,305,55,263,609,4.01,-62,4,45,0
325,305,55,263,621,4.01,-62,4,45,0
325,305,55,286,454,3.65,-39,4,45,0
325,305,55,286,466,3.65,-39,4,45,0
325,305,55,286,478,3.65,-39,3,45,0
325,305,55,286,490,3.65,-39,3,46,0
330,310,50,286,502,3.65,-44,3,46,1
345,325,35,286,514,3.65,-59,3,46,1
360,340,20,286,526,3.65,-74,3,46,1
360,340,20,286,538,3.65,-74,4,46,0
360,340,20,286,550,3.65,-74,4,46,0
360,340,20,286,562,3.65,-74,4,46,0
360,340,20,286,574,3.65,-74,4,46,0
360,340,20,286,586,3.65,-74,4,46,0
360,340,20,286,598,3.65,-74,4,46,0
360,340,20,286,610,3.65,-74,4,46,0
360,340,20,286,622,3.65,-74,4,46,0
360,340,20,286,634,3.65,-74,4,46,0
360,340,20,286,646,3.65,-74,4,46,0
360,340,20,380,372,4.73,20,3,46,0
360,340,20,380,387,4.73,20,3,46,0
360,340,20,380,402,4.73,20,3,46,0
360,340,20,380,417,4.73,20,3,46,0
360,340,20,380,432,4.73,20,2,46,0
360,340,20,380,447,4.73,20,3,46,0
345,325,35,380,462,4.73,35,3,47,-1
330,310,50,380,477,4.73,50,3,47,-1
315,295,65,380,492,4.73,65,3,47,-1
305,285,75,380,507,4.73,75,3,47,0
305,285,75,380,522,4.73,75,3,47,0
305,285,75,380,537,4.73,75,3,47,0
305,285,75,380,552,4.73,75,3,47,0
305,285,75,380,567,4.73,75,3,47,0
305,285,75,380,582,4.73,75,3,47,0
305,285,75,380,597,4.73,75,3,47,0
305,285,75,380,612,4.73,75,3,47,0
305,285,75,380,627,4.73,75,3,47,0
305,285,75,380,642,4.73,75,3,47,0
305,285,75,200,202,4.94,-105,2,47,0
305,285,75,200,217,4.94,-105,3,47,0
305,285,75,200,232,4.94,-105,3,47,0
305,285,75,200,247,4.94,-105,3,47,0
305,285,75,200,262,4.94,-105,3,47,0
305,285,75,200,277,4.94,-105,3,47,0
305,285,75,200,292,4.94,-105,3,47,0
305,285,75,200,307,4.94,-105,3,48,0
305,285,75,200,322,4.94,-105,3,48,0
305,285,75,200,337,4.94,-105,3,48,0
305,285,75,200,352,4.94,-105,3,48,0
305,285,75,200,367,4.94,-105,3,48,0
305,285,75,200,382,4.94,-105,3,48,0
305,285,75,200,397,4.94,-105,3,48,0
305,285,75,200,412,4.94,-105,3,48,0
305,285,75,200,427,4.94,-105,3,48,0
305,285,75,200,442,4.94,-105,4,48,0
305,285,75,200,457,4.94,-105,4,48,0
305,285,75,200,472,4.94,-105,4,48,0
305,285,75,200,487,4.94,-105,4,48,0
305,285,75,200,502,4.94,-105,4,48,0
305,285,75,200,517,4.94,-105,4,48,0
305,285,75,200,532,4.94,-105,4,48,0
305,285,75,200,547,4.94,-105,4,48,0
305,285,75,200,562,4.94,-105,4,48,0
305,285,75,200,577,4.94,-105,4,48,0
305,285,75,200,592,4.94,-105,3,48,0
305,285,75,200,607,4.94,-105,3,49,0
305,285,75,200,622,4.94,-105,3,49,0
305,285,75,200,637,4.94,-105,3,49,0
305,285,75,262,337,3.81,-43,2,49,0
305,285,75,262,349,3.81,-43,3,49,0
305,285,75,262,361,3.81,-43,3,49,0
305,285,75,262,373,3.81,-43,3,49,0
305,285,75,262,385,3.81,-43,3,49,0
305,285,75,262,397,3.81,-43,3,49,0
305,285,75,262,409,3.81,-43,3,49,0
305,285,75,262,421,3.81,-43,3,49,0
305,285,75,262,433,3.81,-43,3,49,0
305,285,75,262,445,3.81,-43,3,49,0
305,285,75,262,457,3.81,-43,3,49,0
305,285,75,262,469,3.81,-43,3,49,0
305,285,75,262,481,3.81,-43,3,49,0
305,285,75,262,493,3.81,-43,3,49,0
305,285,75,262,505,3.81,-43,3,49,0
305,285,75,262,517,3.81,-43,4,49,0
305,285,75,262,529,3.81,-43,4,49,0
305,285,75,262,541,3.81,-43,4,50,0
305,285,75,262,553,3.81,-43,4,50,0
305,285,75,262,565,3.81,-43,4,50,0
305,285,75,262,577,3.81,-43,4,50,0
305,285,75,262,589,3.81,-43,4,50,0
305,285,75,262,601,3.81,-43,4,50,0
305,285,75,262,613,3.81,-43,4,50,0
305,285,75,262,625,3.81,-43,4,50,0
305,285,75,262,637,3.81,-43,4,50,0
305,285,75,262,649,3.81,-43,4,50,0
305,285,75,39,612,4.83,-266,3,50,0
305,285,75,39,627,4.83,-266,3,50,0
305,285,75,39,642,4.83,-266,3,50,0
305,285,75,35,441,5.1,-270,3,50,0
305,285,75,35,456,5.1,-270,3,50,0
305,285,75,35,471,5.1,-270,3,50,0
305,285,75,35,486,5.1,-270,3,50,0
305,285,75,35,501,5.1,-270,3,50,0
305,285,75,35,516,5.1,-270,3,50,0
305,285,75,35,531,5.1,-270,3,50,0
305,285,75,35,546,5.1,-270,3,51,0
305,285,75,35,561,5.1,-270,3,51,0
305,285,75,211,353,4.71,-94,3,51,0
305,285,75,211,368,4.71,-94,3,51,0
305,285,75,211,383,4.71,-94,3,51,0
305,285,75,211,398,4.71,-94,3,51,0
305,285,75,211,413,4.71,-94,3,51,0
305,285,75,211,428,4.71,-94,3,51,0
305,285,75,211,443,4.71,-94,3,51,0
305,285,75,211,458,4.71,-94,3,51,0
305,285,75,211,473,4.71,-94,3,51,0
305,285,75,211,488,4.71,-94,3,51,0
305,285,75,211,503,4.71,-94,3,51,0
305,285,75,211,518,4.71,-94,3,51,0
305,285,75,211,533,4.71,-94,3,51,0
305,285,75,211,548,4.71,-94,3,51,0
305,285,75,211,563,4.71,-94,3,51,0
305,285,75,211,578,4.71,-94,3,51,0
305,285,75,211,593,4.71,-94,3,51,0
305,285,75,211,608,4.71,-94,3,51,0
305,285,75,211,623,4.71,-94,3,52,0
305,285,75,211,638,4.71,-94,3,52,0
305,285,75,305,342,4.34,0,3,52,0
305,285,75,305,354,4.34,0,3,52,0
305,285,75,305,366,4.34,0,3,52,0
305,285,75,305,378,4.34,0,3,52,0
305,285,75,305,390,4.34,0,3,52,0
305,285,75,305,402,4.34,0,3,52,0
305,285,75,305,414,4.34,0,3,52,0
305,285,75,305,426,4.34,0,3,52,0
305,285,75,305,438,4.34,0,3,52,0
300,280,80,305,450,4.34,5,3,52,-1
285,265,95,305,462,4.34,20,3,52,-1
270,250,110,305,474,4.34,35,3,52,-1
255,235,125,305,486,4.34,50,3,52,-1
240,220,140,305,498,4.34,65,3,52,-1
225,205,155,305,510,4.34,80,4,52,-1
210,190,170,305,522,4.34,95,4,52,-1
195,175,185,305,534,4.34,110,4,52,-1
195,175,185,305,546,4.34,110,4,52,0
195,175,185,305,558,4.34,110,4,53,0
195,175,185,305,570,4.34,110,4,53,0
195,175,185,305,582,4.34,110,4,53,0
195,175,185,305,594,4.34,110,4,53,0
195,175,185,305,606,4.34,110,4,53,0
195,175,185,305,618,4.34,110,4,53,0
195,175,185,275,464,4.35,80,4,53,0
195,175,185,275,476,4.35,80,4,53,0
195,175,185,275,488,4.35,80,3,53,0
195,175,185,275,500,4.35,80,3,53,0
195,175,185,275,512,4.35,80,4,53,0
195,175,185,275,524,4.35,80,4,53,0
195,175,185,275,536,4.35,80,4,53,0
195,175,185,275,548,4.35,80,4,53,0
195,175,185,275,560,4.35,80,4,53,0
195,175,185,275,572,4.35,80,4,53,0
195,175,185,275,584,4.35,80,4,53,0
195,175,185,275,596,4.35,80,4,53,0
195,175,185,275,608,4.35,80,4,53,0
195,175,185,275,620,4.35,80,4,53,0
195,175,185,275,632,4.35,80,4,54,0
195,175,185,275,644,4.35,80,4,54,0
195,175,185,309,483,3.91,114,3,54,0
195,175,185,309,495,3.91,114,3,54,0
195,175,185,309,507,3.91,114,4,54,0
195,175,185,309,519,3.91,114,4,54,0
195,175,185,309,531,3.91,114,4,54,0
195,175,185,309,543,3.91,114,4,54,0
195,175,185,309,555,3.91,114,4,54,0
195,175,185,309,567,3.91,114,4,54,0
195,175,185,309,579,3.91,114,4,54,0
195,175,185,294,521,4.81,99,4,54,0
195,175,185,294,536,4.81,99,4,54,0
195,175,185,294,551,4.81,99,4,54,0
195,175,185,294,566,4.81,99,4,54,0
195,175,185,294,581,4.81,99,4,54,0
195,175,185,294,596,4.81,99,3,54,0
195,175,185,294,611,4.81,99,3,54,0
195,175,185,294,626,4.81,99,4,54,0
195,175,185,263,429,4.98,68,4,54,0
195,175,185,263,444,4.98,68,3,55,0
195,175,185,263,459,4.98,68,3,55,0
195,175,185,263,474,4.98,68,3,55,0
195,175,185,263,489,4.98,68,3,55,0
195,175,185,263,504,4.98,68,3,55,0
195,175,185,263,519,4.98,68,3,55,0
195,175,185,263,534,4.98,68,3,55,0
180,160,200,263,549,4.98,83,3,55,-1
165,145,215,263,564,4.98,98,3,55,-1
150,130,230,263,579,4.98,113,3,55,-1
145,125,235,263,594,4.98,118,3,55,0
145,125,235,263,609,4.98,118,3,55,0
145,125,235,263,624,4.98,118,4,55,0
145,125,235,263,639,4.98,118,4,55,0
145,125,235,227,353,4.38,82,3,55,0
145,125,235,227,365,4.38,82,3,55,0
145,125,235,227,377,4.38,82,3,55,0
145,125,235,227,389,4.38,82,3,55,0
145,125,235,227,401,4.38,82,3,55,0
145,125,235,227,413,4.38,82,3,55,0
145,125,235,227,425,4.38,82,3,56,0
145,125,235,227,437,4.38,82,3,56,0
145,125,235,227,449,4.38,82,3,56,0
145,125,235,227,461,4.38,82,3,56,0
145,125,235,227,473,4.38,82,3,56,0
145,125,235,227,485,4.38,82,3,56,0
145,125,235,227,497,4.38,82,4,56,0
145,125,235,227,509,4.38,82,4,56,0
145,125,235,227,521,4.38,82,4,56,0
145,125,235,227,533,4.38,82,4,56,0
145,125,235,227,545,4.38,82,4,56,0
145,125,235,227,557,4.38,82,4,56,0
145,125,235,227,569,4.38,82,4,56,0
145,125,235,227,581,4.38,82,4,56,0
145,125,235,227,593,4.38,82,4,56,0
145,125,235,227,605,4.38,82,4,56,0
145,125,235,227,617,4.38,82,4,56,0
145,125,235,227,629,4.38,82,4,56,0
145,125,235,227,641,4.38,82,4,56,0
145,125,235,153,396,5.21,8,3,56,0
145,125,235,153,411,5.21,8,4,57,0
145,125,235,153,426,5.21,8,4,57,0
140,120,240,153,441,5.21,13,4,57,-1
125,105,255,153,456,5.21,28,4,57,-1
110,90,270,153,471,5.21,43,4,57,-1
95,75,285,153,486,5.21,58,4,57,-1
80,60,300,153,501,5.21,73,4,57,-1
75,55,305,153,516,5.21,78,4,57,0
75,55,305,153,531,5.21,78,4,57,0
75,55,305,153,546,5.21,78,4,57,0
75,55,305,153,561,5.21,78,4,57,0
75,55,305,153,576,5.21,78,4,57,0
75,55,305,153,591,5.21,78,4,57,0
75,55,305,153,606,5.21,78,3,57,0
75,55,305,153,621,5.21,78,4,57,0
75,55,305,153,636,5.21,78,4,57,0
75,55,305,153,651,5.21,78,4,57,0
75,55,305,356,458,4.67,281,3,57,0
75,55,305,356,473,4.67,281,3,57,0
75,55,305,356,488,4.67,281,3,57,0
75,55,305,356,503,4.67,281,3,58,0
75,55,305,356,518,4.67,281,3,58,0
75,55,305,356,533,4.67,281,3,58,0
75,55,305,356,548,4.67,281,3,58,0
75,55,305,168,353,4.82,93,3,58,0
75,55,305,168,368,4.82,93,3,58,0
75,55,305,168,383,4.82,93,3,58,0
75,55,305,168,398,4.82,93,3,58,0
75,55,305,168,413,4.82,93,4,58,0
75,55,305,168,428,4.82,93,4,58,0
75,55,305,168,443,4.82,93,3,58,0
75,55,305,168,458,4.82,93,3,58,0
75,55,305,168,473,4.82,93,3,58,0
75,55,305,168,488,4.82,93,3,58,0
75,55,305,168,503,4.82,93,3,58,0
75,55,305,168,518,4.82,93,3,58,0
75,55,305,168,533,4.82,93,3,58,0
75,55,305,168,548,4.82,93,3,58,0
75,55,305,168,563,4.82,93,3,58,0
75,55,305,168,578,4.82,93,3,58,0
75,55,305,168,593,4.82,93,3,59,0
75,55,305,168,608,4.82,93,4,59,0
75,55,305,168,623,4.82,93,4,59,0
75,55,305,140,435,4.66,65,4,59,0
75,55,305,140,450,4.66,65,3,59,0
75,55,305,140,465,4.66,65,3,59,0
75,55,305,140,480,4.66,65,3,59,0
75,55,305,140,495,4.66,65,3,59,0
75,55,305,140,510,4.66,65,3,59,0
75,55,305,140,525,4.66,65,3,59,0
60,40,320,140,540,4.66,80,3,59,-1
45,25,335,140,555,4.66,95,3,59,-1
30,10,350,140,570,4.66,110,3,59,-1
20,0,360,140,585,4.66,120,3,59,0
20,0,360,140,600,4.66,120,3,59,0
20,0,360,140,615,4.66,120,4,59,0
20,0,360,140,630,4.66,120,4,59,0
20,0,360,140,645,4.66,120,4,59,0
20,0,360,107,359,4.4,87,3,59,0
20,0,360,107,371,4.4,87,3,59,0
20,0,360,107,383,4.4,87,3,60,0
20,0,360,107,395,4.4,87,3,60,0
20,0,360,107,407,4.4,87,3,60,0
20,0,360,107,419,4.4,87,3,60,0
20,0,360,107,431,4.4,87,3,60,0
20,0,360,107,443,4.4,87,3,60,0
20,0,360,107,455,4.4,87,3,60,0
20,0,360,107,467,4.4,87,3,60,0
20,0,360,107,479,4.4,87,4,60,0
20,0,360,107,491,4.4,87,4,60,0
20,0,360,107,503,4.4,87,4,60,0
20,0,360,107,515,4.4,87,4,60,0
20,0,360,107,527,4.4,87,4,60,0
20,0,360,107,539,4.4,87,4,60,0
20,0,360,107,551,4.4,87,4,60,0
20,0,360,107,563,4.4,87,4,60,0
20,0,360,107,575,4.4,87,4,60,0
20,0,360,107,587,4.4,87,4,60,0
20,0,360,107,599,4.4,87,4,60,0
20,0,360,107,611,4.4,87,4,60,0
20,0,360,107,623,4.4,87,4,61,0
20,0,360,107,635,4.4,87,4,61,0
20,0,360,107,647,4.4,87,5,61,0
20,0,360,206,419,5.39,186,4,61,0
20,0,360,206,434,5.39,186,4,61,0
20,0,360,206,449,5.39,186,4,61,0
20,0,360,206,464,5.39,186,4,61,0
20,0,360,206,479,5.39,186,4,61,0
20,0,360,206,494,5.39,186,4,61,0
20,0,360,206,509,5.39,186,4,61,0
20,0,360,206,524,5.39,186,4,61,0
20,0,360,206,539,5.39,186,4,61,0
20,0,360,206,554,5.39,186,4,61,0
20,0,360,206,569,5.39,186,4,61,0
20,0,360,206,584,5.39,186,4,61,0
20,0,360,206,599,5.39,186,5,61,0
20,0,360,206,614,5.39,186,4,61,0
20,0,360,51,342,4.01,31,4,61,0
20,0,360,51,354,4.01,31,4,61,0
20,0,360,51,366,4.01,31,3,61,0
20,0,360,51,378,4.01,31,3,62,0
20,0,360,51,390,4.01,31,3,62,0
20,0,360,51,402,4.01,31,3,62,0
20,0,360,51,414,4.01,31,3,62,0
20,0,360,51,426,4.01,31,3,62,0
25,5,355,51,438,4.01,26,3,62,1
40,20,340,51,450,4.01,11,3,62,1
55,35,325,51,462,4.01,-4,3,62,1
70,50,310,51,474,4.01,-19,4,62,1
85,65,295,51,486,4.01,-34,4,62,1
100,80,280,51,498,4.01,-49,4,62,1
105,85,275,51,510,4.01,-54,4,62,0
105,85,275,51,522,4.01,-54,4,62,0
105,85,275,51,534,4.01,-54,4,62,0
105,85,275,51,546,4.01,-54,4,62,0
105,85,275,51,558,4.01,-54,4,62,0
105,85,275,51,570,4.01,-54,4,62,0
105,85,275,51,582,4.01,-54,4,62,0
105,85,275,51,594,4.01,-54,4,62,0
105,85,275,51,606,4.01,-54,4,62,0
105,85,275,51,618,4.01,-54,4,63,0
105,85,275,51,630,4.01,-54,5,63,0
105,85,275,51,642,4.01,-54,5,63,0
105,85,275,65,419,4.64,-40,4,63,0
105,85,275,65,434,4.64,-40,4,63,0
105,85,275,65,449,4.64,-40,4,63,0
105,85,275,65,464,4.64,-40,3,63,0
105,85,275,65,479,4.64,-40,3,63,0
105,85,275,65,494,4.64,-40,3,63,0
105,85,275,65,509,4.64,-40,3,63,0
105,85,275,65,524,4.64,-40,3,63,0
105,85,275,65,539,4.64,-40,3,63,0
105,85,275,65,554,4.64,-40,3,63,0
105,85,275,65,569,4.64,-40,3,63,0
105,85,275,65,584,4.64,-40,4,63,0
105,85,275,65,599,4.64,-40,4,63,0
105,85,275,65,614,4.64,-40,4,63,0
105,85,275,65,629,4.64,-40,4,63,0
105,85,275,65,644,4.64,-40,4,63,0
105,85,275,259,458,4.76,154,3,63,0
105,85,275,259,473,4.76,154,3,64,0
105,85,275,259,488,4.76,154,3,64,0
105,85,275,259,503,4.76,154,3,64,0
105,85,275,259,518,4.76,154,3,64,0
105,85,275,259,533,4.76,154,3,64,0
105,85,275,259,548,4.76,154,3,64,0
105,85,275,259,563,4.76,154,3,64,0
105,85,275,259,578,4.76,154,4,64,0
105,85,275,131,396,5.26,26,4,64,0
105,85,275,131,411,5.26,26,4,64,0
105,85,275,131,426,5.26,26,4,64,0
110,90,270,131,441,5.26,21,4,64,1
125,105,255,131,456,5.26,6,3,64,1
140,120,240,131,471,5.26,-9,3,64,1
155,135,225,131,486,5.26,-24,3,64,1
170,150,210,131,501,5.26,-39,3,64,1
185,165,195,131,516,5.26,-54,3,64,1
190,170,190,131,531,5.26,-59,3,64,0
190,170,190,131,546,5.26,-59,3,64,0
190,170,190,131,561,5.26,-59,3,64,0
190,170,190,131,576,5.26,-59,4,65,0
190,170,190,131,591,5.26,-59,4,65,0
190,170,190,131,606,5.26,-59,4,65,0
190,170,190,131,621,5.26,-59,4,65,0
190,170,190,131,636,5.26,-59,4,65,0
190,170,190,131,651,5.26,-59,4,65,0
190,170,190,74,476,5.22,-116,3,65,0
190,170,190,74,491,5.22,-116,3,65,0
190,170,190,74,506,5.22,-116,3,65,0
190,170,190,74,521,5.22,-116,3,65,0
190,170,190,74,536,5.22,-116,3,65,0
190,170,190,74,551,5.22,-116,3,65,0
190,170,190,74,566,5.22,-116,3,65,0
190,170,190,74,581,5.22,-116,4,65,0
190,170,190,74,596,5.22,-116,4,65,0
190,170,190,174,412,5.47,-16,4,65,0
190,170,190,174,427,5.47,-16,4,65,0
190,170,190,174,442,5.47,-16,4,65,0
205,185,175,174,457,5.47,-31,3,65,1
220,200,160,174,472,5.47,-46,3,65,1
235,215,145,174,487,5.47,-61,3,66,1
250,230,130,174,502,5.47,-76,3,66,1
265,245,115,174,517,5.47,-91,3,66,1
270,250,110,174,532,5.47,-96,3,66,0
270,250,110,174,547,5.47,-96,3,66,0
270,250,110,174,562,5.47,-96,3,66,0
270,250,110,174,577,5.47,-96,4,66,0
270,250,110,174,592,5.47,-96,4,66,0
270,250,110,174,607,5.47,-96,4,66,0
270,250,110,237,425,5.3,-33,4,66,0
270,250,110,237,440,5.3,-33,4,66,0
270,250,110,237,455,5.3,-33,4,66,0
270,250,110,237,470,5.3,-33,3,66,0
275,255,105,237,485,5.3,-38,3,66,1
290,270,90,237,500,5.3,-53,3,66,1
305,285,75,237,515,5.3,-68,3,66,1
320,300,60,237,530,5.3,-83,3,66,1
335,315,45,237,545,5.3,-98,3,66,1
340,320,40,237,560,5.3,-103,3,66,0
340,320,40,237,575,5.3,-103,4,66,0
340,320,40,237,590,5.3,-103,4,67,0
340,320,40,237,605,5.3,-103,4,67,0
340,320,40,237,620,5.3,-103,4,67,0
340,320,40,237,635,5.3,-103,4,67,0
340,320,40,251,460,4.71,-89,4,67,0
340,320,40,251,475,4.71,-89,3,67,0
340,320,40,251,490,4.71,-89,3,67,0
340,320,40,251,505,4.71,-89,3,67,0
340,320,40,251,520,4.71,-89,3,67,0
340,320,40,251,535,4.71,-89,3,67,0
340,320,40,251,550,4.71,-89,3,67,0
340,320,40,251,565,4.71,-89,4,67,0
340,320,40,251,580,4.71,-89,4,67,0
340,320,40,251,595,4.71,-89,4,67,0
340,320,40,339,418,4.84,-1,4,67,0
340,320,40,339,433,4.84,-1,4,67,0
330,310,50,339,448,4.84,9,4,67,-1
315,295,65,339,463,4.84,24,3,67,-1
300,280,80,339,478,4.84,39,3,67,-1
285,265,95,339,493,4.84,54,3,67,-1
270,250,110,339,508,4.84,69,3,68,-1
255,235,125,339,523,4.84,84,3,68,-1
255,235,125,339,538,4.84,84,3,68,0
255,235,125,339,553,4.84,84,3,68,0
255,235,125,339,568,4.84,84,4,68,0
255,235,125,339,583,4.84,84,4,68,0
255,235,125,339,598,4.84,84,4,68,0
255,235,125,238,421,5.48,-17,4,68,0
255,235,125,238,436,5.48,-17,4,68,0
255,235,125,238,451,5.48,-17,4,68,0
260,240,120,238,466,5.48,-22,3,68,1
275,255,105,238,481,5.48,-37,3,68,1
290,270,90,238,496,5.48,-52,3,68,1
305,285,75,238,511,5.48,-67,3,68,1
320,300,60,238,526,5.48,-82,3,68,1
330,310,50,238,541,5.48,-92,3,68,0
330,310,50,238,556,5.48,-92,3,68,0
330,310,50,238,571,5.48,-92,4,68,0
330,310,50,238,586,5.48,-92,4,68,0
330,310,50,238,601,5.48,-92,4,68,0
330,310,50,238,616,5.48,-92,4,69,0
330,310,50,238,631,5.48,-92,4,69,0
330,310,50,238,646,5.48,-92,4,69,0
330,310,50,215,474,5.0,-115,3,69,0
330,310,50,215,489,5.0,-115,3,69,0
330,310,50,215,504,5.0,-115,3,69,0
330,310,50,215,519,5.0,-115,3,69,0
330,310,50,215,534,5.0,-115,3,69,0
330,310,50,215,549,5.0,-115,3,69,0
330,310,50,215,564,5.0,-115,4,69,0
330,310,50,215,579,5.0,-115,4,69,0
330,310,50,215,594,5.0,-115,4,69,0
330,310,50,215,609,5.0,-115,4,69,0
330,310,50,215,624,5.0,-115,4,69,0
330,310,50,215,639,5.0,-115,4,69,0
330,310,50,381,333,5.53,51,3,69,0
330,310,50,381,351,5.53,51,3,69,0
330,310,50,381,369,5.53,51,3,69,0
330,310,50,381,387,5.53,51,3,69,0
330,310,50,381,405,5.53,51,3,69,0
330,310,50,381,423,5.53,51,3,70,0
330,310,50,381,441,5.53,51,4,70,0
330,310,50,381,459,5.53,51,4,70,0
330,310,50,381,477,5.53,51,4,70,0
330,310,50,381,495,5.53,51,4,70,0
330,310,50,381,513,5.53,51,4,70,0
330,310,50,381,531,5.53,51,4,70,0
330,310,50,381,549,5.53,51,4,70,0
330,310,50,381,567,5.53,51,3,70,0
330,310,50,381,585,5.53,51,3,70,0
330,310,50,381,603,5.53,51,3,70,0
330,310,50,381,621,5.53,51,3,70,0
330,310,50,381,639,5.53,51,3,70,0
330,310,50,280,429,5.63,-50,2,70,0
330,310,50,280,447,5.63,-50,3,70,0
330,310,50,280,465,5.63,-50,3,70,0
330,310,50,280,483,5.63,-50,3,70,0
330,310,50,280,501,5.63,-50,3,70,0
330,310,50,280,519,5.63,-50,3,70,0
330,310,50,280,537,5.63,-50,3,70,0
330,310,50,280,555,5.63,-50,3,71,0
330,310,50,280,573,5.63,-50,3,71,0
330,310,50,280,591,5.63,-50,3,71,0
330,310,50,280,609,5.63,-50,3,71,0
330,310,50,280,627,5.63,-50,3,71,0
330,310,50,280,645,5.63,-50,3,71,0
330,310,50,363,183,5.32,33,3,71,0
330,310,50,363,198,5.32,33,3,71,0
330,310,50,363,213,5.32,33,3,71,0
330,310,50,363,228,5.32,33,3,71,0
330,310,50,363,243,5.32,33,3,71,0
330,310,50,363,258,5.32,33,3,71,0
330,310,50,363,273,5.32,33,3,71,0
330,310,50,363,288,5.32,33,3,71,0
330,310,50,363,303,5.32,33,3,71,0
330,310,50,363,318,5.32,33,3,71,0
330,310,50,363,333,5.32,33,3,71,0
330,310,50,363,348,5.32,33,3,71,0
330,310,50,363,363,5.32,33,3,71,0
330,310,50,363,378,5.32,33,3,71,0
330,310,50,363,393,5.32,33,3,72,0
330,310,50,363,408,5.32,33,3,72,0
330,310,50,363,423,5.32,33,3,72,0
330,310,50,363,438,5.32,33,3,72,0
330,310,50,363,453,5.32,33,3,72,0
330,310,50,363,468,5.32,33,3,72,0
330,310,50,363,483,5.32,33,3,72,0
330,310,50,363,498,5.32,33,3,72,0
330,310,50,363,513,5.32,33,3,72,0
330,310,50,363,528,5.32,33,3,72,0
330,310,50,363,543,5.32,33,4,72,0
330,310,50,363,558,5.32,33,4,72,0
330,310,50,363,573,5.32,33,4,72,0
330,310,50,363,588,5.32,33,4,72,0
330,310,50,363,603,5.32,33,4,72,0
330,310,50,363,618,5.32,33,4,72,0
330,310,50,363,633,5.32,33,4,72,0
330,310,50,363,648,5.32,33,4,72,0
330,310,50,294,358,5.7,-36,3,72,0
330,310,50,294,376,5.7,-36,3,72,0
330,310,50,294,394,5.7,-36,3,73,0
330,310,50,294,412,5.7,-36,3,73,0
330,310,50,294,430,5.7,-36,4,73,0
330,310,50,294,448,5.7,-36,4,73,0
330,310,50,294,466,5.7,-36,4,73,0
330,310,50,294,484,5.7,-36,4,73,0
330,310,50,294,502,5.7,-36,4,73,0
330,310,50,294,520,5.7,-36,4,73,0
330,310,50,294,538,5.7,-36,4,73,0
330,310,50,294,556,5.7,-36,4,73,0
330,310,50,294,574,5.7,-36,3,73,0
330,310,50,294,592,5.7,-36,3,73,0
330,310,50,294,610,5.7,-36,3,73,0
330,310,50,294,628,5.7,-36,3,73,0
330,310,50,294,646,5.7,-36,4,73,0
330,310,50,46,368,5.25,-284,3,73,0
330,310,50,46,383,5.25,-284,3,73,0
330,310,50,181,266,5.72,-149,3,73,0
330,310,50,181,284,5.72,-149,3,73,0
330,310,50,181,302,5.72,-149,3,73,0
330,310,50,181,320,5.72,-149,3,74,0
330,310,50,181,338,5.72,-149,3,74,0
330,310,50,181,356,5.72,-149,3,74,0
330,310,50,181,374,5.72,-149,3,74,0
330,310,50,181,392,5.72,-149,3,74,0
330,310,50,181,410,5.72,-149,3,74,0
330,310,50,181,428,5.72,-149,4,74,0
330,310,50,181,446,5.72,-149,4,74,0
330,310,50,181,464,5.72,-149,4,74,0
330,310,50,181,482,5.72,-149,4,74,0
330,310,50,181,500,5.72,-149,4,74,0
330,310,50,181,518,5.72,-149,4,74,0
330,310,50,181,536,5.72,-149,4,74,0
330,310,50,181,554,5.72,-149,4,74,0
330,310,50,181,572,5.72,-149,3,74,0
330,310,50,181,590,5.72,-149,3,74,0
330,310,50,181,608,5.72,-149,3,74,0
330,310,50,181,626,5.72,-149,3,74,0
330,310,50,362,356,5.16,32,4,74,0
330,310,50,362,371,5.16,32,3,74,0
330,310,50,362,386,5.16,32,3,75,0
330,310,50,362,401,5.16,32,3,75,0
330,310,50,362,416,5.16,32,3,75,0
330,310,50,362,431,5.16,32,3,75,0
330,310,50,362,446,5.16,32,3,75,0
330,310,50,362,461,5.16,32,3,75,0
320,300,60,362,476,5.16,42,3,75,-1
305,285,75,362,491,5.16,57,3,75,-1
290,270,90,362,506,5.16,72,3,75,-1
290,270,90,362,521,5.16,72,3,75,0
290,270,90,362,536,5.16,72,4,75,0
290,270,90,362,551,5.16,72,4,75,0
290,270,90,362,566,5.16,72,4,75,0
290,270,90,362,581,5.16,72,4,75,0
290,270,90,362,596,5.16,72,4,75,0
290,270,90,362,611,5.16,72,4,75,0
290,270,90,362,626,5.16,72,4,75,0
290,270,90,362,641,5.16,72,4,75,0
290,270,90,66,472,4.71,-224,3,75,0
290,270,90,66,487,4.71,-224,3,75,0
290,270,90,66,502,4.71,-224,3,76,0
290,270,90,66,517,4.71,-224,3,76,0
290,270,90,66,532,4.71,-224,4,76,0
290,270,90,66,547,4.71,-224,4,76,0
290,270,90,66,562,4.71,-224,4,76,0
290,270,90,66,577,4.71,-224,4,76,0
290,270,90,66,592,4.71,-224,4,76,0
290,270,90,66,607,4.71,-224,4,76,0
290,270,90,66,622,4.71,-224,4,76,0
290,270,90,93,458,5.02,-197,4,76,0
290,270,90,93,473,5.02,-197,4,76,0
290,270,90,93,488,5.02,-197,3,76,0
290,270,90,93,503,5.02,-197,3,76,0
290,270,90,93,518,5.02,-197,4,76,0
290,270,90,93,533,5.02,-197,4,76,0
290,270,90,93,548,5.02,-197,4,76,0
290,270,90,93,563,5.02,-197,4,76,0
290,270,90,93,578,5.02,-197,4,76,0
290,270,90,93,593,5.02,-197,4,76,0
290,270,90,93,608,5.02,-197,4,76,0
290,270,90,93,623,5.02,-197,4,77,0
290,270,90,209,368,4.45,-81,4,77,0
290,270,90,209,380,4.45,-81,3,77,0
290,270,90,209,392,4.45,-81,3,77,0
290,270,90,209,404,4.45,-81,3,77,0
290,270,90,209,416,4.45,-81,4,77,0
290,270,90,209,428,4.45,-81,4,77,0
290,270,90,209,440,4.45,-81,4,77,0
290,270,90,209,452,4.45,-81,4,77,0
290,270,90,182,495,5.52,-108,4,77,0
290,270,90,182,513,5.52,-108,4,77,0
290,270,90,182,531,5.52,-108,4,77,0
290,270,90,182,549,5.52,-108,4,77,0
290,270,90,209,512,4.45,-81,4,77,0
290,270,90,209,524,4.45,-81,4,77,0
290,270,90,209,536,4.45,-81,4,77,0
290,270,90,209,548,4.45,-81,4,77,0
290,270,90,209,560,4.45,-81,5,77,0
290,270,90,209,572,4.45,-81,4,77,0
290,270,90,209,584,4.45,-81,4,77,0
290,270,90,209,596,4.45,-81,4,78,0
290,270,90,205,497,5.55,-85,4,78,0
290,270,90,205,515,5.55,-85,4,78,0
290,270,90,205,533,5.55,-85,4,78,0
290,270,90,205,551,5.55,-85,4,78,0
290,270,90,205,569,5.55,-85,3,78,0
290,270,90,205,587,5.55,-85,3,78,0
290,270,90,205,605,5.55,-85,3,78,0
290,270,90,205,623,5.55,-85,4,78,0
290,270,90,205,641,5.55,-85,4,78,0
290,270,90,285,375,4.75,-5,3,78,0
290,270,90,285,390,4.75,-5,3,78,0
290,270,90,285,405,4.75,-5,3,78,0
285,265,95,285,420,4.75,0,3,78,-1
270,250,110,285,435,4.75,15,3,78,-1
255,235,125,285,450,4.75,30,3,78,-1
240,220,140,285,465,4.75,45,3,78,-1
225,205,155,285,480,4.75,60,3,78,-1
220,200,160,285,495,4.75,65,3,78,0
220,200,160,285,510,4.75,65,4,78,0
220,200,160,285,525,4.75,65,4,79,0
220,200,160,285,540,4.75,65,4,79,0
220,200,160,285,555,4.75,65,4,79,0
220,200,160,285,570,4.75,65,4,79,0
220,200,160,285,585,4.75,65,4,79,0
220,200,160,285,600,4.75,65,4,79,0
220,200,160,285,615,4.75,65,4,79,0
220,200,160,285,630,4.75,65,4,79,0
220,200,160,285,645,4.75,65,4,79,0
220,200,160,200,388,4.45,-20,3,79,0
220,200,160,200,400,4.45,-20,3,79,0
220,200,160,200,412,4.45,-20,4,79,0
220,200,160,200,424,4.45,-20,4,79,0
220,200,160,200,436,4.45,-20,4,79,0
220,200,160,200,448,4.45,-20,4,79,0
220,200,160,200,460,4.45,-20,4,79,0
235,215,145,200,472,4.45,-35,4,79,1
250,230,130,200,484,4.45,-50,4,79,1
265,245,115,200,496,4.45,-65,4,79,1
275,255,105,200,508,4.45,-75,4,79,0
275,255,105,200,520,4.45,-75,4,80,0
275,255,105,200,532,4.45,-75,4,80,0
275,255,105,200,544,4.45,-75,5,80,0
275,255,105,200,556,4.45,-75,5,80,0
275,255,105,200,568,4.45,-75,4,80,0
275,255,105,200,580,4.45,-75,4,80,0
275,255,105,200,592,4.45,-75,4,80,0
275,255,105,200,604,4.45,-75,4,80,0
275,255,105,200,616,4.45,-75,4,80,0
275,255,105,200,628,4.45,-75,4,80,0
275,255,105,200,640,4.45,-75,4,80,0
275,255,105,252,373,4.47,-23,3,80,0
275,255,105,252,385,4.47,-23,3,80,0
275,255,105,252,397,4.47,-23,4,80,0
275,255,105,252,409,4.47,-23,4,80,0
275,255,105,252,421,4.47,-23,4,80,0
275,255,105,252,433,4.47,-23,4,80,0
275,255,105,252,445,4.47,-23,4,80,0
275,255,105,252,457,4.47,-23,4,80,0
275,255,105,252,469,4.47,-23,4,80,0
290,270,90,252,481,4.47,-38,4,81,1
305,285,75,252,493,4.47,-53,4,81,1
310,290,70,252,505,4.47,-58,4,81,0
310,290,70,252,517,4.47,-58,4,81,0
310,290,70,252,529,4.47,-58,5,81,0
310,290,70,252,541,4.47,-58,5,81,0
310,290,70,252,553,4.47,-58,5,81,0
310,290,70,353,543,5.1,43,5,81,0
310,290,70,353,558,5.1,43,5,81,0
310,290,70,353,573,5.1,43,5,81,0
310,290,70,353,588,5.1,43,5,81,0
310,290,70,353,603,5.1,43,5,81,0
310,290,70,353,618,5.1,43,5,81,0
310,290,70,353,633,5.1,43,5,81,0
310,290,70,353,648,5.1,43,5,81,0
310,290,70,381,495,5.43,71,4,81,0
310,290,70,381,510,5.43,71,4,81,0
310,290,70,381,525,5.43,71,4,81,0
310,290,70,381,540,5.43,71,4,81,0
310,290,70,381,555,5.43,71,4,81,0
310,290,70,381,570,5.43,71,4,82,0
310,290,70,381,585,5.43,71,4,82,0
310,290,70,381,600,5.43,71,4,82,0
310,290,70,381,615,5.43,71,4,82,0
310,290,70,381,630,5.43,71,4,82,0
310,290,70,381,645,5.43,71,4,82,0
310,290,70,130,485,4.99,-180,4,82,0
310,290,70,130,500,4.99,-180,4,82,0
310,290,70,130,515,4.99,-180,4,82,0
310,290,70,130,530,4.99,-180,4,82,0
310,290,70,130,545,4.99,-180,4,82,0
310,290,70,130,560,4.99,-180,4,82,0
310,290,70,130,575,4.99,-180,4,82,0
310,290,70,130,590,4.99,-180,4,82,0
310,290,70,130,605,4.99,-180,4,82,0
310,290,70,130,620,4.99,-180,4,82,0
310,290,70,130,635,4.99,-180,4,82,0
310,290,70,105,489,4.95,-205,5,82,0
310,290,70,105,504,4.95,-205,4,82,0
310,290,70,105,519,4.95,-205,4,82,0
310,290,70,105,534,4.95,-205,4,83,0
310,290,70,105,549,4.95,-205,4,83,0
310,290,70,105,564,4.95,-205,4,83,0
310,290,70,105,579,4.95,-205,4,83,0
310,290,70,105,594,4.95,-205,4,83,0
310,290,70,165,441,4.79,-145,4,83,0
310,290,70,165,456,4.79,-145,4,83,0
310,290,70,165,471,4.79,-145,4,83,0
310,290,70,165,486,4.79,-145,4,83,0
310,290,70,165,501,4.79,-145,4,83,0
310,290,70,165,516,4.79,-145,4,83,0
310,290,70,165,531,4.79,-145,4,83,0
310,290,70,165,546,4.79,-145,4,83,0
310,290,70,165,561,4.79,-145,4,83,0
310,290,70,165,576,4.79,-145,4,83,0
310,290,70,165,591,4.79,-145,4,83,0
310,290,70,165,606,4.79,-145,4,83,0
310,290,70,165,621,4.79,-145,4,83,0
310,290,70,165,636,4.79,-145,4,83,0
310,290,70,141,486,5.39,-169,5,83,0
310,290,70,141,501,5.39,-169,4,84,0
310,290,70,141,516,5.39,-169,4,84,0
310,290,70,141,531,5.39,-169,4,84,0
310,290,70,141,546,5.39,-169,4,84,0
310,290,70,141,561,5.39,-169,4,84,0
310,290,70,141,576,5.39,-169,4,84,0
310,290,70,141,591,5.39,-169,4,84,0
310,290,70,141,606,5.39,-169,4,84,0
310,290,70,141,621,5.39,-169,4,84,0
310,290,70,141,636,5.39,-169,4,84,0
310,290,70,141,651,5.39,-169,5,84,0
310,290,70,82,501,5.01,-228,4,84,0
310,290,70,82,516,5.01,-228,4,84,0
310,290,70,82,531,5.01,-228,4,84,0
310,290,70,82,546,5.01,-228,4,84,0
310,290,70,82,561,5.01,-228,4,84,0
310,290,70,82,576,5.01,-228,4,84,0
310,290,70,82,591,5.01,-228,4,84,0
310,290,70,82,606,5.01,-228,4,84,0
310,290,70,122,460,4.8,-188,4,84,0
310,290,70,122,475,4.8,-188,4,85,0
310,290,70,122,490,4.8,-188,5,85,0
310,290,70,122,505,4.8,-188,4,85,0
310,290,70,122,520,4.8,-188,4,85,0
310,290,70,122,535,4.8,-188,4,85,0
310,290,70,122,550,4.8,-188,4,85,0
310,290,70,122,565,4.8,-188,4,85,0
310,290,70,380,417,5.05,70,4,85,0
310,290,70,380,432,5.05,70,4,85,0
310,290,70,380,447,5.05,70,4,85,0
310,290,70,380,462,5.05,70,4,85,0
310,290,70,380,477,5.05,70,5,85,0
310,290,70,380,492,5.05,70,4,85,0
310,290,70,380,507,5.05,70,4,85,0
310,290,70,380,522,5.05,70,4,85,0
310,290,70,380,537,5.05,70,4,85,0
310,290,70,380,552,5.05,70,4,85,0
310,290,70,380,567,5.05,70,4,85,0
310,290,70,380,582,5.05,70,4,85,0
310,290,70,380,597,5.05,70,4,85,0
310,290,70,380,612,5.05,70,4,86,0
310,290,70,380,627,5.05,70,4,86,0
310,290,70,380,642,5.05,70,5,86,0
310,290,70,165,598,5.84,-145,4,86,0
310,290,70,165,616,5.84,-145,4,86,0
310,290,70,328,367,5.46,18,4,86,0
310,290,70,328,382,5.46,18,3,86,0
310,290,70,328,397,5.46,18,3,86,0
310,290,70,328,412,5.46,18,3,86,0
310,290,70,328,427,5.46,18,3,86,0
305,285,75,328,442,5.46,23,3,86,-1
290,270,90,328,457,5.46,38,3,86,-1
275,255,105,328,472,5.46,53,3,86,-1
265,245,115,328,487,5.46,63,4,86,0
265,245,115,328,502,5.46,63,4,86,0
265,245,115,328,517,5.46,63,4,86,0
265,245,115,328,532,5.46,63,4,86,0
265,245,115,328,547,5.46,63,4,86,0
265,245,115,328,562,5.46,63,4,86,0
265,245,115,328,577,5.46,63,4,86,0
265,245,115,328,592,5.46,63,4,87,0
265,245,115,328,607,5.46,63,4,87,0
265,245,115,328,622,5.46,63,4,87,0
265,245,115,328,637,5.46,63,5,87,0
265,245,115,114,589,5.51,-151,4,87,0
265,245,115,114,607,5.51,-151,4,87,0
265,245,115,114,625,5.51,-151,4,87,0
265,245,115,114,643,5.51,-151,4,87,0
265,245,115,381,391,4.8,116,3,87,0
265,245,115,381,406,4.8,116,3,87,0
265,245,115,381,421,4.8,116,3,87,0
265,245,115,381,436,4.8,116,3,87,0
265,245,115,381,451,4.8,116,3,87,0
265,245,115,381,466,4.8,116,4,87,0
265,245,115,381,481,4.8,116,4,87,0
265,245,115,381,496,4.8,116,4,87,0
265,245,115,381,511,4.8,116,4,87,0
265,245,115,381,526,4.8,116,4,87,0
265,245,115,381,541,4.8,116,4,87,0
265,245,115,381,556,4.8,116,4,87,0
265,245,115,381,571,4.8,116,4,88,0
265,245,115,348,508,5.58,83,4,88,0
265,245,115,348,526,5.58,83,4,88,0
265,245,115,348,544,5.58,83,4,88,0
265,245,115,348,562,5.58,83,5,88,0
265,245,115,348,580,5.58,83,5,88,0
265,245,115,348,598,5.58,83,4,88,0
265,245,115,348,616,5.58,83,4,88,0
265,245,115,348,634,5.58,83,4,88,0
265,245,115,348,652,5.58,83,4,88,0
265,245,115,230,407,4.88,-35,3,88,0
265,245,115,230,422,4.88,-35,3,88,0
275,255,105,230,437,4.88,-45,3,88,1
290,270,90,230,452,4.88,-60,3,88,1
305,285,75,230,467,4.88,-75,4,88,1
305,285,75,230,482,4.88,-75,4,88,0
305,285,75,230,497,4.88,-75,4,88,0
305,285,75,230,512,4.88,-75,4,88,0
305,285,75,230,527,4.88,-75,4,88,0
305,285,75,230,542,4.88,-75,4,88,0
305,285,75,230,557,4.88,-75,4,89,0
305,285,75,230,572,4.88,-75,4,89,0
305,285,75,230,587,4.88,-75,4,89,0
290,270,90,230,602,4.88,-60,4,89,-1
275,255,105,230,617,4.88,-45,5,89,-1
260,240,120,230,632,4.88,-30,5,89,-1
250,230,130,230,647,4.88,-20,5,89,0
250,230,130,304,500,5.23,54,4,89,0
250,230,130,304,515,5.23,54,4,89,0
250,230,130,304,530,5.23,54,4,89,0
250,230,130,304,545,5.23,54,4,89,0
250,230,130,304,560,5.23,54,4,89,0
250,230,130,304,575,5.23,54,4,89,0
250,230,130,198,530,5.57,-52,4,89,0
250,230,130,198,548,5.57,-52,4,89,0
250,230,130,198,566,5.57,-52,5,89,0
265,245,115,198,584,5.57,-67,5,89,1
280,260,100,304,650,5.23,24,5,89,1
295,275,85,198,620,5.57,-97,4,89,1
300,280,80,198,638,5.57,-102,4,89,0
300,280,80,208,390,4.98,-92,3,90,0
300,280,80,208,405,4.98,-92,3,90,0
300,280,80,208,420,4.98,-92,3,90,0
300,280,80,208,435,4.98,-92,3,90,0
300,280,80,208,450,4.98,-92,3,90,0
300,280,80,208,465,4.98,-92,4,90,0
300,280,80,208,480,4.98,-92,4,90,0
300,280,80,208,495,4.98,-92,4,90,0
300,280,80,208,510,4.98,-92,4,90,0
300,280,80,208,525,4.98,-92,4,90,0
300,280,80,208,540,4.98,-92,4,90,0
300,280,80,208,555,4.98,-92,4,90,0
300,280,80,208,570,4.98,-92,4,90,0
300,280,80,221,515,5.63,-79,4,90,0
300,280,80,221,533,5.63,-79,4,90,0
300,280,80,221,551,5.63,-79,5,90,0
300,280,80,221,569,5.63,-79,5,90,0
300,280,80,221,587,5.63,-79,5,90,0
300,280,80,221,605,5.63,-79,4,90,0
300,280,80,221,623,5.63,-79,4,90,0
300,280,80,221,641,5.63,-79,4,91,0
300,280,80,190,243,4.85,-110,3,91,0
300,280,80,190,258,4.85,-110,3,91,0
300,280,80,190,273,4.85,-110,3,91,0
300,280,80,190,288,4.85,-110,3,91,0
300,280,80,190,303,4.85,-110,4,91,0
300,280,80,190,318,4.85,-110,4,91,0
300,280,80,190,333,4.85,-110,4,91,0
300,280,80,190,348,4.85,-110,4,91,0
300,280,80,190,363,4.85,-110,4,91,0
300,280,80,190,378,4.85,-110,4,91,0
300,280,80,190,393,4.85,-110,4,91,0
300,280,80,190,408,4.85,-110,4,91,0
300,280,80,190,423,4.85,-110,4,91,0
300,280,80,190,438,4.85,-110,4,91,0
300,280,80,190,453,4.85,-110,5,91,0
300,280,80,190,468,4.85,-110,5,91,0
300,280,80,190,483,4.85,-110,5,91,0
300,280,80,190,498,4.85,-110,4,91,0
300,280,80,190,513,4.85,-110,4,91,0
300,280,80,190,528,4.85,-110,4,92,0
300,280,80,190,543,4.85,-110,4,92,0
300,280,80,190,558,4.85,-110,4,92,0
300,280,80,190,573,4.85,-110,4,92,0
300,280,80,190,588,4.85,-110,4,92,0
300,280,80,190,603,4.85,-110,5,92,0
300,280,80,309,386,6.13,9,5,92,0
300,280,80,309,404,6.13,9,5,92,0
300,280,80,309,422,6.13,9,5,92,0
300,280,80,309,440,6.13,9,4,92,0
300,280,80,309,458,6.13,9,4,92,0
285,265,95,309,476,6.13,24,4,92,-1
270,250,110,309,494,6.13,39,4,92,-1
260,240,120,309,512,6.13,49,4,92,0
260,240,120,309,530,6.13,49,4,92,0
260,240,120,309,548,6.13,49,5,92,0
260,240,120,309,566,6.13,49,5,92,0
260,240,120,309,584,6.13,49,5,92,0
260,240,120,309,602,6.13,49,5,92,0
260,240,120,309,620,6.13,49,4,92,0
260,240,120,309,638,6.13,49,4,93,0
260,240,120,242,396,5.42,-18,3,93,0
260,240,120,242,411,5.42,-18,3,93,0
260,240,120,242,426,5.42,-18,3,93,0
265,245,115,242,441,5.42,-23,4,93,1
280,260,100,242,456,5.42,-38,4,93,1
295,275,85,242,471,5.42,-53,4,93,1
305,285,75,242,486,5.42,-63,4,93,0
305,285,75,242,501,5.42,-63,4,93,0
305,285,75,242,516,5.42,-63,4,93,0
305,285,75,242,531,5.42,-63,4,93,0
305,285,75,242,546,5.42,-63,4,93,0
305,285,75,242,561,5.42,-63,4,93,0
305,285,75,242,576,5.42,-63,4,93,0
305,285,75,242,591,5.42,-63,5,93,0
305,285,75,242,606,5.42,-63,5,93,0
300,280,80,336,471,5.23,36,5,93,-1
285,265,95,336,486,5.23,51,5,93,-1
270,250,110,336,501,5.23,66,4,93,-1
265,245,115,336,516,5.23,71,4,93,0
265,245,115,336,531,5.23,71,4,94,0
265,245,115,336,546,5.23,71,4,94,0
265,245,115,336,561,5.23,71,4,94,0
265,245,115,336,576,5.23,71,4,94,0
265,245,115,207,528,5.86,-58,5,94,0
270,250,110,207,546,5.86,-63,5,94,1
285,265,95,207,564,5.86,-78,5,94,1
300,280,80,336,636,5.23,36,5,94,1
305,285,75,207,600,5.86,-98,4,94,0
305,285,75,207,618,5.86,-98,4,94,0
305,285,75,207,636,5.86,-98,4,94,0
305,285,75,153,483,6.11,-152,3,94,0
305,285,75,153,501,6.11,-152,3,94,0
305,285,75,153,519,6.11,-152,4,94,0
305,285,75,153,537,6.11,-152,4,94,0
305,285,75,153,555,6.11,-152,4,94,0
305,285,75,153,573,6.11,-152,4,94,0
305,285,75,277,413,6.3,-28,4,94,0
315,295,65,277,431,6.3,-38,4,94,1
330,310,50,277,449,6.3,-53,4,94,1
345,325,35,277,467,6.3,-68,4,95,1
345,325,35,277,485,6.3,-68,3,95,0
345,325,35,277,503,6.3,-68,3,95,0
345,325,35,277,521,6.3,-68,4,95,0
345,325,35,277,539,6.3,-68,4,95,0
345,325,35,277,557,6.3,-68,4,95,0
345,325,35,277,575,6.3,-68,4,95,0
345,325,35,277,593,6.3,-68,4,95,0
345,325,35,277,611,6.3,-68,4,95,0
345,325,35,277,629,6.3,-68,4,95,0
345,325,35,277,647,6.3,-68,4,95,0
345,325,35,68,494,6.16,-277,3,95,0
345,325,35,68,512,6.16,-277,3,95,0
345,325,35,68,530,6.16,-277,4,95,0
345,325,35,68,548,6.16,-277,4,95,0
345,325,35,68,566,6.16,-277,4,95,0
345,325,35,68,584,6.16,-277,4,95,0
345,325,35,68,602,6.16,-277,4,95,0
345,325,35,116,441,6.34,-229,4,95,0
345,325,35,116,459,6.34,-229,4,95,0
345,325,35,116,477,6.34,-229,3,96,0
345,325,35,116,495,6.34,-229,3,96,0
345,325,35,116,513,6.34,-229,4,96,0
345,325,35,116,531,6.34,-229,4,96,0
345,325,35,116,549,6.34,-229,4,96,0
345,325,35,116,567,6.34,-229,4,96,0
345,325,35,116,585,6.34,-229,4,96,0
345,325,35,116,603,6.34,-229,4,96,0
345,325,35,357,275,5.61,12,4,96,0
345,325,35,357,293,5.61,12,4,96,0
345,325,35,357,311,5.61,12,3,96,0
345,325,35,357,329,5.61,12,4,96,0
345,325,35,357,347,5.61,12,4,96,0
345,325,35,357,365,5.61,12,4,96,0
345,325,35,357,383,5.61,12,4,96,0
345,325,35,357,401,5.61,12,4,96,0
345,325,35,357,419,5.61,12,4,96,0
345,325,35,357,437,5.61,12,4,96,0
330,310,50,357,455,5.61,27,4,96,-1
315,295,65,357,473,5.61,42,4,96,-1
300,280,80,357,491,5.61,57,3,97,-1
290,270,90,357,509,5.61,67,4,97,0
290,270,90,357,527,5.61,67,4,97,0
290,270,90,357,545,5.61,67,4,97,0
290,270,90,357,563,5.61,67,4,97,0
290,270,90,357,581,5.61,67,4,97,0
290,270,90,357,599,5.61,67,4,97,0
290,270,90,357,617,5.61,67,4,97,0
290,270,90,357,635,5.61,67,4,97,0
290,270,90,198,404,5.29,-92,3,97,0
290,270,90,198,419,5.29,-92,4,97,0
290,270,90,198,434,5.29,-92,4,97,0
290,270,90,198,449,5.29,-92,4,97,0
290,270,90,198,464,5.29,-92,4,97,0
290,270,90,198,479,5.29,-92,4,97,0
290,270,90,198,494,5.29,-92,4,97,0
290,270,90,198,509,5.29,-92,4,97,0
290,270,90,198,524,5.29,-92,4,97,0
290,270,90,198,539,5.29,-92,4,97,0
290,270,90,198,554,5.29,-92,5,97,0
290,270,90,198,569,5.29,-92,5,98,0
290,270,90,198,584,5.29,-92,5,98,0
290,270,90,198,599,5.29,-92,5,98,0
290,270,90,198,614,5.29,-92,5,98,0
290,270,90,192,486,5.21,-98,5,98,0
290,270,90,192,501,5.21,-98,5,98,0
290,270,90,192,516,5.21,-98,4,98,0
290,270,90,192,531,5.21,-98,4,98,0
290,270,90,192,546,5.21,-98,4,98,0
290,270,90,192,561,5.21,-98,5,98,0
290,270,90,192,576,5.21,-98,5,98,0
290,270,90,192,591,5.21,-98,5,98,0
290,270,90,192,606,5.21,-98,5,98,0
290,270,90,192,621,5.21,-98,5,98,0
290,270,90,192,636,5.21,-98,5,98,0
290,270,90,192,651,5.21,-98,5,98,0
290,270,90,110,529,5.04,-180,4,98,0
290,270,90,110,544,5.04,-180,4,98,0
290,270,90,110,559,5.04,-180,5,98,0
290,270,90,110,574,5.04,-180,5,98,0
290,270,90,78,544,5.74,-212,5,99,0
290,270,90,78,562,5.74,-212,5,99,0
290,270,90,276,335,5.31,-14,5,99,0
290,270,90,276,350,5.31,-14,5,99,0
290,270,90,276,365,5.31,-14,5,99,0
290,270,90,276,380,5.31,-14,4,99,0
290,270,90,276,395,5.31,-14,3,99,0
290,270,90,276,410,5.31,-14,4,99,0
300,280,80,276,425,5.31,-24,4,99,1
315,295,65,276,440,5.31,-39,4,99,1
330,310,50,276,455,5.31,-54,4,99,1
345,325,35,276,470,5.31,-69,4,99,1
360,340,20,276,485,5.31,-84,4,99,1
370,350,10,276,500,5.31,-94,4,99,0
370,350,10,276,515,5.31,-94,4,99,0
370,350,10,276,530,5.31,-94,4,99,0
370,350,10,276,545,5.31,-94,5,99,0
370,350,10,312,513,5.68,-58,5,99,0
370,350,10,312,531,5.68,-58,5,99,0
370,350,10,312,549,5.68,-58,5,99,0
370,350,10,312,567,5.68,-58,5,100,0
370,350,10,312,585,5.68,-58,5,100,0
370,350,10,312,603,5.68,-58,5,100,0
370,350,10,312,621,5.68,-58,5,100,0
370,350,10,312,639,5.68,-58,4,100,0
370,350,10,323,401,5.06,-47,4,100,0
370,350,10,323,416,5.06,-47,4,100,0
370,350,10,323,431,5.06,-47,4,100,0
370,350,10,323,446,5.06,-47,4,100,0
370,350,10,323,461,5.06,-47,4,100,0
370,350,10,323,476,5.06,-47,4,100,0
370,350,10,323,491,5.06,-47,4,100,0
370,350,10,323,506,5.06,-47,4,100,0
370,350,10,323,521,5.06,-47,4,100,0
370,350,10,323,536,5.06,-47,5,100,0
370,350,10,323,551,5.06,-47,5,100,0
370,350,10,323,566,5.06,-47,5,100,0
370,350,10,323,581,5.06,-47,5,100,0
370,350,10,323,596,5.06,-47,5,100,0
370,350,10,323,611,5.06,-47,5,100,0
370,350,10,323,626,5.06,-47,5,101,0
370,350,10,323,641,5.06,-47,5,101,0
370,350,10,256,630,6.08,-114,4,101,0
370,350,10,259,485,6.18,-111,5,101,0
370,350,10,259,503,6.18,-111,4,101,0
370,350,10,259,521,6.18,-111,4,101,0
370,350,10,259,539,6.18,-111,4,101,0
370,350,10,259,557,6.18,-111,4,101,0
370,350,10,259,575,6.18,-111,4,101,0
370,350,10,259,593,6.18,-111,4,101,0
370,350,10,259,611,6.18,-111,4,101,0
370,350,10,269,472,6.39,-101,4,101,0
370,350,10,269,490,6.39,-101,5,101,0
370,350,10,269,508,6.39,-101,4,101,0
370,350,10,269,526,6.39,-101,4,101,0
370,350,10,269,544,6.39,-101,4,101,0
370,350,10,269,562,6.39,-101,4,101,0
370,350,10,269,580,6.39,-101,4,101,0
370,350,10,269,598,6.39,-101,4,101,0
370,350,10,269,616,6.39,-101,4,101,0
370,350,10,269,634,6.39,-101,4,102,0
370,350,10,59,484,5.6,-311,4,102,0
370,350,10,59,502,5.6,-311,4,102,0
370,350,10,59,520,5.6,-311,4,102,0
370,350,10,59,538,5.6,-311,4,102,0
370,350,10,59,556,5.6,-311,4,102,0
370,350,10,59,574,5.6,-311,4,102,0
370,350,10,319,272,5.58,-51,4,102,0
370,350,10,319,290,5.58,-51,4,102,0
370,350,10,319,308,5.58,-51,5,102,0
370,350,10,319,326,5.58,-51,5,102,0
370,350,10,319,344,5.58,-51,4,102,0
370,350,10,319,362,5.58,-51,4,102,0
370,350,10,319,380,5.58,-51,4,102,0
370,350,10,319,398,5.58,-51,4,102,0
370,350,10,319,416,5.58,-51,4,102,0
370,350,10,319,434,5.58,-51,4,102,0
370,350,10,319,452,5.58,-51,4,102,0
370,350,10,319,470,5.58,-51,5,102,0
370,350,10,319,488,5.58,-51,5,102,0
370,350,10,319,506,5.58,-51,5,103,0
370,350,10,319,524,5.58,-51,5,103,0
370,350,10,319,542,5.58,-51,5,103,0
370,350,10,319,560,5.58,-51,5,103,0
370,350,10,319,578,5.58,-51,5,103,0
370,350,10,319,596,5.58,-51,5,103,0
360,340,20,363,453,6.02,3,5,103,-1
345,325,35,363,471,6.02,18,5,103,-1
330,310,50,363,489,6.02,33,4,103,-1
315,295,65,363,507,6.02,48,4,103,-1
315,295,65,363,525,6.02,48,4,103,0
315,295,65,363,543,6.02,48,4,103,0
315,295,65,363,561,6.02,48,4,103,0
315,295,65,363,579,6.02,48,4,103,0
315,295,65,363,597,6.02,48,4,103,0
315,295,65,363,615,6.02,48,5,103,0
315,295,65,363,633,6.02,48,5,103,0
315,295,65,253,497,5.83,-62,5,103,0
315,295,65,253,515,5.83,-62,4,103,0
315,295,65,253,533,5.83,-62,4,103,0
315,295,65,253,551,5.83,-62,4,104,0
315,295,65,253,569,5.83,-62,4,104,0
315,295,65,253,587,5.83,-62,4,104,0
315,295,65,253,605,5.83,-62,4,104,0
315,295,65,253,623,5.83,-62,5,104,0
315,295,65,253,641,5.83,-62,5,104,0
315,295,65,70,415,5.34,-245,4,104,0
315,295,65,70,430,5.34,-245,4,104,0
315,295,65,70,445,5.34,-245,4,104,0
315,295,65,70,460,5.34,-245,4,104,0
315,295,65,70,475,5.34,-245,4,104,0
315,295,65,70,490,5.34,-245,4,104,0
315,295,65,70,505,5.34,-245,4,104,0
315,295,65,70,520,5.34,-245,5,104,0
315,295,65,70,535,5.34,-245,5,104,0
315,295,65,70,550,5.34,-245,5,104,0
315,295,65,70,565,5.34,-245,5,104,0
315,295,65,162,455,5.34,-153,5,104,0
315,295,65,162,470,5.34,-153,5,104,0
315,295,65,162,485,5.34,-153,5,104,0
315,295,65,162,500,5.34,-153,5,105,0
315,295,65,162,515,5.34,-153,6,105,0
315,295,65,162,530,5.34,-153,5,105,0
315,295,65,162,545,5.34,-153,5,105,0
315,295,65,162,560,5.34,-153,5,105,0
315,295,65,162,575,5.34,-153,5,105,0
315,295,65,162,590,5.34,-153,5,105,0
315,295,65,249,415,6.37,-66,5,105,0
315,295,65,249,433,6.37,-66,5,105,0
315,295,65,249,451,6.37,-66,6,105,0
315,295,65,249,469,6.37,-66,5,105,0
315,295,65,249,487,6.37,-66,5,105,0
315,295,65,249,505,6.37,-66,4,105,0
315,295,65,249,523,6.37,-66,4,105,0
315,295,65,249,541,6.37,-66,4,105,0
315,295,65,249,559,6.37,-66,4,105,0
315,295,65,249,577,6.37,-66,4,105,0
315,295,65,249,595,6.37,-66,4,105,0
315,295,65,347,456,6.13,32,5,105,0
310,290,70,347,474,6.13,37,5,105,-1
295,275,85,347,492,6.13,52,5,106,-1
280,260,100,347,510,6.13,67,4,106,-1
265,245,115,347,528,6.13,82,4,106,-1
260,240,120,347,546,6.13,87,4,106,0
260,240,120,347,564,6.13,87,4,106,0
260,240,120,347,582,6.13,87,4,106,0
260,240,120,347,600,6.13,87,5,106,0
260,240,120,347,618,6.13,87,5,106,0
260,240,120,347,636,6.13,87,5,106,0
260,240,120,317,419,5.2,57,4,106,0
260,240,120,317,434,5.2,57,4,106,0
260,240,120,317,449,5.2,57,4,106,0
260,240,120,317,464,5.2,57,4,106,0
260,240,120,317,479,5.2,57,4,106,0
260,240,120,317,494,5.2,57,5,106,0
260,240,120,317,509,5.2,57,5,106,0
260,240,120,317,524,5.2,57,5,106,0
260,240,120,317,539,5.2,57,5,106,0
245,225,135,317,554,5.2,72,5,106,-1
230,210,150,317,569,5.2,87,5,106,-1
215,195,165,112,551,6.06,-103,5,107,-1
210,190,170,112,569,6.06,-98,5,107,0
210,190,170,112,587,6.06,-98,5,107,0
210,190,170,112,605,6.06,-98,6,107,0
210,190,170,298,477,6.18,88,6,107,0
210,190,170,298,495,6.18,88,5,107,0
210,190,170,298,513,6.18,88,4,107,0
210,190,170,298,531,6.18,88,4,107,0
210,190,170,298,549,6.18,88,4,107,0
210,190,170,298,567,6.18,88,4,107,0
210,190,170,298,585,6.18,88,4,107,0
210,190,170,298,603,6.18,88,5,107,0
210,190,170,298,621,6.18,88,5,107,0
210,190,170,298,639,6.18,88,5,107,0
210,190,170,49,502,6.49,-161,4,107,0
210,190,170,49,520,6.49,-161,4,107,0
210,190,170,49,538,6.49,-161,4,107,0
210,190,170,49,556,6.49,-161,4,107,0
210,190,170,49,574,6.49,-161,4,107,0
210,190,170,49,592,6.49,-161,5,107,0
210,190,170,92,463,5.55,-118,5,108,0
210,190,170,92,481,5.55,-118,5,108,0
210,190,170,92,499,5.55,-118,5,108,0
210,190,170,92,517,5.55,-118,4,108,0
210,190,170,92,535,5.55,-118,4,108,0
210,190,170,92,553,5.55,-118,4,108,0
210,190,170,271,492,6.53,61,4,108,0
210,190,170,271,513,6.53,61,5,108,0
210,190,170,271,534,6.53,61,5,108,0
205,185,175,271,555,6.53,66,5,108,-1
190,170,190,271,576,6.53,81,5,108,-1
180,160,200,271,597,6.53,91,4,108,0
180,160,200,271,618,6.53,91,4,108,0
180,160,200,271,639,6.53,91,4,108,0
180,160,200,366,482,6.58,186,3,108,0
180,160,200,366,503,6.58,186,4,108,0
180,160,200,366,524,6.58,186,4,108,0
180,160,200,366,545,6.58,186,4,108,0
180,160,200,366,566,6.58,186,4,108,0
180,160,200,366,587,6.58,186,4,108,0
180,160,200,366,608,6.58,186,4,109,0
180,160,200,366,629,6.58,186,4,109,0
180,160,200,377,478,6.58,197,4,109,0
180,160,200,377,499,6.58,197,4,109,0
180,160,200,377,520,6.58,197,4,109,0
180,160,200,377,541,6.58,197,4,109,0
180,160,200,377,562,6.58,197,4,109,0
180,160,200,145,357,5.89,-35,4,109,0
180,160,200,145,375,5.89,-35,4,109,0
180,160,200,145,393,5.89,-35,4,109,0
180,160,200,145,411,5.89,-35,4,109,0
180,160,200,145,429,5.89,-35,4,109,0
180,160,200,145,447,5.89,-35,4,109,0
190,170,190,145,465,5.89,-45,4,109,1
205,185,175,145,483,5.89,-60,4,109,1
220,200,160,145,501,5.89,-75,4,109,1
235,215,145,145,519,5.89,-90,4,109,1
240,220,140,145,537,5.89,-95,4,109,0
240,220,140,145,555,5.89,-95,4,109,0
240,220,140,145,573,5.89,-95,5,109,0
240,220,140,175,518,6.61,-65,5,110,0
240,220,140,175,539,6.61,-65,5,110,0
240,220,140,175,560,6.61,-65,5,110,0
240,220,140,175,581,6.61,-65,5,110,0
240,220,140,175,602,6.61,-65,4,110,0
240,220,140,175,623,6.61,-65,4,110,0
240,220,140,175,644,6.61,-65,4,110,0
240,220,140,106,500,6.62,-134,4,110,0
240,220,140,106,521,6.62,-134,4,110,0
240,220,140,106,542,6.62,-134,4,110,0
240,220,140,106,563,6.62,-134,4,110,0
240,220,140,106,584,6.62,-134,4,110,0
240,220,140,106,605,6.62,-134,4,110,0
240,220,140,106,626,6.62,-134,4,110,0
240,220,140,310,408,6.31,70,4,110,0
240,220,140,310,426,6.31,70,4,110,0
240,220,140,310,444,6.31,70,4,110,0
240,220,140,310,462,6.31,70,4,110,0
240,220,140,310,480,6.31,70,4,110,0
240,220,140,310,498,6.31,70,4,110,0
240,220,140,310,516,6.31,70,4,111,0
240,220,140,310,534,6.31,70,4,111,0
240,220,140,310,552,6.31,70,4,111,0
240,220,140,310,570,6.31,70,5,111,0
240,220,140,310,588,6.31,70,5,111,0
230,210,150,310,606,6.31,80,5,111,-1
215,195,165,310,624,6.31,95,5,111,-1
200,180,180,310,642,6.31,110,5,111,-1
200,180,180,47,515,5.85,-153,4,111,0
200,180,180,47,533,5.85,-153,4,111,0
200,180,180,47,551,5.85,-153,4,111,0
200,180,180,47,569,5.85,-153,5,111,0
200,180,180,47,587,5.85,-153,5,111,0
200,180,180,47,605,5.85,-153,5,111,0
200,180,180,73,484,6.33,-127,5,111,0
200,180,180,73,502,6.33,-127,5,111,0
200,180,180,73,520,6.33,-127,4,111,0
200,180,180,73,538,6.33,-127,4,111,0
200,180,180,73,556,6.33,-127,5,111,0
200,180,180,220,424,6.45,20,5,111,0
200,180,180,220,442,6.45,20,5,112,0
200,180,180,220,460,6.45,20,5,112,0
185,165,195,220,478,6.45,35,5,112,-1
170,150,210,220,496,6.45,50,5,112,-1
155,135,225,220,514,6.45,65,4,112,-1
145,125,235,220,532,6.45,75,4,112,0
145,125,235,220,550,6.45,75,5,112,0
145,125,235,220,568,6.45,75,5,112,0
145,125,235,220,586,6.45,75,5,112,0
145,125,235,220,604,6.45,75,5,112,0
145,125,235,220,622,6.45,75,5,112,0
145,125,235,220,640,6.45,75,5,112,0
145,125,235,291,615,6.52,146,4,112,0
145,125,235,291,636,6.52,146,4,112,0
145,125,235,193,282,6.03,48,4,112,0
145,125,235,193,300,6.03,48,4,112,0
145,125,235,193,318,6.03,48,4,112,0
145,125,235,193,336,6.03,48,4,112,0
145,125,235,193,354,6.03,48,4,112,0
145,125,235,193,372,6.03,48,4,112,0
145,125,235,193,390,6.03,48,4,113,0
145,125,235,193,408,6.03,48,5,113,0
145,125,235,193,426,6.03,48,5,113,0
145,125,235,193,444,6.03,48,5,113,0
145,125,235,193,462,6.03,48,5,113,0
145,125,235,193,480,6.03,48,5,113,0
145,125,235,193,498,6.03,48,5,113,0
145,125,235,193,516,6.03,48,4,113,0
145,125,235,193,534,6.03,48,4,113,0
135,115,245,193,552,6.03,58,5,113,-1
120,100,260,84,508,6.62,-36,5,113,-1
135,115,245,84,529,6.62,-51,5,113,1
150,130,230,84,550,6.62,-66,5,113,1
165,145,215,193,624,6.03,28,5,113,1
165,145,215,193,642,6.03,28,5,113,0
165,145,215,84,613,6.62,-81,4,113,0
165,145,215,84,634,6.62,-81,4,113,0
165,145,215,282,423,5.82,117,4,113,0
165,145,215,282,441,5.82,117,4,113,0
165,145,215,282,459,5.82,117,4,113,0
165,145,215,282,477,5.82,117,4,114,0
165,145,215,282,495,5.82,117,4,114,0
165,145,215,282,513,5.82,117,4,114,0
165,145,215,282,531,5.82,117,4,114,0
165,145,215,282,549,5.82,117,5,114,0
165,145,215,282,567,5.82,117,5,114,0
165,145,215,282,585,5.82,117,5,114,0
165,145,215,282,603,5.82,117,5,114,0
165,145,215,282,621,5.82,117,5,114,0
165,145,215,282,639,5.82,117,5,114,0
165,145,215,82,381,5.63,-83,4,114,0
165,145,215,82,399,5.63,-83,5,114,0
165,145,215,82,417,5.63,-83,5,114,0
165,145,215,82,435,5.63,-83,5,114,0
165,145,215,82,453,5.63,-83,5,114,0
165,145,215,82,471,5.63,-83,5,114,0
165,145,215,82,489,5.63,-83,5,114,0
165,145,215,82,507,5.63,-83,5,114,0
165,145,215,82,525,5.63,-83,5,114,0
165,145,215,82,543,5.63,-83,6,114,0
165,145,215,82,561,5.63,-83,6,115,0
165,145,215,82,579,5.63,-83,6,115,0
165,145,215,82,597,5.63,-83,6,115,0
165,145,215,82,615,5.63,-83,6,115,0
165,145,215,82,633,5.63,-83,6,115,0
165,145,215,337,512,5.64,172,4,115,0
165,145,215,337,530,5.64,172,5,115,0
165,145,215,337,548,5.64,172,5,115,0
165,145,215,337,566,5.64,172,5,115,0
165,145,215,311,528,6.63,146,5,115,0
165,145,215,311,549,6.63,146,5,115,0
165,145,215,311,570,6.63,146,5,115,0
165,145,215,311,591,6.63,146,5,115,0
165,145,215,311,612,6.63,146,5,115,0
165,145,215,311,633,6.63,146,5,115,0
165,145,215,326,427,5.6,161,4,115,0
165,145,215,326,445,5.6,161,4,115,0
165,145,215,326,463,5.6,161,4,115,0
165,145,215,326,481,5.6,161,4,115,0
165,145,215,326,499,5.6,161,4,115,0
165,145,215,326,517,5.6,161,4,116,0
165,145,215,326,535,5.6,161,5,116,0
165,145,215,326,553,5.6,161,5,116,0
165,145,215,326,571,5.6,161,5,116,0
165,145,215,326,589,5.6,161,5,116,0
165,145,215,43,472,5.95,-122,5,116,0
165,145,215,43,490,5.95,-122,5,116,0
165,145,215,43,508,5.95,-122,5,116,0
165,145,215,43,526,5.95,-122,5,116,0
165,145,215,43,544,5.95,-122,5,116,0
165,145,215,43,562,5.95,-122,5,116,0
165,145,215,43,580,5.95,-122,5,116,0
165,145,215,43,598,5.95,-122,5,116,0
165,145,215,43,616,5.95,-122,5,116,0
165,145,215,25,502,6.15,-140,5,116,0
165,145,215,25,520,6.15,-140,6,116,0
165,145,215,25,538,6.15,-140,5,116,0
165,145,215,25,556,6.15,-140,5,116,0
165,145,215,25,574,6.15,-140,5,116,0
165,145,215,338,543,6.62,173,5,116,0
165,145,215,338,564,6.62,173,5,117,0
165,145,215,338,585,6.62,173,5,117,0
165,145,215,338,606,6.62,173,6,117,0
165,145,215,338,627,6.62,173,5,117,0
165,145,215,338,648,6.62,173,5,117,0
165,145,215,107,304,5.98,-58,4,117,0
165,145,215,107,322,5.98,-58,4,117,0
165,145,215,107,340,5.98,-58,4,117,0
165,145,215,107,358,5.98,-58,4,117,0
165,145,215,107,376,5.98,-58,5,117,0
165,145,215,107,394,5.98,-58,5,117,0
165,145,215,107,412,5.98,-58,5,117,0
165,145,215,107,430,5.98,-58,5,117,0
165,145,215,107,448,5.98,-58,5,117,0
165,145,215,107,466,5.98,-58,5,117,0
165,145,215,107,484,5.98,-58,5,117,0
165,145,215,107,502,5.98,-58,6,117,0
165,145,215,107,520,5.98,-58,6,117,0
160,140,220,107,538,5.98,-53,6,117,-1
145,125,235,107,556,5.98,-38,6,117,-1
140,120,240,107,574,5.98,-33,6,118,0
140,120,240,200,544,6.81,60,6,118,0
140,120,240,200,565,6.81,60,6,118,0
140,120,240,200,586,6.81,60,7,118,0
140,120,240,200,607,6.81,60,6,118,0
140,120,240,200,628,6.81,60,5,118,0
140,120,240,245,424,6.44,105,4,118,0
140,120,240,245,442,6.44,105,4,118,0
140,120,240,245,460,6.44,105,4,118,0
140,120,240,245,478,6.44,105,4,118,0
140,120,240,245,496,6.44,105,5,118,0
140,120,240,245,514,6.44,105,5,118,0
140,120,240,245,532,6.44,105,5,118,0
140,120,240,245,550,6.44,105,5,118,0
140,120,240,245,568,6.44,105,5,118,0
140,120,240,245,586,6.44,105,5,118,0
140,120,240,245,604,6.44,105,5,118,0
140,120,240,18,496,6.33,-122,6,118,0
140,120,240,18,514,6.33,-122,6,118,0
140,120,240,18,532,6.33,-122,5,118,0
140,120,240,18,550,6.33,-122,5,119,0
140,120,240,240,517,6.69,100,5,119,0
140,120,240,240,538,6.69,100,5,119,0
140,120,240,240,559,6.69,100,5,119,0
140,120,240,240,580,6.69,100,6,119,0
140,120,240,240,601,6.69,100,6,119,0
140,120,240,240,622,6.69,100,5,119,0
140,120,240,189,429,6.09,49,5,119,0
140,120,240,189,447,6.09,49,4,119,0
140,120,240,189,465,6.09,49,4,119,0
140,120,240,189,483,6.09,49,4,119,0
140,120,240,189,501,6.09,49,5,119,0
135,115,245,189,519,6.09,54,5,119,-1
120,100,260,189,537,6.09,69,5,119,-1
105,85,275,189,555,6.09,84,5,119,-1
100,80,280,189,573,6.09,89,5,119,0
100,80,280,84,464,5.57,-16,5,119,0
100,80,280,84,482,5.57,-16,5,119,0
100,80,280,84,500,5.57,-16,6,119,0
105,85,275,84,518,5.57,-21,6,119,1
120,100,260,84,536,5.57,-36,5,120,1
135,115,245,84,554,5.57,-51,5,120,1
140,120,240,84,572,5.57,-56,5,120,0
140,120,240,84,590,5.57,-56,5,120,0
140,120,240,84,608,5.57,-56,5,120,0
140,120,240,65,500,5.65,-75,6,120,0
140,120,240,65,518,5.65,-75,6,120,0
140,120,240,65,536,5.65,-75,5,120,0
140,120,240,65,554,5.65,-75,5,120,0
140,120,240,65,572,5.65,-75,5,120,0
140,120,240,65,590,5.65,-75,5,120,0
140,120,240,65,608,5.65,-75,5,120,0
140,120,240,65,626,5.65,-75,6,120,0
140,120,240,65,644,5.65,-75,6,120,0
140,120,240,62,476,6.96,-78,5,120,0
140,120,240,62,497,6.96,-78,5,120,0
140,120,240,62,518,6.96,-78,5,120,0
140,120,240,62,539,6.96,-78,5,120,0
140,120,240,62,560,6.96,-78,6,120,0
140,120,240,62,581,6.96,-78,6,120,0
140,120,240,62,602,6.96,-78,6,121,0
140,120,240,62,623,6.96,-78,5,121,0
140,120,240,62,644,6.96,-78,5,121,0
140,120,240,204,442,5.85,64,4,121,0
140,120,240,204,460,5.85,64,4,121,0
140,120,240,204,478,5.85,64,5,121,0
125,105,255,204,496,5.85,79,5,121,-1
110,90,270,204,514,5.85,94,5,121,-1
100,80,280,204,532,5.85,104,5,121,0
100,80,280,204,550,5.85,104,5,121,0
100,80,280,204,568,5.85,104,5,121,0
100,80,280,204,586,5.85,104,5,121,0
100,80,280,204,604,5.85,104,6,121,0
100,80,280,204,622,5.85,104,6,121,0
100,80,280,204,640,5.85,104,6,121,0
100,80,280,279,633,6.88,179,5,121,0
100,80,280,351,442,6.46,251,4,121,0
100,80,280,351,460,6.46,251,4,121,0
100,80,280,351,478,6.46,251,5,121,0
100,80,280,351,496,6.46,251,5,121,0
100,80,280,351,514,6.46,251,5,122,0
100,80,280,351,532,6.46,251,5,122,0
100,80,280,351,550,6.46,251,5,122,0
100,80,280,66,325,5.82,-34,5,122,0
100,80,280,66,343,5.82,-34,5,122,0
100,80,280,66,361,5.82,-34,6,122,0
100,80,280,66,379,5.82,-34,6,122,0
100,80,280,66,397,5.82,-34,6,122,0
100,80,280,66,415,5.82,-34,5,122,0
105,85,275,66,433,5.82,-39,4,122,1
120,100,260,66,451,5.82,-54,4,122,1
135,115,245,66,469,5.82,-69,4,122,1
145,125,235,66,487,5.82,-79,5,122,0
145,125,235,66,505,5.82,-79,5,122,0
145,125,235,66,523,5.82,-79,5,122,0
145,125,235,66,541,5.82,-79,5,122,0
145,125,235,66,559,5.82,-79,5,122,0
145,125,235,66,577,5.82,-79,5,122,0
145,125,235,66,595,5.82,-79,6,122,0
145,125,235,66,613,5.82,-79,6,122,0
145,125,235,181,458,6.5,36,6,123,0
135,115,245,58,525,6.19,-77,6,123,-1
120,100,260,58,543,6.19,-62,5,123,-1
105,85,275,58,561,6.19,-47,5,123,-1
100,80,280,58,579,6.19,-42,5,123,0
100,80,280,58,597,6.19,-42,6,123,0
100,80,280,58,615,6.19,-42,6,123,0
100,80,280,58,633,6.19,-42,6,123,0
100,80,280,58,651,6.19,-42,6,123,0
100,80,280,181,647,6.5,81,5,123,0
100,80,280,237,451,5.74,137,4,123,0
100,80,280,237,469,5.74,137,4,123,0
100,80,280,237,487,5.74,137,5,123,0
100,80,280,237,505,5.74,137,5,123,0
100,80,280,237,523,5.74,137,5,123,0
100,80,280,237,541,5.74,137,5,123,0
100,80,280,237,559,5.74,137,5,123,0
100,80,280,237,577,5.74,137,5,123,0
100,80,280,237,595,5.74,137,6,123,0
100,80,280,237,613,5.74,137,6,123,0
100,80,280,237,631,5.74,137,6,124,0
100,80,280,296,532,6.01,196,6,124,0
100,80,280,296,550,6.01,196,5,124,0
100,80,280,296,568,6.01,196,5,124,0
100,80,280,296,586,6.01,196,5,124,0
100,80,280,280,482,6.1,180,6,124,0
100,80,280,280,500,6.1,180,6,124,0
100,80,280,280,518,6.1,180,6,124,0
100,80,280,280,536,6.1,180,5,124,0
100,80,280,160,431,6.44,60,5,124,0
100,80,280,160,449,6.44,60,5,124,0
100,80,280,160,467,6.44,60,5,124,0
100,80,280,160,485,6.44,60,6,124,0
100,80,280,160,503,6.44,60,6,124,0
100,80,280,160,521,6.44,60,6,124,0
95,75,285,160,539,6.44,65,5,124,-1
80,60,300,160,557,6.44,80,5,124,-1
65,45,315,160,575,6.44,95,5,124,-1
60,40,320,160,593,6.44,100,6,124,0
60,40,320,160,611,6.44,100,6,124,0
60,40,320,160,629,6.44,100,6,125,0
60,40,320,160,647,6.44,100,6,125,0
60,40,320,119,309,6.13,59,5,125,0
60,40,320,119,327,6.13,59,4,125,0
60,40,320,119,345,6.13,59,4,125,0
60,40,320,119,363,6.13,59,5,125,0
60,40,320,119,381,6.13,59,5,125,0
60,40,320,119,399,6.13,59,5,125,0
60,40,320,119,417,6.13,59,5,125,0
60,40,320,119,435,6.13,59,5,125,0
60,40,320,119,453,6.13,59,4,125,0
60,40,320,119,471,6.13,59,4,125,0
60,40,320,119,489,6.13,59,5,125,0
60,40,320,119,507,6.13,59,5,125,0
60,40,320,119,525,6.13,59,5,125,0
45,25,335,119,543,6.13,74,5,125,-1
30,10,350,119,561,6.13,89,5,125,-1
25,5,355,119,579,6.13,94,5,125,0
25,5,355,119,597,6.13,94,6,125,0
25,5,355,119,615,6.13,94,6,125,0
25,5,355,119,633,6.13,94,6,126,0
25,5,355,307,526,6.02,282,5,126,0
25,5,355,307,544,6.02,282,5,126,0
25,5,355,307,562,6.02,282,5,126,0
25,5,355,102,346,5.63,77,5,126,0
25,5,355,102,364,5.63,77,6,126,0
25,5,355,102,382,5.63,77,6,126,0
25,5,355,102,400,5.63,77,6,126,0
25,5,355,102,418,5.63,77,6,126,0
25,5,355,102,436,5.63,77,5,126,0
25,5,355,102,454,5.63,77,5,126,0
25,5,355,102,472,5.63,77,5,126,0
25,5,355,102,490,5.63,77,6,126,0
25,5,355,102,508,5.63,77,6,126,0
25,5,355,102,526,5.63,77,6,126,0
25,5,355,102,544,5.63,77,5,126,0
25,5,355,102,562,5.63,77,5,126,0
25,5,355,102,580,5.63,77,5,126,0
25,5,355,102,598,5.63,77,6,126,0
25,5,355,102,616,5.63,77,6,126,0
25,5,355,102,634,5.63,77,6,127,0
25,5,355,58,289,6.0,33,5,127,0
25,5,355,58,307,6.0,33,5,127,0
25,5,355,58,325,6.0,33,4,127,0
25,5,355,58,343,6.0,33,4,127,0
25,5,355,58,361,6.0,33,5,127,0
25,5,355,58,379,6.0,33,5,127,0
30,10,350,58,397,6.0,28,5,127,1
45,25,335,58,415,6.0,13,5,127,1
60,40,320,58,433,6.0,-2,5,127,1
75,55,305,58,451,6.0,-17,5,127,1
90,70,290,58,469,6.0,-32,5,127,1
105,85,275,58,487,6.0,-47,6,127,1
115,95,265,58,505,6.0,-57,6,127,0
115,95,265,58,523,6.0,-57,6,127,0
115,95,265,58,541,6.0,-57,5,127,0
115,95,265,58,559,6.0,-57,5,127,0
115,95,265,58,577,6.0,-57,5,127,0
115,95,265,58,595,6.0,-57,6,127,0
115,95,265,168,489,5.82,53,6,127,0
115,95,265,168,507,5.82,53,6,128,0
115,95,265,168,525,5.82,53,6,128,0
115,95,265,168,543,5.82,53,5,128,0
115,95,265,168,561,5.82,53,5,128,0
115,95,265,168,579,5.82,53,5,128,0
115,95,265,168,597,5.82,53,6,128,0
115,95,265,168,615,5.82,53,6,128,0
115,95,265,168,633,5.82,53,6,128,0
115,95,265,168,651,5.82,53,6,128,0
115,95,265,22,432,6.49,-93,5,128,0
115,95,265,22,450,6.49,-93,5,128,0
115,95,265,22,468,6.49,-93,5,128,0
115,95,265,22,486,6.49,-93,6,128,0
115,95,265,22,504,6.49,-93,6,128,0
115,95,265,22,522,6.49,-93,6,128,0
115,95,265,22,540,6.49,-93,5,128,0
115,95,265,22,558,6.49,-93,5,128,0
115,95,265,22,576,6.49,-93,5,128,0
115,95,265,22,594,6.49,-93,6,128,0
115,95,265,22,612,6.49,-93,6,128,0
115,95,265,22,630,6.49,-93,6,129,0
115,95,265,22,648,6.49,-93,6,129,0
115,95,265,295,546,6.35,180,5,129,0
115,95,265,122,383,6.8,7,5,129,0
115,95,265,122,404,6.8,7,5,129,0
115,95,265,122,425,6.8,7,6,129,0
120,100,260,122,446,6.8,2,6,129,1
135,115,245,122,467,6.8,-13,6,129,1
150,130,230,122,488,6.8,-28,5,129,1
165,145,215,122,509,6.8,-43,5,129,1
165,145,215,122,530,6.8,-43,5,129,0
165,145,215,122,551,6.8,-43,5,129,0
165,145,215,122,572,6.8,-43,6,129,0
165,145,215,122,593,6.8,-43,6,129,0
165,145,215,122,614,6.8,-43,6,129,0
165,145,215,122,635,6.8,-43,5,129,0
165,145,215,217,440,6.24,52,4,129,0
165,145,215,217,458,6.24,52,4,129,0
165,145,215,217,476,6.24,52,5,129,0
165,145,215,217,494,6.24,52,5,129,0
165,145,215,217,512,6.24,52,5,130,0
165,145,215,217,530,6.24,52,5,130,0
165,145,215,217,548,6.24,52,5,130,0
165,145,215,217,566,6.24,52,5,130,0
165,145,215,127,538,6.66,-38,5,130,0
165,145,215,127,559,6.66,-38,6,130,0
165,145,215,127,580,6.66,-38,6,130,0
165,145,215,127,601,6.66,-38,6,130,0
165,145,215,127,622,6.66,-38,5,130,0
165,145,215,127,643,6.66,-38,5,130,0
165,145,215,26,526,6.85,-139,4,130,0
165,145,215,26,547,6.85,-139,4,130,0
165,145,215,26,568,6.85,-139,5,130,0
165,145,215,226,448,6.79,61,5,130,0
165,145,215,226,469,6.79,61,5,130,0
165,145,215,226,490,6.79,61,5,130,0
165,145,215,226,511,6.79,61,5,130,0
165,145,215,226,532,6.79,61,4,130,0
165,145,215,226,553,6.79,61,5,130,0
165,145,215,226,574,6.79,61,5,130,0
165,145,215,226,595,6.79,61,5,131,0
165,145,215,226,616,6.79,61,5,131,0
165,145,215,226,637,6.79,61,5,131,0
165,145,215,63,444,5.95,-102,4,131,0
165,145,215,63,462,5.95,-102,4,131,0
165,145,215,63,480,5.95,-102,5,131,0
165,145,215,63,498,5.95,-102,5,131,0
165,145,215,63,516,5.95,-102,5,131,0
165,145,215,63,534,5.95,-102,5,131,0
165,145,215,63,552,5.95,-102,5,131,0
165,145,215,63,570,5.95,-102,5,131,0
165,145,215,63,588,5.95,-102,5,131,0
165,145,215,63,606,5.95,-102,6,131,0
165,145,215,63,624,5.95,-102,6,131,0
165,145,215,63,642,5.95,-102,6,131,0
165,145,215,305,494,7.25,140,5,131,0
165,145,215,305,515,7.25,140,4,131,0
165,145,215,305,536,7.25,140,4,131,0
165,145,215,305,557,7.25,140,5,131,0
165,145,215,212,434,6.64,47,5,131,0
165,145,215,212,455,6.64,47,5,132,0
150,130,230,212,476,6.64,62,5,132,-1
135,115,245,212,497,6.64,77,5,132,-1
120,100,260,212,518,6.64,92,4,132,-1
115,95,265,212,539,6.64,97,4,132,0
115,95,265,212,560,6.64,97,5,132,0
115,95,265,212,581,6.64,97,5,132,0
115,95,265,212,602,6.64,97,5,132,0
115,95,265,212,623,6.64,97,5,132,0
115,95,265,212,644,6.64,97,5,132,0
115,95,265,370,527,7.27,255,4,132,0
115,95,265,370,548,7.27,255,4,132,0
115,95,265,244,428,6.83,129,5,132,0
115,95,265,244,449,6.83,129,5,132,0
115,95,265,244,470,6.83,129,5,132,0
115,95,265,244,491,6.83,129,5,132,0
115,95,265,244,512,6.83,129,4,132,0
115,95,265,244,533,6.83,129,4,132,0
115,95,265,244,554,6.83,129,5,132,0
115,95,265,244,575,6.83,129,5,132,0
115,95,265,244,596,6.83,129,5,133,0
115,95,265,215,479,6.83,100,5,133,0
115,95,265,215,500,6.83,100,5,133,0
115,95,265,215,521,6.83,100,4,133,0
115,95,265,215,542,6.83,100,4,133,0
115,95,265,215,563,6.83,100,5,133,0
115,95,265,215,584,6.83,100,5,133,0
115,95,265,215,605,6.83,100,5,133,0
115,95,265,215,626,6.83,100,5,133,0
115,95,265,215,647,6.83,100,5,133,0
115,95,265,51,331,6.09,-64,4,133,0
115,95,265,51,349,6.09,-64,4,133,0
115,95,265,51,367,6.09,-64,5,133,0
115,95,265,51,385,6.09,-64,5,133,0
115,95,265,51,403,6.09,-64,5,133,0
115,95,265,51,421,6.09,-64,5,133,0
115,95,265,51,439,6.09,-64,5,133,0
115,95,265,51,457,6.09,-64,5,133,0
115,95,265,51,475,6.09,-64,6,133,0
115,95,265,51,493,6.09,-64,6,133,0
115,95,265,51,511,6.09,-64,6,134,0
115,95,265,51,529,6.09,-64,5,134,0
115,95,265,51,547,6.09,-64,5,134,0
115,95,265,51,565,6.09,-64,5,134,0
115,95,265,198,544,6.58,83,5,134,0
115,95,265,198,565,6.58,83,6,134,0
115,95,265,198,586,6.58,83,6,134,0
115,95,265,198,607,6.58,83,6,134,0
115,95,265,198,628,6.58,83,5,134,0
115,95,265,55,435,6.14,-60,4,134,0
115,95,265,55,453,6.14,-60,4,134,0
115,95,265,55,471,6.14,-60,4,134,0
115,95,265,55,489,6.14,-60,5,134,0
115,95,265,55,507,6.14,-60,5,134,0
115,95,265,55,525,6.14,-60,5,134,0
115,95,265,55,543,6.14,-60,5,134,0
115,95,265,55,561,6.14,-60,5,134,0
115,95,265,55,579,6.14,-60,5,134,0
115,95,265,55,597,6.14,-60,6,134,0
115,95,265,55,615,6.14,-60,6,134,0
115,95,265,205,510,6.32,90,6,135,0
115,95,265,205,528,6.32,90,5,135,0
115,95,265,205,546,6.32,90,5,135,0
115,95,265,205,564,6.32,90,5,135,0
115,95,265,205,582,6.32,90,5,135,0
115,95,265,205,600,6.32,90,6,135,0
115,95,265,205,618,6.32,90,6,135,0
115,95,265,205,636,6.32,90,6,135,0
115,95,265,32,418,6.37,-83,5,135,0
115,95,265,32,436,6.37,-83,5,135,0
115,95,265,32,454,6.37,-83,4,135,0
115,95,265,32,472,6.37,-83,4,135,0
115,95,265,32,490,6.37,-83,5,135,0
115,95,265,32,508,6.37,-83,5,135,0
115,95,265,32,526,6.37,-83,5,135,0
115,95,265,32,544,6.37,-83,5,135,0
115,95,265,32,562,6.37,-83,5,135,0
115,95,265,32,580,6.37,-83,5,135,0
115,95,265,32,598,6.37,-83,6,135,0
115,95,265,96,437,7.12,-19,6,135,0
115,95,265,96,458,7.12,-19,6,136,0
120,100,260,96,479,7.12,-24,5,136,1
135,115,245,96,500,7.12,-39,5,136,1
150,130,230,96,521,7.12,-54,5,136,1
150,130,230,96,542,7.12,-54,5,136,0
150,130,230,96,563,7.12,-54,6,136,0
150,130,230,96,584,7.12,-54,6,136,0
150,130,230,96,605,7.12,-54,6,136,0
150,130,230,96,626,7.12,-54,6,136,0
150,130,230,96,647,7.12,-54,5,136,0
150,130,230,327,527,7.13,177,4,136,0
150,130,230,327,548,7.13,177,4,136,0
150,130,230,327,569,7.13,177,5,136,0
150,130,230,327,590,7.13,177,5,136,0
150,130,230,327,611,7.13,177,5,136,0
150,130,230,327,493,6.62,177,5,136,0
150,130,230,327,514,6.62,177,4,136,0
150,130,230,327,535,6.62,177,4,136,0
150,130,230,327,556,6.62,177,5,136,0
150,130,230,327,577,6.62,177,5,136,0
150,130,230,327,598,6.62,177,5,137,0
150,130,230,232,405,6.33,82,5,137,0
150,130,230,232,423,6.33,82,5,137,0
150,130,230,232,441,6.33,82,4,137,0
150,130,230,232,459,6.33,82,4,137,0
150,130,230,232,477,6.33,82,5,137,0
150,130,230,232,495,6.33,82,5,137,0
150,130,230,232,513,6.33,82,5,137,0
150,130,230,232,531,6.33,82,5,137,0
150,130,230,232,549,6.33,82,5,137,0
150,130,230,232,567,6.33,82,5,137,0
150,130,230,232,585,6.33,82,5,137,0
150,130,230,151,429,7.21,1,6,137,0
150,130,230,151,450,7.21,1,6,137,0
145,125,235,151,471,7.21,6,6,137,-1
130,110,250,151,492,7.21,21,5,137,-1
115,95,265,151,513,7.21,36,5,137,-1
105,85,275,151,534,7.21,46,4,137,0
105,85,275,151,555,7.21,46,5,137,0
105,85,275,151,576,7.21,46,5,137,0
105,85,275,151,597,7.21,46,5,138,0
105,85,275,151,618,7.21,46,5,138,0
105,85,275,151,639,7.21,46,5,138,0
105,85,275,295,517,6.63,190,4,138,0
105,85,275,295,538,6.63,190,4,138,0
105,85,275,295,559,6.63,190,5,138,0
105,85,275,295,580,6.63,190,5,138,0
105,85,275,295,601,6.63,190,5,138,0
105,85,275,295,622,6.63,190,5,138,0
105,85,275,182,364,6.84,77,5,138,0
105,85,275,182,385,6.84,77,4,138,0
105,85,275,182,406,6.84,77,4,138,0
105,85,275,182,427,6.84,77,5,138,0
105,85,275,182,448,6.84,77,5,138,0
105,85,275,182,469,6.84,77,5,138,0
105,85,275,182,490,6.84,77,5,138,0
105,85,275,182,511,6.84,77,4,138,0
105,85,275,182,532,6.84,77,4,138,0
105,85,275,182,553,6.84,77,5,138,0
105,85,275,182,574,6.84,77,5,138,0
105,85,275,182,595,6.84,77,5,139,0
105,85,275,182,616,6.84,77,5,139,0
105,85,275,182,637,6.84,77,5,139,0
105,85,275,19,441,6.1,-86,4,139,0
105,85,275,19,459,6.1,-86,4,139,0
105,85,275,19,477,6.1,-86,5,139,0
105,85,275,19,495,6.1,-86,5,139,0
105,85,275,19,513,6.1,-86,5,139,0
105,85,275,19,531,6.1,-86,5,139,0
105,85,275,19,549,6.1,-86,5,139,0
105,85,275,19,567,6.1,-86,5,139,0
105,85,275,19,585,6.1,-86,5,139,0
105,85,275,19,603,6.1,-86,6,139,0
105,85,275,19,621,6.1,-86,6,139,0
105,85,275,232,524,6.25,127,6,139,0
105,85,275,232,542,6.25,127,5,139,0
105,85,275,232,560,6.25,127,5,139,0
105,85,275,232,578,6.25,127,5,139,0
105,85,275,232,596,6.25,127,6,139,0
105,85,275,152,437,6.59,47,6,139,0
105,85,275,152,458,6.59,47,6,140,0
105,85,275,152,479,6.59,47,5,140,0
105,85,275,152,500,6.59,47,5,140,0
105,85,275,152,521,6.59,47,5,140,0
105,85,275,152,542,6.59,47,5,140,0
105,85,275,152,563,6.59,47,6,140,0
105,85,275,152,584,6.59,47,6,140,0
105,85,275,152,605,6.59,47,6,140,0
105,85,275,152,626,6.59,47,5,140,0
105,85,275,152,647,6.59,47,5,140,0
105,85,275,362,529,6.6,257,4,140,0
105,85,275,362,550,6.6,257,4,140,0
105,85,275,39,370,6.36,-66,5,140,0
105,85,275,39,388,6.36,-66,5,140,0
105,85,275,39,406,6.36,-66,5,140,0
105,85,275,39,424,6.36,-66,5,140,0
105,85,275,39,442,6.36,-66,4,140,0
105,85,275,39,460,6.36,-66,4,140,0
105,85,275,39,478,6.36,-66,5,140,0
105,85,275,39,496,6.36,-66,5,140,0
105,85,275,39,514,6.36,-66,5,141,0
105,85,275,39,532,6.36,-66,5,141,0
105,85,275,39,550,6.36,-66,5,141,0
105,85,275,39,568,6.36,-66,5,141,0
105,85,275,39,586,6.36,-66,5,141,0
105,85,275,39,604,6.36,-66,6,141,0
105,85,275,39,622,6.36,-66,6,141,0
105,85,275,200,514,6.04,95,6,141,0
105,85,275,200,532,6.04,95,5,141,0
105,85,275,200,550,6.04,95,5,141,0
105,85,275,177,526,6.51,72,5,141,0
105,85,275,177,547,6.51,72,5,141,0
105,85,275,177,568,6.51,72,6,141,0
105,85,275,177,589,6.51,72,6,141,0
105,85,275,177,610,6.51,72,6,141,0
105,85,275,127,422,6.22,22,5,141,0
105,85,275,127,440,6.22,22,5,141,0
90,70,290,127,458,6.22,37,4,141,-1
75,55,305,127,476,6.22,52,5,141,-1
65,45,315,127,494,6.22,62,5,141,0
65,45,315,127,512,6.22,62,5,142,0
65,45,315,127,530,6.22,62,5,142,0
65,45,315,127,548,6.22,62,5,142,0
65,45,315,127,566,6.22,62,5,142,0
65,45,315,127,584,6.22,62,5,142,0
65,45,315,127,602,6.22,62,6,142,0
65,45,315,127,620,6.22,62,6,142,0
65,45,315,127,638,6.22,62,6,142,0
65,45,315,209,414,6.23,144,5,142,0
65,45,315,209,432,6.23,144,5,142,0
65,45,315,209,450,6.23,144,5,142,0
65,45,315,209,468,6.23,144,5,142,0
65,45,315,209,486,6.23,144,6,142,0
65,45,315,209,504,6.23,144,6,142,0
65,45,315,209,522,6.23,144,6,142,0
65,45,315,209,540,6.23,144,5,142,0
65,45,315,209,558,6.23,144,5,142,0
65,45,315,212,534,6.66,147,5,142,0
65,45,315,212,555,6.66,147,6,142,0
65,45,315,212,576,6.66,147,6,142,0
65,45,315,212,597,6.66,147,6,143,0
65,45,315,212,618,6.66,147,6,143,0
65,45,315,82,359,7.29,17,5,143,0
65,45,315,82,380,7.29,17,4,143,0
65,45,315,82,401,7.29,17,4,143,0
65,45,315,82,422,7.29,17,5,143,0
65,45,315,82,443,7.29,17,5,143,0
50,30,330,82,464,7.29,32,5,143,-1
35,15,345,82,485,7.29,47,5,143,-1
20,0,360,82,506,7.29,62,5,143,-1
20,0,360,82,527,7.29,62,5,143,0
20,0,360,82,548,7.29,62,5,143,0
20,0,360,82,569,7.29,62,6,143,0
20,0,360,82,590,7.29,62,6,143,0
20,0,360,82,611,7.29,62,6,143,0
20,0,360,82,632,7.29,62,5,143,0
20,0,360,293,590,7.51,273,4,143,0
20,0,360,293,614,7.51,273,4,143,0
20,0,360,293,638,7.51,273,5,143,0
20,0,360,124,294,6.67,104,4,143,0
20,0,360,124,315,6.67,104,4,144,0
20,0,360,124,336,6.67,104,4,144,0
20,0,360,124,357,6.67,104,4,144,0
20,0,360,124,378,6.67,104,4,144,0
20,0,360,124,399,6.67,104,4,144,0
20,0,360,124,420,6.67,104,5,144,0
20,0,360,124,441,6.67,104,5,144,0
20,0,360,124,462,6.67,104,5,144,0
20,0,360,124,483,6.67,104,5,144,0
20,0,360,124,504,6.67,104,5,144,0
20,0,360,124,525,6.67,104,5,144,0
20,0,360,124,546,6.67,104,5,144,0
20,0,360,124,567,6.67,104,6,144,0
20,0,360,124,588,6.67,104,6,144,0
20,0,360,124,609,6.67,104,6,144,0
20,0,360,124,630,6.67,104,5,144,0
20,0,360,124,651,6.67,104,5,144,0
20,0,360,296,458,6.12,276,4,144,0
20,0,360,296,476,6.12,276,5,144,0
20,0,360,296,494,6.12,276,5,144,0
20,0,360,296,512,6.12,276,5,145,0
20,0,360,296,530,6.12,276,5,145,0
20,0,360,296,548,6.12,276,5,145,0
20,0,360,296,566,6.12,276,5,145,0
20,0,360,290,538,6.98,270,5,145,0
20,0,360,290,559,6.98,270,6,145,0
20,0,360,188,442,6.64,168,6,145,0
20,0,360,188,463,6.64,168,6,145,0
20,0,360,188,484,6.64,168,5,145,0
20,0,360,188,505,6.64,168,5,145,0
20,0,360,188,526,6.64,168,4,145,0
20,0,360,188,547,6.64,168,4,145,0
20,0,360,188,568,6.64,168,5,145,0
20,0,360,188,589,6.64,168,5,145,0
20,0,360,188,610,6.64,168,5,145,0
25,5,355,40,350,6.86,15,5,145,1
40,20,340,40,371,6.86,0,4,145,1
55,35,325,40,392,6.86,-15,4,145,1
70,50,310,40,413,6.86,-30,5,145,1
80,60,300,40,434,6.86,-40,5,145,0
80,60,300,40,455,6.86,-40,5,146,0
80,60,300,40,476,6.86,-40,5,146,0
80,60,300,40,497,6.86,-40,5,146,0
80,60,300,40,518,6.86,-40,4,146,0
80,60,300,40,539,6.86,-40,4,146,0
80,60,300,40,560,6.86,-40,5,146,0
80,60,300,40,581,6.86,-40,5,146,0
80,60,300,40,602,6.86,-40,5,146,0
80,60,300,40,623,6.86,-40,5,146,0
80,60,300,132,503,6.69,52,5,146,0
80,60,300,132,524,6.69,52,4,146,0
80,60,300,132,545,6.69,52,4,146,0
80,60,300,132,566,6.69,52,5,146,0
80,60,300,132,587,6.69,52,5,146,0
80,60,300,132,608,6.69,52,5,146,0
80,60,300,132,629,6.69,52,5,146,0
80,60,300,132,650,6.69,52,5,146,0
80,60,300,100,397,7.15,20,4,146,0
80,60,300,100,418,7.15,20,5,146,0
80,60,300,100,439,7.15,20,5,146,0
80,60,300,100,460,7.15,20,5,147,0
80,60,300,100,481,7.15,20,5,147,0
80,60,300,100,502,7.15,20,5,147,0
65,45,315,100,523,7.15,35,4,147,-1
50,30,330,100,544,7.15,50,4,147,-1
50,30,330,100,565,7.15,50,5,147,0
50,30,330,100,586,7.15,50,5,147,0
50,30,330,100,607,7.15,50,5,147,0
50,30,330,100,628,7.15,50,5,147,0
50,30,330,367,504,6.71,317,4,147,0
50,30,330,367,525,6.71,317,4,147,0
50,30,330,367,546,6.71,317,4,147,0
50,30,330,99,291,6.78,49,5,147,0
50,30,330,99,312,6.78,49,5,147,0
50,30,330,99,333,6.78,49,5,147,0
50,30,330,99,354,6.78,49,5,147,0
50,30,330,99,375,6.78,49,5,147,0
50,30,330,99,396,6.78,49,4,147,0
50,30,330,99,417,6.78,49,5,147,0
50,30,330,99,438,6.78,49,5,147,0
50,30,330,99,459,6.78,49,5,148,0
50,30,330,99,480,6.78,49,5,148,0
50,30,330,99,501,6.78,49,5,148,0
50,30,330,99,522,6.78,49,4,148,0
50,30,330,99,543,6.78,49,4,148,0
50,30,330,99,564,6.78,49,5,148,0
50,30,330,99,585,6.78,49,5,148,0
50,30,330,99,606,6.78,49,5,148,0
50,30,330,99,627,6.78,49,5,148,0
50,30,330,99,648,6.78,49,5,148,0
50,30,330,18,445,7.54,-32,4,148,0
55,35,325,18,469,7.54,-37,4,148,1
70,50,310,18,493,7.54,-52,5,148,1
85,65,295,18,517,7.54,-67,5,148,1
100,80,280,18,541,7.54,-82,5,148,1
100,80,280,18,565,7.54,-82,5,148,0
100,80,280,18,589,7.54,-82,5,148,0
100,80,280,18,613,7.54,-82,4,148,0
100,80,280,18,637,7.54,-82,5,148,0
100,80,280,305,435,6.73,205,4,148,0
100,80,280,305,456,6.73,205,4,149,0
100,80,280,305,477,6.73,205,4,149,0
100,80,280,305,498,6.73,205,4,149,0
100,80,280,305,519,6.73,205,4,149,0
100,80,280,305,540,6.73,205,4,149,0
100,80,280,305,561,6.73,205,5,149,0
100,80,280,305,582,6.73,205,5,149,0
100,80,280,305,603,6.73,205,5,149,0
100,80,280,305,624,6.73,205,5,149,0
100,80,280,329,508,6.65,229,5,149,0
100,80,280,329,529,6.65,229,4,149,0
100,80,280,329,550,6.65,229,4,149,0
100,80,280,329,571,6.65,229,5,149,0
100,80,280,257,447,7.26,157,5,149,0
100,80,280,257,468,7.26,157,5,149,0
100,80,280,257,489,7.26,157,5,149,0
100,80,280,257,510,7.26,157,4,149,0
100,80,280,257,531,7.26,157,4,149,0
100,80,280,257,552,7.26,157,5,149,0
100,80,280,257,573,7.26,157,5,149,0
100,80,280,257,594,7.26,157,5,150,0
100,80,280,257,615,7.26,157,5,150,0
100,80,280,253,502,7.13,153,5,150,0
100,80,280,253,523,7.13,153,4,150,0
100,80,280,253,544,7.13,153,4,150,0
100,80,280,253,565,7.13,153,5,150,0
100,80,280,253,586,7.13,153,5,150,0
100,80,280,213,467,7.32,113,5,150,0
100,80,280,213,488,7.32,113,5,150,0
100,80,280,213,509,7.32,113,4,150,0
100,80,280,213,530,7.32,113,4,150,0
100,80,280,213,551,7.32,113,4,150,0
100,80,280,111,428,6.63,11,5,150,0
105,85,275,111,449,6.63,6,5,150,1
120,100,260,111,470,6.63,-9,5,150,1
135,115,245,111,491,6.63,-24,5,150,1
150,130,230,111,512,6.63,-39,4,150,1
155,135,225,111,533,6.63,-44,4,150,0
155,135,225,111,554,6.63,-44,5,150,0
155,135,225,111,575,6.63,-44,5,150,0
155,135,225,111,596,6.63,-44,5,151,0
155,135,225,111,617,6.63,-44,5,151,0
155,135,225,111,638,6.63,-44,5,151,0
155,135,225,306,595,7.53,151,4,151,0
155,135,225,306,619,7.53,151,4,151,0
155,135,225,161,323,7.66,6,5,151,0
155,135,225,161,347,7.66,6,4,151,0
155,135,225,161,371,7.66,6,4,151,0
155,135,225,161,395,7.66,6,4,151,0
150,130,230,161,419,7.66,11,4,151,-1
135,115,245,161,443,7.66,26,4,151,-1
120,100,260,161,467,7.66,41,4,151,-1
115,95,265,161,491,7.66,46,5,151,0
115,95,265,161,515,7.66,46,5,151,0
115,95,265,161,539,7.66,46,5,151,0
115,95,265,161,563,7.66,46,5,151,0
115,95,265,161,587,7.66,46,5,151,0
115,95,265,118,452,7.5,3,5,151,0
115,95,265,118,476,7.5,3,6,151,0
115,95,265,118,500,7.5,3,5,151,0
115,95,265,118,524,7.5,3,5,152,0
200,180,180,200,-100,0.0,0,0,0,0
200,180,180,200,-100,0.0,0,0,0,0
200,180,180,200,-100,0.0,0,0,0,0
200,180,180,200,-100,0.0,0,0,0,0
200,180,180,200,-100,0.0,0,0,0,0
200,180,180,200,-100,0.0,0,0,0,0
200,180,180,200,-100,0.0,0,0,0,0
200,180,180,200,-100,0.0,0,0,0,0
200,180,180,200,-100,0.0,0,0,0,0
200,180,180,200,-100,0.0,0,0,0,0
200,180,180,200,-100,0.0,0,0,0,0
200,180,180,200,-100,0.0,0,0,0,0
200,180,180,200,-100,0.0,0,0,0,0
200,180,180,200,-100,0.0,0,0,0,0
200,180,180,200,-100,0.0,0,0,0,0
200,180,180,200,-100,0.0,0,0,0,0
200,180,180,200,-100,0.0,0,0,0,0
200,180,180,200,-100,0.0,0,0,0,0
200,180,180,200,-100,0.0,0,0,0,0
200,180,180,30,-10,2.75,-170,1,1,0
200,180,180,30,-1,2.75,-170,1,1,0
200,180,180,30,8,2.75,-170,1,1,0
200,180,180,30,17,2.75,-170,1,1,0
200,180,180,30,26,2.75,-170,1,1,0
200,180,180,30,35,2.75,-170,1,1,0
200,180,180,30,44,2.75,-170,1,1,0
200,180,180,30,53,2.75,-170,1,1,0
200,180,180,30,62,2.75,-170,1,1,0
200,180,180,30,71,2.75,-170,1,1,0
200,180,180,30,80,2.75,-170,1,1,0
200,180,180,30,89,2.75,-170,1,1,0
200,180,180,30,98,2.75,-170,1,1,0
200,180,180,30,107,2.75,-170,1,1,0
200,180,180,30,116,2.75,-170,1,1,0
200,180,180,30,125,2.75,-170,1,1,0
200,180,180,30,134,2.75,-170,1,1,0
200,180,180,30,143,2.75,-170,1,1,0
200,180,180,30,152,2.75,-170,1,1,0
200,180,180,30,161,2.75,-170,1,1,0
200,180,180,30,170,2.75,-170,2,2,0
200,180,180,30,179,2.75,-170,2,2,0
200,180,180,30,188,2.75,-170,2,2,0
200,180,180,30,197,2.75,-170,2,2,0
200,180,180,30,206,2.75,-170,2,2,0
200,180,180,30,215,2.75,-170,2,2,0
200,180,180,30,224,2.75,-170,2,2,0
200,180,180,30,233,2.75,-170,2,2,0
200,180,180,30,242,2.75,-170,2,2,0
200,180,180,30,251,2.75,-170,2,2,0
200,180,180,30,260,2.75,-170,2,2,0
200,180,180,30,269,2.75,-170,2,2,0
200,180,180,30,278,2.75,-170,2,2,0
200,180,180,30,287,2.75,-170,2,2,0
200,180,180,30,296,2.75,-170,2,2,0
200,180,180,30,305,2.75,-170,2,2,0
200,180,180,30,314,2.75,-170,2,2,0
200,180,180,30,323,2.75,-170,2,2,0
200,180,180,30,332,2.75,-170,2,2,0
200,180,180,30,341,2.75,-170,2,2,0
200,180,180,30,350,2.75,-170,3,3,0
200,180,180,30,359,2.75,-170,3,3,0
200,180,180,30,368,2.75,-170,3,3,0
200,180,180,30,377,2.75,-170,3,3,0
200,180,180,30,386,2.75,-170,3,3,0
200,180,180,30,395,2.75,-170,3,3,0
200,180,180,30,404,2.75,-170,3,3,0
200,180,180,30,413,2.75,-170,3,3,0
200,180,180,30,422,2.75,-170,3,3,0
200,180,180,30,431,2.75,-170,3,3,0
200,180,180,30,440,2.75,-170,3,3,0
200,180,180,30,449,2.75,-170,3,3,0
200,180,180,30,458,2.75,-170,3,3,0
200,180,180,30,467,2.75,-170,3,3,0
200,180,180,30,476,2.75,-170,3,3,0
200,180,180,30,485,2.75,-170,3,3,0
200,180,180,30,494,2.75,-170,3,3,0
200,180,180,30,503,2.75,-170,3,3,0
200,180,180,30,512,2.75,-170,3,3,0
200,180,180,30,521,2.75,-170,3,3,0
200,180,180,30,530,2.75,-170,4,4,0
200,180,180,30,539,2.75,-170,4,4,0
200,180,180,30,548,2.75,-170,4,4,0
200,180,180,30,557,2.75,-170,4,4,0
200,180,180,184,390,2.72,-16,4,4,0
200,180,180,184,399,2.72,-16,4,4,0
200,180,180,184,408,2.72,-16,4,4,0
200,180,180,184,417,2.72,-16,4,4,0
200,180,180,184,426,2.72,-16,4,4,0
200,180,180,184,435,2.72,-16,4,4,0
210,190,170,184,444,2.72,-26,4,4,1
225,205,155,184,453,2.72,-41,4,4,1
240,220,140,184,462,2.72,-56,4,4,1
245,225,135,184,471,2.72,-61,4,4,0
245,225,135,184,480,2.72,-61,3,4,0
245,225,135,184,489,2.72,-61,3,4,0
245,225,135,184,498,2.72,-61,3,4,0
245,225,135,184,507,2.72,-61,3,4,0
245,225,135,184,516,2.72,-61,3,4,0
245,225,135,184,525,2.72,-61,3,4,0
245,225,135,184,534,2.72,-61,4,5,0
245,225,135,184,543,2.72,-61,4,5,0
245,225,135,184,552,2.72,-61,4,5,0
245,225,135,184,561,2.72,-61,4,5,0
245,225,135,184,570,2.72,-61,4,5,0
245,225,135,184,579,2.72,-61,4,5,0
245,225,135,184,588,2.72,-61,4,5,0
245,225,135,184,597,2.72,-61,4,5,0
245,225,135,184,606,2.72,-61,4,5,0
245,225,135,184,615,2.72,-61,4,5,0
245,225,135,184,624,2.72,-61,4,5,0
245,225,135,184,633,2.72,-61,4,5,0
245,225,135,184,642,2.72,-61,4,5,0
245,225,135,94,471,3.4,-151,3,5,0
245,225,135,94,480,3.4,-151,3,5,0
245,225,135,94,489,3.4,-151,3,5,0
245,225,135,94,498,3.4,-151,3,5,0
245,225,135,162,442,3.93,-83,3,5,0
245,225,135,162,454,3.93,-83,3,5,0
245,225,135,162,466,3.93,-83,4,5,0
245,225,135,162,478,3.93,-83,4,6,0
245,225,135,162,490,3.93,-83,4,6,0
245,225,135,162,502,3.93,-83,4,6,0
245,225,135,162,514,3.93,-83,4,6,0
245,225,135,162,526,3.93,-83,4,6,0
245,225,135,162,538,3.93,-83,4,6,0
245,225,135,162,550,3.93,-83,4,6,0
245,225,135,162,562,3.93,-83,4,6,0
245,225,135,162,574,3.93,-83,4,6,0
245,225,135,162,586,3.93,-83,4,6,0
245,225,135,162,598,3.93,-83,4,6,0
245,225,135,162,610,3.93,-83,4,6,0
245,225,135,162,622,3.93,-83,4,6,0
245,225,135,162,634,3.93,-83,3,6,0
245,225,135,162,646,3.93,-83,3,6,0
245,225,135,190,419,4.02,-55,2,6,0
245,225,135,190,431,4.02,-55,2,6,0
245,225,135,190,443,4.02,-55,2,6,0
245,225,135,190,455,4.02,-55,2,6,0
245,225,135,190,467,4.02,-55,3,6,0
245,225,135,190,479,4.02,-55,3,7,0
245,225,135,190,491,4.02,-55,3,7,0
245,225,135,190,503,4.02,-55,3,7,0
245,225,135,190,515,4.02,-55,3,7,0
245,225,135,190,527,4.02,-55,3,7,0
245,225,135,190,539,4.02,-55,3,7,0
245,225,135,190,551,4.02,-55,3,7,0
245,225,135,190,563,4.02,-55,3,7,0
245,225,135,190,575,4.02,-55,3,7,0
245,225,135,190,587,4.02,-55,3,7,0
245,225,135,190,599,4.02,-55,3,7,0
245,225,135,190,611,4.02,-55,3,7,0
245,225,135,190,623,4.02,-55,3,7,0
245,225,135,190,635,4.02,-55,3,7,0
245,225,135,190,647,4.02,-55,3,7,0
245,225,135,117,423,3.65,-128,2,7,0
245,225,135,117,435,3.65,-128,2,7,0
245,225,135,117,447,3.65,-128,2,7,0
245,225,135,117,459,3.65,-128,3,7,0
245,225,135,117,471,3.65,-128,3,7,0
245,225,135,117,483,3.65,-128,3,8,0
245,225,135,117,495,3.65,-128,3,8,0
245,225,135,117,507,3.65,-128,3,8,0
245,225,135,117,519,3.65,-128,3,8,0
245,225,135,117,531,3.65,-128,3,8,0
245,225,135,117,543,3.65,-128,3,8,0
245,225,135,117,555,3.65,-128,3,8,0
245,225,135,117,567,3.65,-128,3,8,0
245,225,135,117,579,3.65,-128,3,8,0
245,225,135,117,591,3.65,-128,3,8,0
245,225,135,117,603,3.65,-128,3,8,0
245,225,135,117,615,3.65,-128,3,8,0
245,225,135,117,627,3.65,-128,3,8,0
245,225,135,117,639,3.65,-128,3,8,0
245,225,135,117,651,3.65,-128,3,8,0
245,225,135,155,318,3.41,-90,2,8,0
245,225,135,155,327,3.41,-90,2,8,0
245,225,135,155,336,3.41,-90,3,8,0
245,225,135,155,345,3.41,-90,3,8,0
245,225,135,155,354,3.41,-90,3,8,0
245,225,135,155,363,3.41,-90,3,9,0
245,225,135,155,372,3.41,-90,3,9,0
245,225,135,155,381,3.41,-90,3,9,0
245,225,135,155,390,3.41,-90,3,9,0
245,225,135,155,399,3.41,-90,3,9,0
245,225,135,247,322,4.15,2,3,9,0
245,225,135,247,334,4.15,2,3,9,0
245,225,135,247,346,4.15,2,3,9,0
245,225,135,247,358,4.15,2,3,9,0
245,225,135,247,370,4.15,2,3,9,0
245,225,135,247,382,4.15,2,3,9,0
245,225,135,247,394,4.15,2,3,9,0
245,225,135,247,406,4.15,2,3,9,0
255,235,125,247,418,4.15,-8,3,9,1
270,250,110,247,430,4.15,-23,3,9,1
285,265,95,247,442,4.15,-38,3,9,1
300,280,80,247,454,4.15,-53,4,9,1
300,280,80,247,466,4.15,-53,4,9,0
300,280,80,247,478,4.15,-53,4,9,0
300,280,80,247,490,4.15,-53,4,9,0
300,280,80,247,502,4.15,-53,4,10,0
300,280,80,247,514,4.15,-53,4,10,0
300,280,80,247,526,4.15,-53,4,10,0
300,280,80,247,538,4.15,-53,4,10,0
300,280,80,247,550,4.15,-53,4,10,0
300,280,80,247,562,4.15,-53,4,10,0
300,280,80,247,574,4.15,-53,4,10,0
300,280,80,247,586,4.15,-53,4,10,0
300,280,80,247,598,4.15,-53,4,10,0
300,280,80,247,610,4.15,-53,4,10,0
300,280,80,247,622,4.15,-53,4,10,0
300,280,80,247,634,4.15,-53,4,10,0
300,280,80,247,646,4.15,-53,4,10,0
300,280,80,259,425,4.06,-41,2,10,0
300,280,80,259,437,4.06,-41,2,10,0
300,280,80,259,449,4.06,-41,3,10,0
300,280,80,259,461,4.06,-41,3,10,0
300,280,80,259,473,4.06,-41,3,10,0
300,280,80,259,485,4.06,-41,3,10,0
300,280,80,259,497,4.06,-41,3,10,0
300,280,80,259,509,4.06,-41,3,11,0
300,280,80,259,521,4.06,-41,3,11,0
300,280,80,259,533,4.06,-41,3,11,0
300,280,80,259,545,4.06,-41,3,11,0
300,280,80,259,557,4.06,-41,3,11,0
300,280,80,259,569,4.06,-41,3,11,0
300,280,80,259,581,4.06,-41,3,11,0
300,280,80,259,593,4.06,-41,3,11,0
300,280,80,259,605,4.06,-41,3,11,0
300,280,80,259,617,4.06,-41,3,11,0
300,280,80,259,629,4.06,-41,3,11,0
300,280,80,259,641,4.06,-41,3,11,0
300,280,80,367,422,4.02,67,2,11,0
300,280,80,367,434,4.02,67,2,11,0
300,280,80,367,446,4.02,67,3,11,0
300,280,80,367,458,4.02,67,3,11,0
300,280,80,367,470,4.02,67,3,11,0
300,280,80,367,482,4.02,67,3,11,0
300,280,80,367,494,4.02,67,3,11,0
300,280,80,367,506,4.02,67,3,11,0
300,280,80,367,518,4.02,67,3,12,0
300,280,80,367,530,4.02,67,3,12,0
300,280,80,367,542,4.02,67,3,12,0
300,280,80,367,554,4.02,67,3,12,0
300,280,80,367,566,4.02,67,3,12,0
300,280,80,367,578,4.02,67,3,12,0
300,280,80,367,590,4.02,67,3,12,0
300,280,80,367,602,4.02,67,3,12,0
300,280,80,367,614,4.02,67,3,12,0
300,280,80,367,626,4.02,67,3,12,0
300,280,80,367,638,4.02,67,3,12,0
300,280,80,367,650,4.02,67,3,12,0
300,280,80,73,439,4.0,-227,2,12,0
300,280,80,73,451,4.0,-227,3,12,0
300,280,80,73,463,4.0,-227,3,12,0
300,280,80,73,475,4.0,-227,3,12,0
300,280,80,73,487,4.0,-227,3,12,0
300,280,80,73,499,4.0,-227,3,12,0
300,280,80,73,511,4.0,-227,3,12,0
300,280,80,73,523,4.0,-227,3,12,0
300,280,80,73,535,4.0,-227,3,13,0
300,280,80,73,547,4.0,-227,3,13,0
300,280,80,73,559,4.0,-227,3,13,0
300,280,80,73,571,4.0,-227,3,13,0
300,280,80,337,351,3.75,37,3,13,0
300,280,80,337,363,3.75,37,3,13,0
300,280,80,337,375,3.75,37,3,13,0
300,280,80,337,387,3.75,37,3,13,0
300,280,80,337,399,3.75,37,3,13,0
300,280,80,337,411,3.75,37,3,13,0
300,280,80,337,423,3.75,37,2,13,0
300,280,80,337,435,3.75,37,2,13,0
300,280,80,337,447,3.75,37,3,13,0
300,280,80,337,459,3.75,37,3,13,0
285,265,95,337,471,3.75,52,3,13,-1
270,250,110,337,483,3.75,67,3,13,-1
255,235,125,337,495,3.75,82,3,13,-1
250,230,130,337,507,3.75,87,3,13,0
250,230,130,337,519,3.75,87,3,13,0
250,230,130,337,531,3.75,87,3,13,0
250,230,130,337,543,3.75,87,3,14,0
250,230,130,337,555,3.75,87,3,14,0
250,230,130,337,567,3.75,87,3,14,0
250,230,130,337,579,3.75,87,3,14,0
250,230,130,337,591,3.75,87,3,14,0
250,230,130,337,603,3.75,87,3,14,0
250,230,130,337,615,3.75,87,3,14,0
250,230,130,337,627,3.75,87,3,14,0
250,230,130,337,639,3.75,87,3,14,0
250,230,130,337,651,3.75,87,3,14,0
250,230,130,125,329,2.8,-125,3,14,0
250,230,130,125,338,2.8,-125,3,14,0
250,230,130,125,347,2.8,-125,3,14,0
250,230,130,125,356,2.8,-125,3,14,0
250,230,130,125,365,2.8,-125,3,14,0
250,230,130,125,374,2.8,-125,3,14,0
250,230,130,125,383,2.8,-125,3,14,0
250,230,130,125,392,2.8,-125,3,14,0
250,230,130,125,401,2.8,-125,3,14,0
250,230,130,125,410,2.8,-125,3,14,0
250,230,130,125,419,2.8,-125,3,15,0
250,230,130,125,428,2.8,-125,3,15,0
250,230,130,125,437,2.8,-125,3,15,0
250,230,130,125,446,2.8,-125,3,15,0
250,230,130,125,455,2.8,-125,3,15,0
250,230,130,125,464,2.8,-125,3,15,0
250,230,130,125,473,2.8,-125,3,15,0
250,230,130,125,482,2.8,-125,3,15,0
250,230,130,125,491,2.8,-125,3,15,0
250,230,130,125,500,2.8,-125,4,15,0
250,230,130,125,509,2.8,-125,4,15,0
250,230,130,125,518,2.8,-125,4,15,0
250,230,130,125,527,2.8,-125,4,15,0
250,230,130,125,536,2.8,-125,4,15,0
250,230,130,125,545,2.8,-125,4,15,0
250,230,130,125,554,2.8,-125,4,15,0
250,230,130,125,563,2.8,-125,4,15,0
250,230,130,125,572,2.8,-125,4,15,0
250,230,130,125,581,2.8,-125,4,15,0
250,230,130,125,590,2.8,-125,4,15,0
250,230,130,125,599,2.8,-125,4,16,0
250,230,130,125,608,2.8,-125,4,16,0
250,230,130,125,617,2.8,-125,4,16,0
250,230,130,125,626,2.8,-125,4,16,0
250,230,130,125,635,2.8,-125,4,16,0
250,230,130,172,413,3.91,-78,4,16,0
250,230,130,172,425,3.91,-78,2,16,0
250,230,130,172,437,3.91,-78,3,16,0
250,230,130,172,449,3.91,-78,3,16,0
250,230,130,172,461,3.91,-78,3,16,0
250,230,130,172,473,3.91,-78,3,16,0
250,230,130,172,485,3.91,-78,3,16,0
250,230,130,172,497,3.91,-78,3,16,0
250,230,130,172,509,3.91,-78,3,16,0
250,230,130,172,521,3.91,-78,3,16,0
250,230,130,172,533,3.91,-78,3,16,0
250,230,130,172,545,3.91,-78,3,16,0
250,230,130,172,557,3.91,-78,3,16,0
250,230,130,172,569,3.91,-78,3,16,0
250,230,130,172,581,3.91,-78,3,16,0
250,230,130,172,593,3.91,-78,3,17,0
250,230,130,172,605,3.91,-78,3,17,0
250,230,130,172,617,3.91,-78,3,17,0
250,230,130,172,629,3.91,-78,3,17,0
250,230,130,172,641,3.91,-78,3,17,0
250,230,130,343,429,4.16,93,3,17,0
250,230,130,343,441,4.16,93,3,17,0
250,230,130,343,453,4.16,93,3,17,0
250,230,130,343,465,4.16,93,3,17,0
250,230,130,343,477,4.16,93,3,17,0
250,230,130,343,489,4.16,93,3,17,0
250,230,130,343,501,4.16,93,3,17,0
250,230,130,343,513,4.16,93,3,17,0
250,230,130,343,525,4.16,93,3,17,0
250,230,130,343,537,4.16,93,3,17,0
250,230,130,343,549,4.16,93,3,17,0
250,230,130,343,561,4.16,93,3,17,0
250,230,130,343,573,4.16,93,3,17,0
250,230,130,343,585,4.16,93,3,17,0
250,230,130,343,597,4.16,93,3,17,0
250,230,130,343,609,4.16,93,3,18,0
250,230,130,343,621,4.16,93,3,18,0
250,230,130,343,633,4.16,93,3,18,0
250,230,130,343,645,4.16,93,4,18,0
250,230,130,65,441,3.57,-185,3,18,0
250,230,130,65,453,3.57,-185,3,18,0
250,230,130,65,465,3.57,-185,3,18,0
250,230,130,65,477,3.57,-185,3,18,0
250,230,130,65,489,3.57,-185,3,18,0
250,230,130,65,501,3.57,-185,3,18,0
250,230,130,65,513,3.57,-185,3,18,0
250,230,130,65,525,3.57,-185,3,18,0
250,230,130,65,537,3.57,-185,3,18,0
250,230,130,65,549,3.57,-185,3,18,0
250,230,130,65,561,3.57,-185,3,18,0
250,230,130,65,573,3.57,-185,3,18,0
250,230,130,65,585,3.57,-185,3,18,0
250,230,130,65,597,3.57,-185,3,18,0
250,230,130,65,609,3.57,-185,3,18,0
250,230,130,65,621,3.57,-185,3,18,0
250,230,130,376,413,3.96,126,3,19,0
250,230,130,376,425,3.96,126,4,19,0
250,230,130,376,437,3.96,126,3,19,0
250,230,130,376,449,3.96,126,3,19,0
250,230,130,376,461,3.96,126,3,19,0
250,230,130,376,473,3.96,126,3,19,0
250,230,130,376,485,3.96,126,3,19,0
250,230,130,376,497,3.96,126,3,19,0
250,230,130,376,509,3.96,126,3,19,0
250,230,130,376,521,3.96,126,3,19,0
250,230,130,376,533,3.96,126,3,19,0
250,230,130,376,545,3.96,126,3,19,0
250,230,130,376,557,3.96,126,3,19,0
250,230,130,376,569,3.96,126,3,19,0
250,230,130,376,581,3.96,126,3,19,0
250,230,130,376,593,3.96,126,3,19,0
250,230,130,376,605,3.96,126,3,19,0
250,230,130,376,617,3.96,126,3,19,0
250,230,130,376,629,3.96,126,3,19,0
250,230,130,376,641,3.96,126,4,19,0
250,230,130,324,327,3.02,74,3,20,0
250,230,130,324,336,3.02,74,3,20,0
250,230,130,324,345,3.02,74,3,20,0
250,230,130,324,354,3.02,74,3,20,0
250,230,130,324,363,3.02,74,3,20,0
250,230,130,324,372,3.02,74,3,20,0
250,230,130,324,381,3.02,74,3,20,0
250,230,130,324,390,3.02,74,3,20,0
250,230,130,324,399,3.02,74,3,20,0
250,230,130,324,408,3.02,74,3,20,0
250,230,130,324,417,3.02,74,3,20,0
250,230,130,324,426,3.02,74,3,20,0
250,230,130,324,435,3.02,74,3,20,0
250,230,130,257,379,4.04,7,3,20,0
250,230,130,257,391,4.04,7,3,20,0
250,230,130,257,403,4.04,7,3,20,0
250,230,130,257,415,4.04,7,3,20,0
250,230,130,257,427,4.04,7,4,20,0
250,230,130,257,439,4.04,7,4,20,0
245,225,135,257,451,4.04,12,4,20,-1
230,210,150,257,463,4.04,27,4,21,-1
215,195,165,257,475,4.04,42,4,21,-1
200,180,180,257,487,4.04,57,4,21,-1
200,180,180,257,499,4.04,57,4,21,0
200,180,180,257,511,4.04,57,4,21,0
200,180,180,257,523,4.04,57,4,21,0
200,180,180,257,535,4.04,57,4,21,0
200,180,180,257,547,4.04,57,4,21,0
200,180,180,257,559,4.04,57,4,21,0
200,180,180,257,571,4.04,57,4,21,0
200,180,180,257,583,4.04,57,4,21,0
200,180,180,257,595,4.04,57,4,21,0
200,180,180,257,607,4.04,57,4,21,0
200,180,180,257,619,4.04,57,4,21,0
200,180,180,257,631,4.04,57,4,21,0
200,180,180,257,643,4.04,57,5,21,0
200,180,180,90,435,4.27,-110,3,21,0
200,180,180,90,447,4.27,-110,3,21,0
200,180,180,90,459,4.27,-110,3,21,0
200,180,180,90,471,4.27,-110,3,21,0
200,180,180,90,483,4.27,-110,3,22,0
200,180,180,90,495,4.27,-110,3,22,0
200,180,180,90,507,4.27,-110,3,22,0
200,180,180,90,519,4.27,-110,3,22,0
200,180,180,90,531,4.27,-110,3,22,0
200,180,180,90,543,4.27,-110,3,22,0
200,180,180,90,555,4.27,-110,3,22,0
200,180,180,90,567,4.27,-110,3,22,0
200,180,180,90,579,4.27,-110,3,22,0
200,180,180,90,591,4.27,-110,3,22,0
200,180,180,90,603,4.27,-110,3,22,0
200,180,180,90,615,4.27,-110,3,22,0
200,180,180,90,627,4.27,-110,3,22,0
200,180,180,90,639,4.27,-110,4,22,0
200,180,180,90,651,4.27,-110,4,22,0
200,180,180,328,449,3.78,128,3,22,0
200,180,180,328,461,3.78,128,3,22,0
200,180,180,328,473,3.78,128,3,22,0
200,180,180,328,485,3.78,128,3,22,0
200,180,180,328,497,3.78,128,3,22,0
200,180,180,328,509,3.78,128,3,23,0
200,180,180,328,521,3.78,128,3,23,0
200,180,180,328,533,3.78,128,3,23,0
200,180,180,328,545,3.78,128,3,23,0
200,180,180,328,557,3.78,128,3,23,0
200,180,180,328,569,3.78,128,3,23,0
200,180,180,328,581,3.78,128,3,23,0
200,180,180,328,593,3.78,128,3,23,0
200,180,180,328,605,3.78,128,3,23,0
200,180,180,328,617,3.78,128,3,23,0
200,180,180,328,629,3.78,128,4,23,0
200,180,180,328,641,3.78,128,4,23,0
200,180,180,81,325,3.33,-119,3,23,0
200,180,180,81,334,3.33,-119,3,23,0
200,180,180,81,343,3.33,-119,3,23,0
200,180,180,81,352,3.33,-119,3,23,0
200,180,180,81,361,3.33,-119,3,23,0
200,180,180,81,370,3.33,-119,3,23,0
200,180,180,81,379,3.33,-119,3,23,0
200,180,180,81,388,3.33,-119,3,23,0
200,180,180,81,397,3.33,-119,3,24,0
200,180,180,81,406,3.33,-119,3,24,0
200,180,180,81,415,3.33,-119,3,24,0
200,180,180,81,424,3.33,-119,3,24,0
200,180,180,81,433,3.33,-119,3,24,0
200,180,180,81,442,3.33,-119,3,24,0
200,180,180,81,451,3.33,-119,3,24,0
200,180,180,81,460,3.33,-119,3,24,0
200,180,180,81,469,3.33,-119,4,24,0
200,180,180,81,478,3.33,-119,4,24,0
200,180,180,81,487,3.33,-119,4,24,0
200,180,180,81,496,3.33,-119,4,24,0
200,180,180,122,466,3.55,-78,4,24,0
200,180,180,122,478,3.55,-78,4,24,0
200,180,180,122,490,3.55,-78,4,24,0
200,180,180,122,502,3.55,-78,4,24,0
200,180,180,122,514,3.55,-78,4,24,0
200,180,180,122,526,3.55,-78,4,24,0
200,180,180,122,538,3.55,-78,4,24,0
200,180,180,122,550,3.55,-78,4,24,0
200,180,180,122,562,3.55,-78,4,25,0
200,180,180,122,574,3.55,-78,4,25,0
200,180,180,122,586,3.55,-78,4,25,0
200,180,180,122,598,3.55,-78,4,25,0
200,180,180,122,610,3.55,-78,4,25,0
200,180,180,122,622,3.55,-78,5,25,0
200,180,180,122,634,3.55,-78,5,25,0
200,180,180,47,550,4.56,-153,5,25,0
200,180,180,47,565,4.56,-153,4,25,0
200,180,180,47,580,4.56,-153,3,25,0
200,180,180,47,595,4.56,-153,3,25,0
200,180,180,47,610,4.56,-153,3,25,0
200,180,180,47,625,4.56,-153,3,25,0
200,180,180,47,640,4.56,-153,3,25,0
200,180,180,362,230,3.26,162,2,25,0
200,180,180,362,239,3.26,162,2,25,0
200,180,180,362,248,3.26,162,2,25,0
200,180,180,157,140,4.36,-43,2,25,0
200,180,180,157,152,4.36,-43,2,25,0
200,180,180,157,164,4.36,-43,2,25,0
200,180,180,157,176,4.36,-43,2,26,0
200,180,180,157,188,4.36,-43,2,26,0
200,180,180,157,200,4.36,-43,3,26,0
200,180,180,157,212,4.36,-43,3,26,0
200,180,180,157,224,4.36,-43,3,26,0
200,180,180,157,236,4.36,-43,3,26,0
200,180,180,157,248,4.36,-43,3,26,0
200,180,180,157,260,4.36,-43,3,26,0
200,180,180,157,272,4.36,-43,3,26,0
200,180,180,157,284,4.36,-43,3,26,0
200,180,180,157,296,4.36,-43,3,26,0
200,180,180,157,308,4.36,-43,3,26,0
200,180,180,157,320,4.36,-43,3,26,0
200,180,180,157,332,4.36,-43,3,26,0
200,180,180,157,344,4.36,-43,3,26,0
200,180,180,157,356,4.36,-43,3,26,0
200,180,180,157,368,4.36,-43,3,26,0
200,180,180,157,380,4.36,-43,3,26,0
200,180,180,157,392,4.36,-43,3,26,0
200,180,180,157,404,4.36,-43,3,26,0
200,180,180,157,416,4.36,-43,4,27,0
200,180,180,157,428,4.36,-43,4,27,0
200,180,180,157,440,4.36,-43,4,27,0
200,180,180,157,452,4.36,-43,4,27,0
200,180,180,157,464,4.36,-43,4,27,0
200,180,180,157,476,4.36,-43,4,27,0
200,180,180,157,488,4.36,-43,4,27,0
200,180,180,157,500,4.36,-43,4,27,0
200,180,180,157,512,4.36,-43,4,27,0
200,180,180,157,524,4.36,-43,4,27,0
200,180,180,157,536,4.36,-43,4,27,0
200,180,180,157,548,4.36,-43,4,27,0
200,180,180,157,560,4.36,-43,4,27,0
200,180,180,157,572,4.36,-43,4,27,0
200,180,180,157,584,4.36,-43,4,27,0
200,180,180,157,596,4.36,-43,4,27,0
200,180,180,157,608,4.36,-43,4,27,0
200,180,180,157,620,4.36,-43,5,27,0
200,180,180,157,632,4.36,-43,5,27,0
210,190,170,202,439,4.16,-8,5,27,1
225,205,155,202,451,4.16,-23,4,28,1
240,220,140,202,463,4.16,-38,3,28,1
255,235,125,202,475,4.16,-53,3,28,1
270,250,110,202,487,4.16,-68,3,28,1
275,255,105,202,499,4.16,-73,3,28,0
275,255,105,202,511,4.16,-73,3,28,0
275,255,105,202,523,4.16,-73,3,28,0
275,255,105,202,535,4.16,-73,3,28,0
275,255,105,202,547,4.16,-73,3,28,0
275,255,105,202,559,4.16,-73,3,28,0
275,255,105,202,571,4.16,-73,3,28,0
275,255,105,202,583,4.16,-73,3,28,0
275,255,105,202,595,4.16,-73,3,28,0
275,255,105,202,607,4.16,-73,3,28,0
275,255,105,202,619,4.16,-73,4,28,0
275,255,105,202,631,4.16,-73,4,28,0
275,255,105,202,643,4.16,-73,4,28,0
275,255,105,134,334,3.3,-141,3,28,0
275,255,105,134,343,3.3,-141,3,28,0
275,255,105,134,352,3.3,-141,3,28,0
275,255,105,134,361,3.3,-141,3,29,0
275,255,105,134,370,3.3,-141,3,29,0
275,255,105,134,379,3.3,-141,3,29,0
275,255,105,134,388,3.3,-141,3,29,0
275,255,105,134,397,3.3,-141,3,29,0
275,255,105,134,406,3.3,-141,3,29,0
275,255,105,134,415,3.3,-141,3,29,0
275,255,105,134,424,3.3,-141,3,29,0
275,255,105,134,433,3.3,-141,3,29,0
275,255,105,134,442,3.3,-141,3,29,0
275,255,105,134,451,3.3,-141,3,29,0
275,255,105,134,460,3.3,-141,4,29,0
275,255,105,134,469,3.3,-141,4,29,0
275,255,105,134,478,3.3,-141,4,29,0
275,255,105,134,487,3.3,-141,4,29,0
275,255,105,179,453,4.0,-96,4,29,0
275,255,105,179,465,4.0,-96,4,29,0
275,255,105,179,477,4.0,-96,4,29,0
275,255,105,179,489,4.0,-96,4,29,0
275,255,105,179,501,4.0,-96,4,29,0
275,255,105,179,513,4.0,-96,4,30,0
275,255,105,179,525,4.0,-96,4,30,0
275,255,105,179,537,4.0,-96,4,30,0
275,255,105,179,549,4.0,-96,4,30,0
275,255,105,179,561,4.0,-96,4,30,0
275,255,105,179,573,4.0,-96,4,30,0
275,255,105,179,585,4.0,-96,4,30,0
275,255,105,179,597,4.0,-96,5,30,0
275,255,105,179,609,4.0,-96,5,30,0
275,255,105,179,621,4.0,-96,5,30,0
275,255,105,179,633,4.0,-96,5,30,0
275,255,105,179,645,4.0,-96,5,30,0
275,255,105,115,454,4.38,-160,3,30,0
275,255,105,115,466,4.38,-160,3,30,0
275,255,105,115,478,4.38,-160,3,30,0
275,255,105,115,490,4.38,-160,3,30,0
275,255,105,115,502,4.38,-160,3,30,0
275,255,105,115,514,4.38,-160,3,30,0
275,255,105,115,526,4.38,-160,3,30,0
275,255,105,115,538,4.38,-160,3,30,0
275,255,105,115,550,4.38,-160,3,31,0
275,255,105,115,562,4.38,-160,3,31,0
275,255,105,115,574,4.38,-160,3,31,0
275,255,105,115,586,4.38,-160,3,31,0
275,255,105,115,598,4.38,-160,4,31,0
275,255,105,115,610,4.38,-160,4,31,0
275,255,105,115,622,4.38,-160,4,31,0
275,255,105,287,321,3.47,12,4,31,0
275,255,105,287,330,3.47,12,4,31,0
275,255,105,287,339,3.47,12,3,31,0
275,255,105,287,348,3.47,12,3,31,0
275,255,105,287,357,3.47,12,3,31,0
275,255,105,287,366,3.47,12,3,31,0
275,255,105,287,375,3.47,12,3,31,0
275,255,105,287,384,3.47,12,3,31,0
275,255,105,287,393,3.47,12,3,31,0
275,255,105,287,402,3.47,12,3,31,0
275,255,105,287,411,3.47,12,3,31,0
275,255,105,287,420,3.47,12,3,31,0
275,255,105,287,429,3.47,12,3,31,0
275,255,105,287,438,3.47,12,3,32,0
265,245,115,287,447,3.47,22,4,32,-1
250,230,130,287,456,3.47,37,4,32,-1
235,215,145,287,465,3.47,52,4,32,-1
220,200,160,287,474,3.47,67,4,32,-1
220,200,160,287,483,3.47,67,4,32,0
220,200,160,287,492,3.47,67,4,32,0
220,200,160,287,501,3.47,67,4,32,0
220,200,160,287,510,3.47,67,4,32,0
220,200,160,287,519,3.47,67,4,32,0
220,200,160,287,528,3.47,67,4,32,0
220,200,160,287,537,3.47,67,4,32,0
220,200,160,287,546,3.47,67,4,32,0
220,200,160,287,555,3.47,67,4,32,0
220,200,160,287,564,3.47,67,4,32,0
220,200,160,287,573,3.47,67,4,32,0
220,200,160,287,582,3.47,67,4,32,0
220,200,160,287,591,3.47,67,5,32,0
220,200,160,287,600,3.47,67,5,32,0
220,200,160,287,609,3.47,67,5,32,0
220,200,160,287,618,3.47,67,5,33,0
220,200,160,287,627,3.47,67,5,33,0
220,200,160,287,636,3.47,67,4,33,0
220,200,160,287,645,3.47,67,4,33,0
220,200,160,389,599,4.66,169,3,33,0
220,200,160,389,614,4.66,169,3,33,0
220,200,160,389,629,4.66,169,3,33,0
220,200,160,389,644,4.66,169,3,33,0
220,200,160,94,322,4.08,-126,2,33,0
220,200,160,94,334,4.08,-126,2,33,0
220,200,160,94,346,4.08,-126,2,33,0
220,200,160,94,358,4.08,-126,2,33,0
220,200,160,94,370,4.08,-126,2,33,0
220,200,160,94,382,4.08,-126,2,33,0
220,200,160,94,394,4.08,-126,3,33,0
220,200,160,94,406,4.08,-126,3,33,0
220,200,160,94,418,4.08,-126,3,33,0
220,200,160,94,430,4.08,-126,3,33,0
220,200,160,94,442,4.08,-126,3,33,0
220,200,160,94,454,4.08,-126,3,33,0
220,200,160,94,466,4.08,-126,3,34,0
220,200,160,94,478,4.08,-126,3,34,0
220,200,160,94,490,4.08,-126,3,34,0
220,200,160,94,502,4.08,-126,3,34,0
220,200,160,94,514,4.08,-126,3,34,0
220,200,160,94,526,4.08,-126,3,34,0
220,200,160,94,538,4.08,-126,3,34,0
220,200,160,94,550,4.08,-126,3,34,0
220,200,160,94,562,4.08,-126,3,34,0
220,200,160,94,574,4.08,-126,3,34,0
220,200,160,94,586,4.08,-126,4,34,0
220,200,160,94,598,4.08,-126,4,34,0
220,200,160,94,610,4.08,-126,4,34,0
220,200,160,94,622,4.08,-126,4,34,0
220,200,160,94,634,4.08,-126,4,34,0
220,200,160,94,646,4.08,-126,4,34,0
220,200,160,39,457,4.45,-181,3,34,0
220,200,160,39,469,4.45,-181,3,34,0
220,200,160,39,481,4.45,-181,3,34,0
220,200,160,39,493,4.45,-181,3,34,0
220,200,160,39,505,4.45,-181,3,35,0
220,200,160,39,517,4.45,-181,3,35,0
220,200,160,39,529,4.45,-181,3,35,0
220,200,160,39,541,4.45,-181,3,35,0
220,200,160,39,553,4.45,-181,3,35,0
220,200,160,39,565,4.45,-181,3,35,0
220,200,160,39,577,4.45,-181,4,35,0
220,200,160,39,589,4.45,-181,4,35,0
220,200,160,39,601,4.45,-181,4,35,0
220,200,160,39,613,4.45,-181,4,35,0
220,200,160,39,625,4.45,-181,4,35,0
220,200,160,67,444,3.95,-153,4,35,0
220,200,160,67,456,3.95,-153,4,35,0
220,200,160,67,468,3.95,-153,3,35,0
220,200,160,67,480,3.95,-153,3,35,0
220,200,160,67,492,3.95,-153,3,35,0
220,200,160,67,504,3.95,-153,3,35,0
220,200,160,67,516,3.95,-153,3,35,0
220,200,160,67,528,3.95,-153,3,35,0
220,200,160,67,540,3.95,-153,3,35,0
220,200,160,67,552,3.95,-153,3,36,0
220,200,160,67,564,3.95,-153,3,36,0
220,200,160,67,576,3.95,-153,4,36,0
220,200,160,230,393,3.58,10,4,36,0
220,200,160,230,405,3.58,10,4,36,0
220,200,160,230,417,3.58,10,4,36,0
220,200,160,230,429,3.58,10,4,36,0
210,190,170,230,441,3.58,20,4,36,-1
195,175,185,230,453,3.58,35,4,36,-1
180,160,200,230,465,3.58,50,3,36,-1
165,145,215,230,477,3.58,65,3,36,-1
165,145,215,230,489,3.58,65,3,36,0
165,145,215,230,501,3.58,65,3,36,0
165,145,215,230,513,3.58,65,3,36,0
165,145,215,230,525,3.58,65,3,36,0
165,145,215,230,537,3.58,65,3,36,0
165,145,215,230,549,3.58,65,3,36,0
165,145,215,230,561,3.58,65,3,36,0
165,145,215,230,573,3.58,65,4,36,0
165,145,215,230,585,3.58,65,4,36,0
165,145,215,230,597,3.58,65,4,37,0
165,145,215,230,609,3.58,65,4,37,0
165,145,215,230,621,3.58,65,4,37,0
165,145,215,230,633,3.58,65,4,37,0
165,145,215,230,645,3.58,65,4,37,0
165,145,215,42,457,4.45,-123,3,37,0
165,145,215,42,469,4.45,-123,3,37,0
165,145,215,42,481,4.45,-123,3,37,0
165,145,215,42,493,4.45,-123,3,37,0
165,145,215,177,397,4.58,12,3,37,0
165,145,215,177,412,4.58,12,3,37,0
150,130,230,42,529,4.45,-108,3,37,-1
135,115,245,42,541,4.45,-93,3,37,-1
120,100,260,42,553,4.45,-78,3,37,-1
110,90,270,42,565,4.45,-68,4,37,0
110,90,270,42,577,4.45,-68,4,37,0
110,90,270,42,589,4.45,-68,4,37,0
110,90,270,177,517,4.58,67,4,37,0
110,90,270,177,532,4.58,67,4,37,0
110,90,270,177,547,4.58,67,4,37,0
110,90,270,177,562,4.58,67,4,38,0
110,90,270,177,577,4.58,67,4,38,0
110,90,270,177,592,4.58,67,3,38,0
110,90,270,177,607,4.58,67,3,38,0
110,90,270,177,622,4.58,67,3,38,0
110,90,270,177,637,4.58,67,3,38,0
110,90,270,325,329,3.87,215,2,38,0
110,90,270,325,341,3.87,215,2,38,0
110,90,270,325,353,3.87,215,2,38,0
110,90,270,325,365,3.87,215,2,38,0
110,90,270,325,377,3.87,215,3,38,0
110,90,270,325,389,3.87,215,3,38,0
110,90,270,325,401,3.87,215,3,38,0
110,90,270,325,413,3.87,215,3,38,0
110,90,270,325,425,3.87,215,3,38,0
110,90,270,325,437,3.87,215,3,38,0
110,90,270,325,449,3.87,215,3,38,0
110,90,270,325,461,3.87,215,3,38,0
110,90,270,325,473,3.87,215,3,38,0
110,90,270,325,485,3.87,215,3,38,0
110,90,270,325,497,3.87,215,3,39,0
110,90,270,325,509,3.87,215,3,39,0
110,90,270,325,521,3.87,215,3,39,0
110,90,270,325,533,3.87,215,3,39,0
110,90,270,325,545,3.87,215,3,39,0
110,90,270,325,557,3.87,215,3,39,0
110,90,270,325,569,3.87,215,4,39,0
110,90,270,288,488,4.66,178,4,39,0
110,90,270,288,503,4.66,178,4,39,0
110,90,270,288,518,4.66,178,4,39,0
110,90,270,288,533,4.66,178,4,39,0
110,90,270,288,548,4.66,178,4,39,0
110,90,270,288,563,4.66,178,4,39,0
110,90,270,288,578,4.66,178,3,39,0
110,90,270,288,593,4.66,178,3,39,0
110,90,270,288,608,4.66,178,3,39,0
110,90,270,288,623,4.66,178,3,39,0
110,90,270,288,638,4.66,178,3,39,0
110,90,270,334,413,4.57,224,2,39,0
110,90,270,334,428,4.57,224,2,39,0
110,90,270,334,443,4.57,224,2,40,0
110,90,270,334,458,4.57,224,2,40,0
110,90,270,334,473,4.57,224,3,40,0
110,90,270,334,488,4.57,224,3,40,0
110,90,270,334,503,4.57,224,3,40,0
110,90,270,334,518,4.57,224,3,40,0
110,90,270,334,533,4.57,224,3,40,0
110,90,270,334,548,4.57,224,3,40,0
110,90,270,334,563,4.57,224,3,40,0
110,90,270,334,578,4.57,224,3,40,0
110,90,270,334,593,4.57,224,3,40,0
110,90,270,334,608,4.57,224,3,40,0
110,90,270,144,305,4.43,34,3,40,0
110,90,270,144,317,4.43,34,3,40,0
110,90,270,144,329,4.43,34,2,40,0
110,90,270,144,341,4.43,34,2,40,0
110,90,270,144,353,4.43,34,2,40,0
110,90,270,144,365,4.43,34,3,40,0
110,90,270,144,377,4.43,34,3,40,0
110,90,270,144,389,4.43,34,3,40,0
110,90,270,144,401,4.43,34,3,41,0
110,90,270,144,413,4.43,34,3,41,0
110,90,270,144,425,4.43,34,3,41,0
110,90,270,144,437,4.43,34,3,41,0
105,85,275,144,449,4.43,39,3,41,-1
90,70,290,144,461,4.43,54,3,41,-1
75,55,305,144,473,4.43,69,3,41,-1
60,40,320,144,485,4.43,84,3,41,-1
60,40,320,144,497,4.43,84,3,41,0
60,40,320,144,509,4.43,84,3,41,0
60,40,320,144,521,4.43,84,3,41,0
60,40,320,144,533,4.43,84,3,41,0
60,40,320,144,545,4.43,84,3,41,0
60,40,320,144,557,4.43,84,4,41,0
60,40,320,144,569,4.43,84,4,41,0
60,40,320,144,581,4.43,84,4,41,0
60,40,320,144,593,4.43,84,4,41,0
60,40,320,144,605,4.43,84,4,41,0
60,40,320,144,617,4.43,84,4,41,0
60,40,320,144,629,4.43,84,4,41,0
60,40,320,144,641,4.43,84,4,42,0
60,40,320,166,470,3.6,106,4,42,0
60,40,320,166,482,3.6,106,3,42,0
60,40,320,166,494,3.6,106,3,42,0
60,40,320,166,506,3.6,106,3,42,0
60,40,320,166,518,3.6,106,3,42,0
60,40,320,166,530,3.6,106,3,42,0
60,40,320,166,542,3.6,106,3,42,0
60,40,320,166,554,3.6,106,4,42,0
60,40,320,166,566,3.6,106,4,42,0
60,40,320,166,578,3.6,106,4,42,0
60,40,320,166,590,3.6,106,4,42,0
60,40,320,166,602,3.6,106,4,42,0
60,40,320,166,614,3.6,106,4,42,0
60,40,320,166,626,3.6,106,4,42,0
60,40,320,166,638,3.6,106,4,42,0
60,40,320,388,578,4.72,328,3,42,0
60,40,320,388,593,4.72,328,3,42,0
60,40,320,388,608,4.72,328,3,42,0
60,40,320,388,623,4.72,328,3,42,0
60,40,320,388,638,4.72,328,3,43,0
60,40,320,158,185,5.03,98,2,43,0
60,40,320,158,200,5.03,98,2,43,0
60,40,320,158,215,5.03,98,2,43,0
60,40,320,158,230,5.03,98,3,43,0
60,40,320,158,245,5.03,98,3,43,0
60,40,320,158,260,5.03,98,3,43,0
60,40,320,158,275,5.03,98,3,43,0
60,40,320,158,290,5.03,98,3,43,0
60,40,320,158,305,5.03,98,3,43,0
60,40,320,158,320,5.03,98,3,43,0
60,40,320,158,335,5.03,98,3,43,0
60,40,320,158,350,5.03,98,3,43,0
60,40,320,158,365,5.03,98,3,43,0
60,40,320,158,380,5.03,98,3,43,0
60,40,320,158,395,5.03,98,3,43,0
60,40,320,158,410,5.03,98,3,43,0
60,40,320,158,425,5.03,98,3,43,0
60,40,320,158,440,5.03,98,3,43,0
60,40,320,158,455,5.03,98,4,43,0
60,40,320,158,470,5.03,98,4,44,0
60,40,320,158,485,5.03,98,4,44,0
60,40,320,158,500,5.03,98,4,44,0
60,40,320,158,515,5.03,98,4,44,0
60,40,320,158,530,5.03,98,4,44,0
60,40,320,158,545,5.03,98,4,44,0
60,40,320,158,560,5.03,98,4,44,0
60,40,320,158,575,5.03,98,4,44,0
60,40,320,158,590,5.03,98,3,44,0
60,40,320,158,605,5.03,98,3,44,0
60,40,320,158,620,5.03,98,3,44,0
60,40,320,158,635,5.03,98,3,44,0
60,40,320,158,650,5.03,98,3,44,0
60,40,320,43,164,3.97,-17,2,44,0
60,40,320,43,176,3.97,-17,3,44,0
60,40,320,43,188,3.97,-17,3,44,0
60,40,320,43,200,3.97,-17,3,44,0
60,40,320,43,212,3.97,-17,3,44,0
60,40,320,43,224,3.97,-17,3,44,0
60,40,320,43,236,3.97,-17,3,44,0
60,40,320,43,248,3.97,-17,3,45,0
60,40,320,43,260,3.97,-17,3,45,0
60,40,320,43,272,3.97,-17,3,45,0
60,40,320,43,284,3.97,-17,3,45,0
60,40,320,43,296,3.97,-17,3,45,0
60,40,320,43,308,3.97,-17,3,45,0
60,40,320,43,320,3.97,-17,3,45,0
60,40,320,43,332,3.97,-17,3,45,0
60,40,320,43,344,3.97,-17,3,45,0
60,40,320,43,356,3.97,-17,4,45,0
60,40,320,43,368,3.97,-17,4,45,0
60,40,320,43,380,3.97,-17,4,45,0
60,40,320,43,392,3.97,-17,4,45,0
60,40,320,43,404,3.97,-17,4,45,0
60,40,320,43,416,3.97,-17,4,45,0
70,50,310,43,428,3.97,-27,4,45,1
85,65,295,43,440,3.97,-42,4,45,1
100,80,280,43,452,3.97,-57,4,45,1
100,80,280,43,464,3.97,-57,3,45,0
100,80,280,43,476,3.97,-57,3,45,0
100,80,280,43,488,3.97,-57,3,46,0
100,80,280,43,500,3.97,-57,3,46,0
100,80,280,43,512,3.97,-57,3,46,0
100,80,280,43,524,3.97,-57,3,46,0
115,95,265,43,536,3.97,-72,4,46,1
130,110,250,43,548,3.97,-87,4,46,1
145,125,235,43,560,3.97,-102,4,46,1
150,130,230,88,491,4.71,-62,4,46,0
150,130,230,88,506,4.71,-62,4,46,0
150,130,230,88,521,4.71,-62,4,46,0
150,130,230,88,536,4.71,-62,4,46,0
150,130,230,88,551,4.71,-62,4,46,0
150,130,230,88,566,4.71,-62,4,46,0
150,130,230,88,581,4.71,-62,4,46,0
150,130,230,88,596,4.71,-62,3,46,0
150,130,230,88,611,4.71,-62,3,46,0
150,130,230,88,626,4.71,-62,3,46,0
150,130,230,88,641,4.71,-62,3,46,0
150,130,230,145,162,3.88,-5,2,46,0
150,130,230,145,174,3.88,-5,3,46,0
150,130,230,145,186,3.88,-5,3,47,0
150,130,230,145,198,3.88,-5,3,47,0
150,130,230,145,210,3.88,-5,3,47,0
150,130,230,145,222,3.88,-5,3,47,0
150,130,230,145,234,3.88,-5,3,47,0
150,130,230,145,246,3.88,-5,3,47,0
150,130,230,145,258,3.88,-5,3,47,0
150,130,230,145,270,3.88,-5,3,47,0
150,130,230,145,282,3.88,-5,3,47,0
150,130,230,145,294,3.88,-5,3,47,0
150,130,230,145,306,3.88,-5,3,47,0
150,130,230,145,318,3.88,-5,3,47,0
150,130,230,145,330,3.88,-5,3,47,0
150,130,230,145,342,3.88,-5,3,47,0
150,130,230,145,354,3.88,-5,4,47,0
150,130,230,145,366,3.88,-5,4,47,0
150,130,230,145,378,3.88,-5,4,47,0
150,130,230,145,390,3.88,-5,4,47,0
150,130,230,145,402,3.88,-5,4,47,0
150,130,230,145,414,3.88,-5,4,47,0
150,130,230,145,426,3.88,-5,4,48,0
165,145,215,145,438,3.88,-20,4,48,1
180,160,200,145,450,3.88,-35,4,48,1
195,175,185,145,462,3.88,-50,4,48,1
210,190,170,145,474,3.88,-65,4,48,1
210,190,170,145,486,3.88,-65,3,48,0
210,190,170,145,498,3.88,-65,3,48,0
210,190,170,145,510,3.88,-65,3,48,0
210,190,170,145,522,3.88,-65,3,48,0
210,190,170,145,534,3.88,-65,4,48,0
210,190,170,145,546,3.88,-65,4,48,0
210,190,170,145,558,3.88,-65,4,48,0
210,190,170,145,570,3.88,-65,4,48,0
210,190,170,145,582,3.88,-65,4,48,0
210,190,170,145,594,3.88,-65,4,48,0
210,190,170,119,534,4.58,-91,4,48,0
210,190,170,119,549,4.58,-91,4,48,0
210,190,170,119,564,4.58,-91,4,48,0
210,190,170,119,579,4.58,-91,4,48,0
210,190,170,119,594,4.58,-91,3,48,0
210,190,170,119,609,4.58,-91,3,49,0
210,190,170,119,624,4.58,-91,3,49,0
210,190,170,119,639,4.58,-91,3,49,0
210,190,170,271,342,4.39,61,2,49,0
210,190,170,271,354,4.39,61,3,49,0
210,190,170,271,366,4.39,61,3,49,0
210,190,170,271,378,4.39,61,3,49,0
210,190,170,271,390,4.39,61,3,49,0
210,190,170,271,402,4.39,61,3,49,0
210,190,170,271,414,4.39,61,3,49,0
210,190,170,271,426,4.39,61,3,49,0
210,190,170,271,438,4.39,61,3,49,0
210,190,170,271,450,4.39,61,3,49,0
210,190,170,271,462,4.39,61,3,49,0
210,190,170,271,474,4.39,61,3,49,0
210,190,170,271,486,4.39,61,3,49,0
210,190,170,271,498,4.39,61,3,49,0
195,175,185,271,510,4.39,76,3,49,-1
180,160,200,271,522,4.39,91,4,49,-1
165,145,215,271,534,4.39,106,4,49,-1
165,145,215,271,546,4.39,106,4,50,0
165,145,215,271,558,4.39,106,4,50,0
165,145,215,271,570,4.39,106,4,50,0
165,145,215,271,582,4.39,106,4,50,0
165,145,215,271,594,4.39,106,4,50,0
165,145,215,271,606,4.39,106,4,50,0
165,145,215,271,618,4.39,106,4,50,0
165,145,215,102,451,4.48,-63,4,50,0
165,145,215,102,463,4.48,-63,4,50,0
165,145,215,102,475,4.48,-63,3,50,0
165,145,215,102,487,4.48,-63,3,50,0
165,145,215,102,499,4.48,-63,3,50,0
170,150,210,102,511,4.48,-68,3,50,1
185,165,195,102,523,4.48,-83,4,50,1
200,180,180,102,535,4.48,-98,4,50,1
205,185,175,102,547,4.48,-103,4,50,0
205,185,175,102,559,4.48,-103,4,50,0
205,185,175,102,571,4.48,-103,4,50,0
205,185,175,102,583,4.48,-103,4,50,0
205,185,175,87,528,4.74,-118,4,50,0
205,185,175,87,543,4.74,-118,4,51,0
205,185,175,87,558,4.74,-118,4,51,0
205,185,175,87,573,4.74,-118,4,51,0
205,185,175,87,588,4.74,-118,4,51,0
205,185,175,87,603,4.74,-118,3,51,0
205,185,175,87,618,4.74,-118,3,51,0
205,185,175,87,633,4.74,-118,3,51,0
205,185,175,87,648,4.74,-118,4,51,0
205,185,175,351,441,5.02,146,3,51,0
205,185,175,351,456,5.02,146,3,51,0
205,185,175,351,471,5.02,146,3,51,0
205,185,175,351,486,5.02,146,3,51,0
205,185,175,351,501,5.02,146,3,51,0
205,185,175,351,516,5.02,146,3,51,0
205,185,175,351,531,5.02,146,3,51,0
205,185,175,351,546,5.02,146,3,51,0
205,185,175,351,561,5.02,146,3,51,0
205,185,175,351,576,5.02,146,3,51,0
205,185,175,351,591,5.02,146,3,51,0
205,185,175,351,606,5.02,146,3,51,0
205,185,175,351,621,5.02,146,3,52,0
205,185,175,218,335,3.99,13,3,52,0
205,185,175,218,347,3.99,13,4,52,0
205,185,175,218,359,3.99,13,3,52,0
205,185,175,218,371,3.99,13,3,52,0
205,185,175,218,383,3.99,13,3,52,0
205,185,175,218,395,3.99,13,3,52,0
205,185,175,218,407,3.99,13,3,52,0
205,185,175,218,419,3.99,13,3,52,0
195,175,185,218,431,3.99,23,3,52,-1
180,160,200,218,443,3.99,38,3,52,-1
165,145,215,218,455,3.99,53,3,52,-1
150,130,230,218,467,3.99,68,3,52,-1
140,120,240,218,479,3.99,78,3,52,0
140,120,240,218,491,3.99,78,3,52,0
140,120,240,218,503,3.99,78,3,52,0
140,120,240,218,515,3.99,78,4,52,0
140,120,240,218,527,3.99,78,4,52,0
140,120,240,218,539,3.99,78,4,52,0
140,120,240,218,551,3.99,78,4,52,0
140,120,240,218,563,3.99,78,4,53,0
140,120,240,197,506,5.24,57,4,53,0
140,120,240,197,521,5.24,57,4,53,0
140,120,240,197,536,5.24,57,4,53,0
140,120,240,197,551,5.24,57,4,53,0
140,120,240,197,566,5.24,57,4,53,0
140,120,240,197,581,5.24,57,4,53,0
140,120,240,197,596,5.24,57,4,53,0
140,120,240,197,611,5.24,57,3,53,0
140,120,240,197,626,5.24,57,3,53,0
140,120,240,197,641,5.24,57,4,53,0
140,120,240,125,349,3.81,-15,3,53,0
140,120,240,125,361,3.81,-15,3,53,0
140,120,240,125,373,3.81,-15,3,53,0
140,120,240,125,385,3.81,-15,3,53,0
140,120,240,125,397,3.81,-15,3,53,0
140,120,240,125,409,3.81,-15,3,53,0
140,120,240,125,421,3.81,-15,3,53,0
140,120,240,125,433,3.81,-15,3,53,0
150,130,230,125,445,3.81,-25,3,53,1
165,145,215,125,457,3.81,-40,3,54,1
180,160,200,125,469,3.81,-55,3,54,1
185,165,195,125,481,3.81,-60,3,54,0
185,165,195,125,493,3.81,-60,3,54,0
185,165,195,125,505,3.81,-60,4,54,0
185,165,195,125,517,3.81,-60,4,54,0
185,165,195,125,529,3.81,-60,4,54,0
185,165,195,125,541,3.81,-60,4,54,0
185,165,195,125,553,3.81,-60,4,54,0
185,165,195,125,565,3.81,-60,4,54,0
190,170,190,125,577,3.81,-65,4,54,1
205,185,175,137,523,4.7,-68,4,54,1
220,200,160,137,538,4.7,-83,4,54,1
225,205,155,137,553,4.7,-88,4,54,0
225,205,155,137,568,4.7,-88,4,54,0
225,205,155,137,583,4.7,-88,4,54,0
225,205,155,137,598,4.7,-88,4,54,0
225,205,155,137,613,4.7,-88,3,54,0
225,205,155,137,628,4.7,-88,4,54,0
225,205,155,137,643,4.7,-88,4,54,0
225,205,155,375,444,4.97,150,3,55,0
225,205,155,375,459,4.97,150,3,55,0
225,205,155,375,474,4.97,150,3,55,0
225,205,155,375,489,4.97,150,3,55,0
225,205,155,375,504,4.97,150,3,55,0
225,205,155,375,519,4.97,150,3,55,0
225,205,155,375,534,4.97,150,3,55,0
225,205,155,375,549,4.97,150,3,55,0
225,205,155,375,564,4.97,150,3,55,0
225,205,155,375,579,4.97,150,3,55,0
225,205,155,375,594,4.97,150,3,55,0
225,205,155,375,609,4.97,150,3,55,0
225,205,155,375,624,4.97,150,4,55,0
225,205,155,375,639,4.97,150,4,55,0
225,205,155,186,356,4.3,-39,3,55,0
225,205,155,186,368,4.3,-39,3,55,0
225,205,155,186,380,4.3,-39,3,55,0
225,205,155,186,392,4.3,-39,3,55,0
225,205,155,186,404,4.3,-39,3,55,0
225,205,155,186,416,4.3,-39,3,55,0
225,205,155,186,428,4.3,-39,3,56,0
225,205,155,186,440,4.3,-39,3,56,0
225,205,155,186,452,4.3,-39,3,56,0
225,205,155,186,464,4.3,-39,3,56,0
225,205,155,186,476,4.3,-39,3,56,0
225,205,155,186,488,4.3,-39,3,56,0
235,215,145,186,500,4.3,-49,4,56,1
250,230,130,186,512,4.3,-64,4,56,1
255,235,125,186,524,4.3,-69,4,56,0
255,235,125,186,536,4.3,-69,4,56,0
255,235,125,186,548,4.3,-69,4,56,0
255,235,125,186,560,4.3,-69,4,56,0
255,235,125,186,572,4.3,-69,4,56,0
255,235,125,186,584,4.3,-69,4,56,0
255,235,125,171,537,4.86,-84,4,56,0
255,235,125,171,552,4.86,-84,4,56,0
255,235,125,171,567,4.86,-84,4,56,0
255,235,125,171,582,4.86,-84,4,56,0
255,235,125,171,597,4.86,-84,4,56,0
255,235,125,171,612,4.86,-84,3,56,0
255,235,125,171,627,4.86,-84,4,57,0
255,235,125,171,642,4.86,-84,4,57,0
255,235,125,360,355,4.39,105,3,57,0
255,235,125,360,367,4.39,105,3,57,0
255,235,125,360,379,4.39,105,3,57,0
255,235,125,360,391,4.39,105,3,57,0
255,235,125,360,403,4.39,105,3,57,0
255,235,125,360,415,4.39,105,3,57,0
255,235,125,360,427,4.39,105,3,57,0
255,235,125,360,439,4.39,105,3,57,0
255,235,125,360,451,4.39,105,3,57,0
255,235,125,360,463,4.39,105,3,57,0
255,235,125,360,475,4.39,105,3,57,0
255,235,125,360,487,4.39,105,3,57,0
255,235,125,360,499,4.39,105,4,57,0
255,235,125,360,511,4.39,105,4,57,0
255,235,125,360,523,4.39,105,4,57,0
255,235,125,360,535,4.39,105,4,57,0
255,235,125,360,547,4.39,105,4,57,0
255,235,125,360,559,4.39,105,4,57,0
255,235,125,360,571,4.39,105,4,58,0
255,235,125,360,583,4.39,105,4,58,0
255,235,125,360,595,4.39,105,4,58,0
255,235,125,360,607,4.39,105,4,58,0
255,235,125,360,619,4.39,105,4,58,0
255,235,125,360,631,4.39,105,4,58,0
255,235,125,353,469,4.3,98,4,58,0
255,235,125,353,481,4.3,98,3,58,0
255,235,125,353,493,4.3,98,4,58,0
255,235,125,353,505,4.3,98,4,58,0
255,235,125,353,517,4.3,98,4,58,0
255,235,125,353,529,4.3,98,4,58,0
255,235,125,353,541,4.3,98,4,58,0
255,235,125,353,553,4.3,98,4,58,0
255,235,125,353,565,4.3,98,4,58,0
255,235,125,353,577,4.3,98,4,58,0
255,235,125,353,589,4.3,98,4,58,0
255,235,125,353,601,4.3,98,4,58,0
255,235,125,353,613,4.3,98,4,58,0
255,235,125,353,625,4.3,98,4,58,0
255,235,125,353,637,4.3,98,4,59,0
255,235,125,353,649,4.3,98,5,59,0
255,235,125,346,419,5.19,91,4,59,0
255,235,125,346,434,5.19,91,4,59,0
255,235,125,346,449,5.19,91,4,59,0
255,235,125,346,464,5.19,91,4,59,0
255,235,125,346,479,5.19,91,4,59,0
255,235,125,346,494,5.19,91,4,59,0
255,235,125,346,509,5.19,91,4,59,0
255,235,125,346,524,5.19,91,4,59,0
255,235,125,346,539,5.19,91,4,59,0
255,235,125,346,554,5.19,91,4,59,0
255,235,125,346,569,5.19,91,4,59,0
255,235,125,346,584,5.19,91,4,59,0
255,235,125,346,599,5.19,91,4,59,0
255,235,125,346,614,5.19,91,5,59,0
255,235,125,346,629,5.19,91,4,59,0
255,235,125,346,644,5.19,91,4,59,0
255,235,125,64,450,4.7,-191,3,59,0
255,235,125,64,465,4.7,-191,3,59,0
255,235,125,64,480,4.7,-191,3,60,0
255,235,125,64,495,4.7,-191,3,60,0
255,235,125,64,510,4.7,-191,3,60,0
255,235,125,64,525,4.7,-191,3,60,0
255,235,125,64,540,4.7,-191,3,60,0
255,235,125,64,555,4.7,-191,3,60,0
255,235,125,64,570,4.7,-191,3,60,0
255,235,125,301,386,4.57,46,3,60,0
255,235,125,301,401,4.57,46,4,60,0
255,235,125,301,416,4.57,46,4,60,0
255,235,125,301,431,4.57,46,4,60,0
250,230,130,301,446,4.57,51,4,60,-1
235,215,145,301,461,4.57,66,3,60,-1
225,205,155,301,476,4.57,76,3,60,0
225,205,155,301,491,4.57,76,3,60,0
225,205,155,301,506,4.57,76,3,60,0
225,205,155,301,521,4.57,76,3,60,0
225,205,155,301,536,4.57,76,3,60,0
225,205,155,301,551,4.57,76,3,60,0
225,205,155,301,566,4.57,76,3,60,0
225,205,155,301,581,4.57,76,3,61,0
225,205,155,301,596,4.57,76,3,61,0
225,205,155,301,611,4.57,76,4,61,0
225,205,155,301,626,4.57,76,4,61,0
225,205,155,301,641,4.57,76,4,61,0
225,205,155,43,356,4.39,-182,3,61,0
225,205,155,43,368,4.39,-182,3,61,0
225,205,155,43,380,4.39,-182,3,61,0
225,205,155,43,392,4.39,-182,3,61,0
225,205,155,43,404,4.39,-182,3,61,0
225,205,155,43,416,4.39,-182,3,61,0
225,205,155,43,428,4.39,-182,3,61,0
225,205,155,43,440,4.39,-182,3,61,0
225,205,155,128,369,4.85,-97,3,61,0
225,205,155,128,384,4.85,-97,3,61,0
225,205,155,128,399,4.85,-97,4,61,0
225,205,155,128,414,4.85,-97,4,61,0
225,205,155,128,429,4.85,-97,4,61,0
225,205,155,128,444,4.85,-97,4,61,0
225,205,155,128,459,4.85,-97,4,61,0
225,205,155,128,474,4.85,-97,4,62,0
225,205,155,128,489,4.85,-97,4,62,0
225,205,155,128,504,4.85,-97,4,62,0
225,205,155,128,519,4.85,-97,4,62,0
225,205,155,128,534,4.85,-97,4,62,0
225,205,155,128,549,4.85,-97,4,62,0
225,205,155,128,564,4.85,-97,4,62,0
225,205,155,128,579,4.85,-97,4,62,0
225,205,155,128,594,4.85,-97,5,62,0
225,205,155,128,609,4.85,-97,5,62,0
225,205,155,128,624,4.85,-97,4,62,0
225,205,155,128,639,4.85,-97,4,62,0
225,205,155,352,454,4.74,127,3,62,0
225,205,155,352,469,4.74,127,3,62,0
225,205,155,352,484,4.74,127,3,62,0
225,205,155,352,499,4.74,127,3,62,0
225,205,155,352,514,4.74,127,3,62,0
225,205,155,352,529,4.74,127,3,62,0
225,205,155,352,544,4.74,127,3,62,0
225,205,155,352,559,4.74,127,3,62,0
225,205,155,352,574,4.74,127,3,63,0
225,205,155,352,589,4.74,127,4,63,0
225,205,155,352,604,4.74,127,4,63,0
225,205,155,352,619,4.74,127,4,63,0
225,205,155,352,634,4.74,127,4,63,0
225,205,155,113,450,4.98,-112,4,63,0
225,205,155,113,465,4.98,-112,3,63,0
225,205,155,113,480,4.98,-112,3,63,0
225,205,155,113,495,4.98,-112,3,63,0
225,205,155,113,510,4.98,-112,3,63,0
225,205,155,113,525,4.98,-112,3,63,0
225,205,155,113,540,4.98,-112,3,63,0
225,205,155,113,555,4.98,-112,3,63,0
225,205,155,113,570,4.98,-112,3,63,0
225,205,155,113,585,4.98,-112,4,63,0
225,205,155,113,600,4.98,-112,4,63,0
225,205,155,113,615,4.98,-112,4,63,0
225,205,155,113,630,4.98,-112,4,63,0
225,205,155,224,355,4.27,-1,4,63,0
225,205,155,224,367,4.27,-1,3,63,0
225,205,155,224,379,4.27,-1,3,64,0
225,205,155,224,391,4.27,-1,3,64,0
225,205,155,224,403,4.27,-1,3,64,0
225,205,155,224,415,4.27,-1,3,64,0
225,205,155,224,427,4.27,-1,3,64,0
220,200,160,224,439,4.27,4,3,64,-1
205,185,175,224,451,4.27,19,3,64,-1
190,170,190,224,463,4.27,34,4,64,-1
175,155,205,224,475,4.27,49,4,64,-1
170,150,210,224,487,4.27,54,4,64,0
170,150,210,224,499,4.27,54,4,64,0
170,150,210,224,511,4.27,54,4,64,0
170,150,210,224,523,4.27,54,4,64,0
170,150,210,224,535,4.27,54,4,64,0
170,150,210,224,547,4.27,54,4,64,0
170,150,210,224,559,4.27,54,4,64,0
170,150,210,224,571,4.27,54,4,64,0
170,150,210,224,583,4.27,54,4,64,0
170,150,210,224,595,4.27,54,4,64,0
170,150,210,224,607,4.27,54,4,64,0
170,150,210,224,619,4.27,54,5,65,0
170,150,210,224,631,4.27,54,5,65,0
170,150,210,224,643,4.27,54,5,65,0
170,150,210,89,425,5.36,-81,4,65,0
170,150,210,89,440,5.36,-81,4,65,0
170,150,210,89,455,5.36,-81,3,65,0
170,150,210,89,470,5.36,-81,3,65,0
170,150,210,89,485,5.36,-81,3,65,0
170,150,210,89,500,5.36,-81,3,65,0
170,150,210,89,515,5.36,-81,3,65,0
170,150,210,89,530,5.36,-81,3,65,0
170,150,210,89,545,5.36,-81,3,65,0
170,150,210,89,560,5.36,-81,3,65,0
170,150,210,89,575,5.36,-81,4,65,0
170,150,210,89,590,5.36,-81,4,65,0
170,150,210,89,605,5.36,-81,4,65,0
170,150,210,89,620,5.36,-81,4,65,0
170,150,210,89,635,5.36,-81,4,65,0
170,150,210,88,461,4.81,-82,4,65,0
170,150,210,88,476,4.81,-82,3,65,0
170,150,210,88,491,4.81,-82,3,66,0
170,150,210,88,506,4.81,-82,3,66,0
170,150,210,88,521,4.81,-82,3,66,0
170,150,210,88,536,4.81,-82,3,66,0
170,150,210,88,551,4.81,-82,3,66,0
170,150,210,88,566,4.81,-82,3,66,0
170,150,210,88,581,4.81,-82,4,66,0
170,150,210,88,596,4.81,-82,4,66,0
170,150,210,88,611,4.81,-82,4,66,0
170,150,210,88,626,4.81,-82,4,66,0
170,150,210,88,641,4.81,-82,4,66,0
170,150,210,88,458,4.9,-82,3,66,0
170,150,210,88,473,4.9,-82,3,66,0
170,150,210,88,488,4.9,-82,3,66,0
170,150,210,88,503,4.9,-82,3,66,0
170,150,210,88,518,4.9,-82,3,66,0
170,150,210,88,533,4.9,-82,3,66,0
170,150,210,88,548,4.9,-82,3,66,0
170,150,210,88,563,4.9,-82,3,66,0
170,150,210,88,578,4.9,-82,4,66,0
170,150,210,88,593,4.9,-82,4,67,0
170,150,210,88,608,4.9,-82,4,67,0
170,150,210,88,623,4.9,-82,4,67,0
170,150,210,88,638,4.9,-82,4,67,0
170,150,210,80,458,5.29,-90,3,67,0
170,150,210,80,473,5.29,-90,3,67,0
170,150,210,80,488,5.29,-90,3,67,0
170,150,210,80,503,5.29,-90,3,67,0
170,150,210,80,518,5.29,-90,3,67,0
170,150,210,80,533,5.29,-90,3,67,0
170,150,210,80,548,5.29,-90,3,67,0
170,150,210,80,563,5.29,-90,4,67,0
170,150,210,80,578,5.29,-90,4,67,0
170,150,210,80,593,5.29,-90,4,67,0
170,150,210,80,608,5.29,-90,4,67,0
170,150,210,80,623,5.29,-90,4,67,0
170,150,210,80,638,5.29,-90,4,67,0
170,150,210,290,463,4.93,120,3,67,0
170,150,210,290,478,4.93,120,3,67,0
170,150,210,290,493,4.93,120,3,67,0
170,150,210,290,508,4.93,120,3,68,0
170,150,210,290,523,4.93,120,3,68,0
170,150,210,290,538,4.93,120,3,68,0
170,150,210,290,553,4.93,120,3,68,0
170,150,210,290,568,4.93,120,4,68,0
170,150,210,290,583,4.93,120,4,68,0
170,150,210,290,598,4.93,120,4,68,0
170,150,210,290,613,4.93,120,4,68,0
170,150,210,290,628,4.93,120,4,68,0
170,150,210,290,643,4.93,120,4,68,0
170,150,210,249,370,4.41,79,3,68,0
170,150,210,249,382,4.41,79,3,68,0
170,150,210,249,394,4.41,79,3,68,0
170,150,210,249,406,4.41,79,3,68,0
170,150,210,249,418,4.41,79,3,68,0
170,150,210,249,430,4.41,79,3,68,0
170,150,210,249,442,4.41,79,3,68,0
170,150,210,249,454,4.41,79,4,68,0
170,150,210,249,466,4.41,79,4,68,0
170,150,210,249,478,4.41,79,4,68,0
170,150,210,249,490,4.41,79,4,69,0
170,150,210,249,502,4.41,79,4,69,0
170,150,210,249,514,4.41,79,4,69,0
170,150,210,249,526,4.41,79,4,69,0
170,150,210,249,538,4.41,79,4,69,0
170,150,210,249,550,4.41,79,4,69,0
170,150,210,249,562,4.41,79,4,69,0
170,150,210,88,532,5.28,-82,4,69,0
170,150,210,88,547,5.28,-82,4,69,0
170,150,210,88,562,5.28,-82,5,69,0
170,150,210,88,577,5.28,-82,5,69,0
170,150,210,88,592,5.28,-82,5,69,0
170,150,210,88,607,5.28,-82,5,69,0
170,150,210,88,622,5.28,-82,5,69,0
170,150,210,125,450,5.28,-45,4,69,0
175,155,205,125,465,5.28,-50,4,69,1
190,170,190,125,480,5.28,-65,3,69,1
205,185,175,125,495,5.28,-80,3,69,1
215,195,165,125,510,5.28,-90,3,69,0
215,195,165,125,525,5.28,-90,3,69,0
215,195,165,125,540,5.28,-90,3,70,0
215,195,165,125,555,5.28,-90,4,70,0
215,195,165,125,570,5.28,-90,4,70,0
215,195,165,125,585,5.28,-90,4,70,0
215,195,165,125,600,5.28,-90,4,70,0
215,195,165,125,615,5.28,-90,4,70,0
215,195,165,125,630,5.28,-90,4,70,0
215,195,165,125,645,5.28,-90,4,70,0
215,195,165,203,376,4.21,-12,3,70,0
215,195,165,203,388,4.21,-12,3,70,0
215,195,165,203,400,4.21,-12,3,70,0
215,195,165,203,412,4.21,-12,3,70,0
215,195,165,203,424,4.21,-12,3,70,0
215,195,165,203,436,4.21,-12,3,70,0
215,195,165,203,448,4.21,-12,4,70,0
225,205,155,203,460,4.21,-22,4,70,1
240,220,140,203,472,4.21,-37,4,70,1
255,235,125,203,484,4.21,-52,4,70,1
265,245,115,203,496,4.21,-62,4,70,0
265,245,115,203,508,4.21,-62,4,70,0
265,245,115,203,520,4.21,-62,4,71,0
265,245,115,203,532,4.21,-62,4,71,0
265,245,115,203,544,4.21,-62,4,71,0
265,245,115,203,556,4.21,-62,4,71,0
265,245,115,203,568,4.21,-62,4,71,0
265,245,115,204,535,4.8,-61,4,71,0
265,245,115,204,550,4.8,-61,5,71,0
265,245,115,204,565,4.8,-61,5,71,0
265,245,115,204,580,4.8,-61,5,71,0
265,245,115,204,595,4.8,-61,5,71,0
265,245,115,204,610,4.8,-61,5,71,0
265,245,115,204,625,4.8,-61,4,71,0
265,245,115,204,640,4.8,-61,4,71,0
265,245,115,274,373,4.29,9,3,71,0
265,245,115,274,385,4.29,9,3,71,0
265,245,115,274,397,4.29,9,3,71,0
265,245,115,274,409,4.29,9,3,71,0
265,245,115,274,421,4.29,9,3,71,0
260,240,120,274,433,4.29,14,4,71,-1
245,225,135,274,445,4.29,29,4,71,-1
230,210,150,274,457,4.29,44,4,72,-1
215,195,165,274,469,4.29,59,4,72,-1
200,180,180,274,481,4.29,74,4,72,-1
195,175,185,274,493,4.29,79,4,72,0
195,175,185,274,505,4.29,79,4,72,0
195,175,185,274,517,4.29,79,4,72,0
195,175,185,274,529,4.29,79,4,72,0
195,175,185,274,541,4.29,79,4,72,0
195,175,185,274,553,4.29,79,4,72,0
195,175,185,274,565,4.29,79,4,72,0
195,175,185,274,577,4.29,79,5,72,0
195,175,185,274,589,4.29,79,5,72,0
195,175,185,274,601,4.29,79,5,72,0
195,175,185,274,613,4.29,79,5,72,0
195,175,185,274,625,4.29,79,5,72,0
195,175,185,274,637,4.29,79,5,72,0
195,175,185,274,649,4.29,79,5,72,0
195,175,185,89,461,5.06,-106,4,72,0
195,175,185,89,476,5.06,-106,4,72,0
195,175,185,89,491,5.06,-106,4,72,0
195,175,185,89,506,5.06,-106,4,73,0
195,175,185,89,521,5.06,-106,4,73,0
195,175,185,89,536,5.06,-106,5,73,0
195,175,185,89,551,5.06,-106,5,73,0
195,175,185,89,566,5.06,-106,5,73,0
195,175,185,89,581,5.06,-106,5,73,0
195,175,185,89,596,5.06,-106,5,73,0
195,175,185,89,611,5.06,-106,5,73,0
195,175,185,89,626,5.06,-106,5,73,0
195,175,185,101,459,4.63,-94,4,73,0
195,175,185,101,474,4.63,-94,3,73,0
195,175,185,101,489,4.63,-94,3,73,0
195,175,185,101,504,4.63,-94,3,73,0
195,175,185,101,519,4.63,-94,3,73,0
195,175,185,101,534,4.63,-94,4,73,0
195,175,185,101,549,4.63,-94,4,73,0
195,175,185,101,564,4.63,-94,4,73,0
195,175,185,101,579,4.63,-94,4,73,0
195,175,185,101,594,4.63,-94,4,73,0
195,175,185,101,609,4.63,-94,4,73,0
195,175,185,101,624,4.63,-94,4,74,0
195,175,185,101,639,4.63,-94,4,74,0
195,175,185,304,475,5.16,109,3,74,0
195,175,185,304,490,5.16,109,3,74,0
195,175,185,304,505,5.16,109,3,74,0
195,175,185,304,520,5.16,109,3,74,0
195,175,185,304,535,5.16,109,4,74,0
195,175,185,304,550,5.16,109,4,74,0
195,175,185,304,565,5.16,109,4,74,0
195,175,185,304,580,5.16,109,4,74,0
195,175,185,304,595,5.16,109,4,74,0
195,175,185,304,610,5.16,109,4,74,0
195,175,185,304,625,5.16,109,4,74,0
195,175,185,193,362,4.43,-2,4,74,0
195,175,185,193,374,4.43,-2,3,74,0
195,175,185,193,386,4.43,-2,3,74,0
195,175,185,193,398,4.43,-2,3,74,0
195,175,185,193,410,4.43,-2,3,74,0
195,175,185,193,422,4.43,-2,4,74,0
195,175,185,193,434,4.43,-2,4,74,0
185,165,195,193,446,4.43,8,4,75,-1
170,150,210,193,458,4.43,23,4,75,-1
155,135,225,193,470,4.43,38,4,75,-1
140,120,240,193,482,4.43,53,4,75,-1
130,110,250,193,494,4.43,63,4,75,0
130,110,250,193,506,4.43,63,4,75,0
130,110,250,193,518,4.43,63,4,75,0
130,110,250,193,530,4.43,63,4,75,0
130,110,250,193,542,4.43,63,4,75,0
130,110,250,193,554,4.43,63,4,75,0
130,110,250,193,566,4.43,63,5,75,0
130,110,250,193,578,4.43,63,5,75,0
130,110,250,193,590,4.43,63,5,75,0
130,110,250,193,602,4.43,63,5,75,0
130,110,250,193,614,4.43,63,5,75,0
130,110,250,141,428,4.95,11,5,75,0
140,120,240,141,443,4.95,1,5,75,1
155,135,225,141,458,4.95,-14,5,75,1
170,150,210,141,473,4.95,-29,4,75,1
185,165,195,141,488,4.95,-44,3,75,1
195,175,185,141,503,4.95,-54,3,76,0
195,175,185,141,518,4.95,-54,3,76,0
195,175,185,141,533,4.95,-54,4,76,0
195,175,185,141,548,4.95,-54,4,76,0
195,175,185,141,563,4.95,-54,4,76,0
195,175,185,141,578,4.95,-54,4,76,0
195,175,185,141,593,4.95,-54,4,76,0
195,175,185,141,608,4.95,-54,4,76,0
195,175,185,141,623,4.95,-54,4,76,0
195,175,185,141,638,4.95,-54,4,76,0
195,175,185,175,359,5.55,-20,3,76,0
195,175,185,175,377,5.55,-20,3,76,0
195,175,185,175,395,5.55,-20,3,76,0
195,175,185,175,413,5.55,-20,4,76,0
195,175,185,175,431,5.55,-20,4,76,0
195,175,185,175,449,5.55,-20,4,76,0
210,190,170,175,467,5.55,-35,4,76,1
225,205,155,175,485,5.55,-50,4,76,1
240,220,140,175,503,5.55,-65,4,76,1
245,225,135,175,521,5.55,-70,4,76,0
245,225,135,175,539,5.55,-70,4,77,0
245,225,135,175,557,5.55,-70,4,77,0
245,225,135,175,575,5.55,-70,4,77,0
245,225,135,175,593,5.55,-70,3,77,0
245,225,135,175,611,5.55,-70,3,77,0
245,225,135,233,421,5.58,-12,4,77,0
245,225,135,233,439,5.58,-12,4,77,0
250,230,130,233,457,5.58,-17,3,77,1
265,245,115,233,475,5.58,-32,3,77,1
280,260,100,233,493,5.58,-47,3,77,1
295,275,85,233,511,5.58,-62,3,77,1
300,280,80,233,529,5.58,-67,3,77,0
300,280,80,233,547,5.58,-67,3,77,0
300,280,80,233,565,5.58,-67,3,77,0
300,280,80,233,583,5.58,-67,3,77,0
300,280,80,233,601,5.58,-67,3,77,0
300,280,80,233,619,5.58,-67,3,77,0
300,280,80,233,637,5.58,-67,4,77,0
300,280,80,71,368,5.05,-229,3,77,0
300,280,80,71,383,5.05,-229,3,77,0
300,280,80,71,398,5.05,-229,3,78,0
300,280,80,71,413,5.05,-229,3,78,0
300,280,80,71,428,5.05,-229,3,78,0
300,280,80,71,443,5.05,-229,3,78,0
300,280,80,71,458,5.05,-229,3,78,0
300,280,80,71,473,5.05,-229,3,78,0
300,280,80,71,488,5.05,-229,3,78,0
300,280,80,71,503,5.05,-229,3,78,0
300,280,80,71,518,5.05,-229,4,78,0
300,280,80,71,533,5.05,-229,4,78,0
300,280,80,71,548,5.05,-229,4,78,0
300,280,80,71,563,5.05,-229,4,78,0
300,280,80,71,578,5.05,-229,4,78,0
300,280,80,71,593,5.05,-229,4,78,0
300,280,80,73,523,5.62,-227,4,78,0
300,280,80,73,541,5.62,-227,4,78,0
300,280,80,73,559,5.62,-227,4,78,0
300,280,80,73,577,5.62,-227,3,78,0
300,280,80,73,595,5.62,-227,3,78,0
300,280,80,250,330,4.7,-50,4,78,0
300,280,80,250,345,4.7,-50,4,79,0
300,280,80,250,360,4.7,-50,4,79,0
300,280,80,250,375,4.7,-50,3,79,0
300,280,80,250,390,4.7,-50,3,79,0
300,280,80,250,405,4.7,-50,3,79,0
300,280,80,250,420,4.7,-50,3,79,0
300,280,80,250,435,4.7,-50,3,79,0
300,280,80,250,450,4.7,-50,3,79,0
300,280,80,250,465,4.7,-50,3,79,0
300,280,80,250,480,4.7,-50,3,79,0
300,280,80,250,495,4.7,-50,3,79,0
300,280,80,250,510,4.7,-50,4,79,0
300,280,80,250,525,4.7,-50,4,79,0
300,280,80,250,540,4.7,-50,4,79,0
300,280,80,250,555,4.7,-50,4,79,0
300,280,80,250,570,4.7,-50,4,79,0
300,280,80,250,585,4.7,-50,4,79,0
300,280,80,250,600,4.7,-50,4,79,0
300,280,80,225,537,5.8,-75,4,79,0
300,280,80,225,555,5.8,-75,4,79,0
300,280,80,225,573,5.8,-75,4,80,0
300,280,80,225,591,5.8,-75,3,80,0
300,280,80,225,609,5.8,-75,4,80,0
300,280,80,225,627,5.8,-75,4,80,0
300,280,80,225,645,5.8,-75,4,80,0
300,280,80,195,380,5.45,-105,3,80,0
300,280,80,195,395,5.45,-105,3,80,0
300,280,80,195,410,5.45,-105,3,80,0
300,280,80,195,425,5.45,-105,3,80,0
300,280,80,195,440,5.45,-105,3,80,0
300,280,80,195,455,5.45,-105,3,80,0
300,280,80,195,470,5.45,-105,3,80,0
300,280,80,195,485,5.45,-105,3,80,0
300,280,80,195,500,5.45,-105,4,80,0
300,280,80,195,515,5.45,-105,4,80,0
300,280,80,195,530,5.45,-105,4,80,0
300,280,80,195,545,5.45,-105,4,80,0
300,280,80,195,560,5.45,-105,4,80,0
300,280,80,195,575,5.45,-105,4,80,0
300,280,80,195,590,5.45,-105,4,80,0
300,280,80,195,605,5.45,-105,4,81,0
300,280,80,241,450,4.79,-59,4,81,0
300,280,80,241,465,4.79,-59,4,81,0
300,280,80,241,480,4.79,-59,4,81,0
300,280,80,241,495,4.79,-59,4,81,0
300,280,80,241,510,4.79,-59,4,81,0
300,280,80,241,525,4.79,-59,4,81,0
300,280,80,241,540,4.79,-59,4,81,0
300,280,80,241,555,4.79,-59,4,81,0
300,280,80,241,570,4.79,-59,4,81,0
300,280,80,241,585,4.79,-59,4,81,0
300,280,80,241,600,4.79,-59,4,81,0
305,285,75,241,615,4.79,-64,4,81,1
320,300,60,273,462,4.77,-47,4,81,1
335,315,45,273,477,4.77,-62,4,81,1
350,330,30,273,492,4.77,-77,4,81,1
350,330,30,273,507,4.77,-77,4,81,0
350,330,30,273,522,4.77,-77,4,81,0
350,330,30,273,537,4.77,-77,4,81,0
350,330,30,273,552,4.77,-77,4,81,0
350,330,30,273,567,4.77,-77,4,82,0
350,330,30,273,582,4.77,-77,4,82,0
350,330,30,266,513,5.92,-84,4,82,0
350,330,30,266,531,5.92,-84,4,82,0
350,330,30,266,549,5.92,-84,4,82,0
350,330,30,266,567,5.92,-84,4,82,0
350,330,30,266,585,5.92,-84,4,82,0
350,330,30,266,603,5.92,-84,4,82,0
350,330,30,266,621,5.92,-84,4,82,0
350,330,30,266,639,5.92,-84,4,82,0
350,330,30,242,382,5.09,-108,3,82,0
350,330,30,242,397,5.09,-108,3,82,0
350,330,30,242,412,5.09,-108,3,82,0
350,330,30,242,427,5.09,-108,3,82,0
350,330,30,242,442,5.09,-108,3,82,0
350,330,30,242,457,5.09,-108,3,82,0
350,330,30,242,472,5.09,-108,3,82,0
350,330,30,242,487,5.09,-108,4,82,0
350,330,30,242,502,5.09,-108,4,82,0
350,330,30,242,517,5.09,-108,4,82,0
350,330,30,242,532,5.09,-108,4,83,0
350,330,30,242,547,5.09,-108,4,83,0
350,330,30,242,562,5.09,-108,4,83,0
350,330,30,242,577,5.09,-108,4,83,0
350,330,30,239,513,5.81,-111,4,83,0
350,330,30,239,531,5.81,-111,4,83,0
350,330,30,239,549,5.81,-111,4,83,0
350,330,30,239,567,5.81,-111,4,83,0
350,330,30,239,585,5.81,-111,5,83,0
350,330,30,239,603,5.81,-111,4,83,0
350,330,30,239,621,5.81,-111,4,83,0
350,330,30,291,442,5.86,-59,4,83,0
350,330,30,291,460,5.86,-59,3,83,0
350,330,30,291,478,5.86,-59,3,83,0
350,330,30,291,496,5.86,-59,3,83,0
350,330,30,291,514,5.86,-59,3,83,0
350,330,30,291,532,5.86,-59,3,83,0
350,330,30,291,550,5.86,-59,3,83,0
350,330,30,291,568,5.86,-59,3,83,0
350,330,30,291,586,5.86,-59,4,83,0
350,330,30,291,604,5.86,-59,4,84,0
350,330,30,291,622,5.86,-59,4,84,0
350,330,30,291,640,5.86,-59,4,84,0
350,330,30,197,216,5.39,-153,3,84,0
350,330,30,197,231,5.39,-153,3,84,0
350,330,30,197,246,5.39,-153,3,84,0
350,330,30,197,261,5.39,-153,3,84,0
350,330,30,197,276,5.39,-153,3,84,0
350,330,30,197,291,5.39,-153,3,84,0
350,330,30,197,306,5.39,-153,3,84,0
350,330,30,197,321,5.39,-153,4,84,0
350,330,30,197,336,5.39,-153,4,84,0
350,330,30,197,351,5.39,-153,4,84,0
350,330,30,197,366,5.39,-153,4,84,0
350,330,30,197,381,5.39,-153,4,84,0
350,330,30,197,396,5.39,-153,4,84,0
350,330,30,197,411,5.39,-153,4,84,0
350,330,30,197,426,5.39,-153,4,84,0
350,330,30,197,441,5.39,-153,4,84,0
350,330,30,197,456,5.39,-153,4,84,0
350,330,30,197,471,5.39,-153,4,85,0
350,330,30,197,486,5.39,-153,4,85,0
350,330,30,197,501,5.39,-153,4,85,0
350,330,30,197,516,5.39,-153,4,85,0
350,330,30,197,531,5.39,-153,4,85,0
350,330,30,197,546,5.39,-153,4,85,0
350,330,30,197,561,5.39,-153,4,85,0
350,330,30,382,412,5.32,32,4,85,0
350,330,30,382,427,5.32,32,4,85,0
350,330,30,382,442,5.32,32,4,85,0
340,320,40,382,457,5.32,42,4,85,-1
325,305,55,382,472,5.32,57,5,85,-1
310,290,70,382,487,5.32,72,5,85,-1
295,275,85,382,502,5.32,87,4,85,-1
290,270,90,382,517,5.32,92,4,85,0
290,270,90,382,532,5.32,92,4,85,0
290,270,90,382,547,5.32,92,4,85,0
290,270,90,382,562,5.32,92,4,85,0
290,270,90,382,577,5.32,92,4,85,0
290,270,90,382,592,5.32,92,4,85,0
290,270,90,382,607,5.32,92,4,86,0
290,270,90,382,622,5.32,92,4,86,0
290,270,90,195,480,4.97,-95,5,86,0
290,270,90,195,495,4.97,-95,4,86,0
290,270,90,195,510,4.97,-95,4,86,0
290,270,90,195,525,4.97,-95,4,86,0
290,270,90,195,540,4.97,-95,4,86,0
290,270,90,195,555,4.97,-95,4,86,0
290,270,90,195,570,4.97,-95,4,86,0
290,270,90,195,585,4.97,-95,4,86,0
290,270,90,195,600,4.97,-95,4,86,0
290,270,90,195,615,4.97,-95,4,86,0
290,270,90,195,630,4.97,-95,4,86,0
290,270,90,195,645,4.97,-95,5,86,0
290,270,90,154,495,4.63,-136,4,86,0
290,270,90,154,510,4.63,-136,4,86,0
290,270,90,154,525,4.63,-136,4,86,0
290,270,90,154,540,4.63,-136,4,86,0
290,270,90,154,555,4.63,-136,4,86,0
290,270,90,154,570,4.63,-136,4,86,0
290,270,90,176,513,6.12,-114,4,87,0
290,270,90,176,531,6.12,-114,4,87,0
290,270,90,176,549,6.12,-114,4,87,0
290,270,90,176,567,6.12,-114,5,87,0
290,270,90,176,585,6.12,-114,5,87,0
290,270,90,176,603,6.12,-114,4,87,0
290,270,90,176,621,6.12,-114,4,87,0
290,270,90,303,375,4.91,13,4,87,0
290,270,90,303,390,4.91,13,3,87,0
290,270,90,303,405,4.91,13,3,87,0
290,270,90,303,420,4.91,13,3,87,0
290,270,90,303,435,4.91,13,3,87,0
280,260,100,303,450,4.91,23,3,87,-1
265,245,115,303,465,4.91,38,4,87,-1
250,230,130,303,480,4.91,53,4,87,-1
235,215,145,303,495,4.91,68,4,87,-1
225,205,155,303,510,4.91,78,4,87,0
225,205,155,303,525,4.91,78,4,87,0
225,205,155,303,540,4.91,78,4,87,0
225,205,155,303,555,4.91,78,4,87,0
225,205,155,303,570,4.91,78,4,88,0
225,205,155,303,585,4.91,78,4,88,0
225,205,155,303,600,4.91,78,4,88,0
225,205,155,303,615,4.91,78,4,88,0
225,205,155,303,630,4.91,78,5,88,0
225,205,155,303,645,4.91,78,5,88,0
225,205,155,341,501,4.66,116,4,88,0
225,205,155,341,516,4.66,116,4,88,0
225,205,155,341,531,4.66,116,4,88,0
225,205,155,341,546,4.66,116,4,88,0
225,205,155,341,561,4.66,116,4,88,0
225,205,155,341,576,4.66,116,4,88,0
225,205,155,341,591,4.66,116,4,88,0
225,205,155,286,450,4.9,61,4,88,0
225,205,155,286,465,4.9,61,5,88,0
225,205,155,286,480,4.9,61,5,88,0
225,205,155,286,495,4.9,61,4,88,0
215,195,165,286,510,4.9,71,4,88,-1
200,180,180,286,525,4.9,86,4,88,-1
185,165,195,286,540,4.9,101,4,88,-1
170,150,210,286,555,4.9,116,4,89,-1
165,145,215,286,570,4.9,121,4,89,0
165,145,215,286,585,4.9,121,4,89,0
165,145,215,126,442,4.87,-39,4,89,0
165,145,215,126,457,4.87,-39,5,89,0
165,145,215,126,472,4.87,-39,5,89,0
165,145,215,126,487,4.87,-39,5,89,0
170,150,210,126,502,4.87,-44,4,89,1
185,165,195,126,517,4.87,-59,4,89,1
200,180,180,126,532,4.87,-74,4,89,1
210,190,170,126,547,4.87,-84,4,89,0
210,190,170,126,562,4.87,-84,4,89,0
210,190,170,126,577,4.87,-84,4,89,0
210,190,170,126,592,4.87,-84,4,89,0
210,190,170,126,607,4.87,-84,4,89,0
210,190,170,126,622,4.87,-84,5,89,0
210,190,170,126,637,4.87,-84,5,89,0
210,190,170,126,652,4.87,-84,5,89,0
210,190,170,47,515,5.44,-163,4,89,0
210,190,170,47,530,5.44,-163,4,89,0
210,190,170,47,545,5.44,-163,4,90,0
210,190,170,47,560,5.44,-163,4,90,0
210,190,170,184,415,4.78,-26,4,90,0
210,190,170,184,430,4.78,-26,4,90,0
210,190,170,184,445,4.78,-26,4,90,0
210,190,170,184,460,4.78,-26,5,90,0
225,205,155,184,475,4.78,-41,5,90,1
240,220,140,184,490,4.78,-56,4,90,1
255,235,125,184,505,4.78,-71,4,90,1
260,240,120,184,520,4.78,-76,4,90,0
260,240,120,184,535,4.78,-76,4,90,0
260,240,120,184,550,4.78,-76,4,90,0
260,240,120,184,565,4.78,-76,4,90,0
260,240,120,184,580,4.78,-76,4,90,0
260,240,120,184,595,4.78,-76,4,90,0
260,240,120,184,610,4.78,-76,5,90,0
260,240,120,184,625,4.78,-76,5,90,0
260,240,120,184,640,4.78,-76,5,90,0
260,240,120,216,345,5.37,-44,4,90,0
260,240,120,216,360,5.37,-44,4,90,0
260,240,120,216,375,5.37,-44,4,91,0
260,240,120,216,390,5.37,-44,3,91,0
260,240,120,216,405,5.37,-44,3,91,0
260,240,120,216,420,5.37,-44,3,91,0
260,240,120,216,435,5.37,-44,3,91,0
260,240,120,216,450,5.37,-44,4,91,0
260,240,120,216,465,5.37,-44,4,91,0
270,250,110,216,480,5.37,-54,4,91,1
285,265,95,216,495,5.37,-69,4,91,1
300,280,80,287,441,6.03,-13,4,91,1
315,295,65,287,459,6.03,-28,4,91,1
330,310,50,287,477,6.03,-43,4,91,1
330,310,50,287,495,6.03,-43,4,91,0
330,310,50,287,513,6.03,-43,4,91,0
330,310,50,287,531,6.03,-43,4,91,0
330,310,50,287,549,6.03,-43,5,91,0
330,310,50,287,567,6.03,-43,5,91,0
345,325,35,287,585,6.03,-58,5,91,1
360,340,20,287,603,6.03,-73,5,91,1
375,355,5,287,621,6.03,-88,4,91,1
375,355,5,287,639,6.03,-88,4,92,0
375,355,5,262,395,5.2,-113,3,92,0
375,355,5,262,410,5.2,-113,3,92,0
375,355,5,262,425,5.2,-113,3,92,0
375,355,5,262,440,5.2,-113,3,92,0
375,355,5,262,455,5.2,-113,4,92,0
375,355,5,262,470,5.2,-113,4,92,0
375,355,5,262,485,5.2,-113,4,92,0
375,355,5,262,500,5.2,-113,4,92,0
375,355,5,262,515,5.2,-113,4,92,0
375,355,5,262,530,5.2,-113,4,92,0
375,355,5,262,545,5.2,-113,4,92,0
375,355,5,262,560,5.2,-113,4,92,0
375,355,5,280,508,5.68,-95,4,92,0
375,355,5,280,526,5.68,-95,4,92,0
375,355,5,280,544,5.68,-95,5,92,0
375,355,5,280,562,5.68,-95,5,92,0
375,355,5,280,580,5.68,-95,5,92,0
375,355,5,280,598,5.68,-95,4,92,0
375,355,5,280,616,5.68,-95,4,92,0
375,355,5,304,457,5.52,-71,4,93,0
375,355,5,304,475,5.52,-71,4,93,0
375,355,5,304,493,5.52,-71,3,93,0
375,355,5,304,511,5.52,-71,3,93,0
375,355,5,304,529,5.52,-71,4,93,0
375,355,5,304,547,5.52,-71,4,93,0
375,355,5,304,565,5.52,-71,4,93,0
375,355,5,304,583,5.52,-71,4,93,0
375,355,5,304,601,5.52,-71,4,93,0
375,355,5,304,619,5.52,-71,4,93,0
375,355,5,304,637,5.52,-71,4,93,0
375,355,5,353,297,6.01,-22,3,93,0
375,355,5,353,315,6.01,-22,3,93,0
375,355,5,353,333,6.01,-22,3,93,0
375,355,5,353,351,6.01,-22,4,93,0
375,355,5,353,369,6.01,-22,4,93,0
365,345,15,353,387,6.01,-12,4,93,-1
350,330,30,353,405,6.01,3,4,93,-1
335,315,45,353,423,6.01,18,4,93,-1
320,300,60,353,441,6.01,33,4,93,-1
305,285,75,353,459,6.01,48,4,94,-1
300,280,80,353,477,6.01,53,3,94,0
300,280,80,353,495,6.01,53,3,94,0
300,280,80,353,513,6.01,53,3,94,0
300,280,80,353,531,6.01,53,4,94,0
300,280,80,353,549,6.01,53,4,94,0
300,280,80,353,567,6.01,53,4,94,0
300,280,80,353,585,6.01,53,4,94,0
300,280,80,353,603,6.01,53,4,94,0
300,280,80,353,621,6.01,53,4,94,0
300,280,80,353,639,6.01,53,4,94,0
300,280,80,212,478,6.3,-88,3,94,0
300,280,80,212,496,6.3,-88,3,94,0
300,280,80,212,514,6.3,-88,4,94,0
300,280,80,212,532,6.3,-88,4,94,0
300,280,80,212,550,6.3,-88,4,94,0
300,280,80,212,568,6.3,-88,4,94,0
300,280,80,212,586,6.3,-88,4,94,0
300,280,80,212,604,6.3,-88,4,94,0
300,280,80,212,622,6.3,-88,4,94,0
300,280,80,301,386,4.98,1,4,95,0
300,280,80,301,401,4.98,1,3,95,0
300,280,80,301,416,4.98,1,3,95,0
285,265,95,301,431,4.98,16,4,95,-1
270,250,110,301,446,4.98,31,4,95,-1
255,235,125,301,461,4.98,46,4,95,-1
240,220,140,301,476,4.98,61,4,95,-1
225,205,155,301,491,4.98,76,4,95,-1
225,205,155,301,506,4.98,76,4,95,0
225,205,155,301,521,4.98,76,4,95,0
225,205,155,301,536,4.98,76,4,95,0
225,205,155,301,551,4.98,76,4,95,0
225,205,155,301,566,4.98,76,4,95,0
225,205,155,301,581,4.98,76,5,95,0
225,205,155,301,596,4.98,76,5,95,0
225,205,155,301,611,4.98,76,5,95,0
225,205,155,301,626,4.98,76,5,95,0
225,205,155,301,641,4.98,76,5,95,0
225,205,155,389,621,6.35,164,4,95,0
225,205,155,389,639,6.35,164,4,95,0
225,205,155,349,401,4.96,124,3,96,0
225,205,155,349,416,4.96,124,3,96,0
225,205,155,349,431,4.96,124,4,96,0
225,205,155,349,446,4.96,124,4,96,0
225,205,155,349,461,4.96,124,4,96,0
225,205,155,349,476,4.96,124,4,96,0
225,205,155,349,491,4.96,124,4,96,0
225,205,155,349,506,4.96,124,4,96,0
225,205,155,349,521,4.96,124,4,96,0
225,205,155,349,536,4.96,124,4,96,0
225,205,155,349,551,4.96,124,4,96,0
225,205,155,349,566,4.96,124,5,96,0
225,205,155,349,581,4.96,124,5,96,0
225,205,155,94,540,5.59,-131,5,96,0
225,205,155,94,558,5.59,-131,5,96,0
225,205,155,94,576,5.59,-131,5,96,0
225,205,155,94,594,5.59,-131,5,96,0
225,205,155,94,612,5.59,-131,4,96,0
225,205,155,131,456,6.36,-94,4,96,0
225,205,155,131,474,6.36,-94,4,96,0
225,205,155,131,492,6.36,-94,3,97,0
225,205,155,131,510,6.36,-94,4,97,0
225,205,155,131,528,6.36,-94,4,97,0
225,205,155,131,546,6.36,-94,4,97,0
225,205,155,131,564,6.36,-94,4,97,0
225,205,155,131,582,6.36,-94,4,97,0
225,205,155,131,600,6.36,-94,4,97,0
225,205,155,131,618,6.36,-94,4,97,0
225,205,155,159,467,5.85,-66,4,97,0
225,205,155,159,485,5.85,-66,3,97,0
225,205,155,159,503,5.85,-66,4,97,0
225,205,155,159,521,5.85,-66,4,97,0
225,205,155,159,539,5.85,-66,4,97,0
225,205,155,159,557,5.85,-66,4,97,0
225,205,155,159,575,5.85,-66,4,97,0
225,205,155,159,593,5.85,-66,4,97,0
225,205,155,159,611,5.85,-66,4,97,0
225,205,155,159,629,5.85,-66,4,97,0
225,205,155,159,647,5.85,-66,4,97,0
225,205,155,59,497,5.68,-166,4,97,0
225,205,155,59,515,5.68,-166,4,98,0
225,205,155,59,533,5.68,-166,4,98,0
225,205,155,59,551,5.68,-166,4,98,0
225,205,155,59,569,5.68,-166,4,98,0
225,205,155,284,417,6.01,59,4,98,0
225,205,155,284,435,6.01,59,4,98,0
225,205,155,284,453,6.01,59,4,98,0
225,205,155,284,471,6.01,59,4,98,0
225,205,155,284,489,6.01,59,3,98,0
225,205,155,284,507,6.01,59,4,98,0
225,205,155,284,525,6.01,59,4,98,0
225,205,155,284,543,6.01,59,4,98,0
225,205,155,284,561,6.01,59,4,98,0
225,205,155,284,579,6.01,59,4,98,0
225,205,155,284,597,6.01,59,4,98,0
225,205,155,284,615,6.01,59,4,98,0
225,205,155,284,633,6.01,59,4,98,0
225,205,155,284,651,6.01,59,4,98,0
225,205,155,125,507,5.79,-100,4,98,0
225,205,155,125,525,5.79,-100,4,98,0
225,205,155,125,543,5.79,-100,4,99,0
225,205,155,125,561,5.79,-100,4,99,0
225,205,155,125,579,5.79,-100,4,99,0
225,205,155,125,597,5.79,-100,4,99,0
225,205,155,125,615,5.79,-100,4,99,0
225,205,155,125,633,5.79,-100,4,99,0
225,205,155,109,478,6.33,-116,3,99,0
225,205,155,109,496,6.33,-116,4,99,0
225,205,155,109,514,6.33,-116,4,99,0
225,205,155,109,532,6.33,-116,4,99,0
225,205,155,109,550,6.33,-116,4,99,0
225,205,155,109,568,6.33,-116,4,99,0
230,210,150,109,586,6.33,-121,4,99,1
245,225,135,186,442,5.99,-59,4,99,1
260,240,120,186,460,5.99,-74,4,99,1
275,255,105,186,478,5.99,-89,4,99,1
280,260,100,186,496,5.99,-94,4,99,0
280,260,100,186,514,5.99,-94,4,99,0
280,260,100,186,532,5.99,-94,4,99,0
280,260,100,186,550,5.99,-94,4,99,0
280,260,100,186,568,5.99,-94,4,100,0
280,260,100,186,586,5.99,-94,4,100,0
280,260,100,186,604,5.99,-94,4,100,0
280,260,100,186,622,5.99,-94,4,100,0
280,260,100,186,640,5.99,-94,4,100,0
280,260,100,244,401,5.16,-36,4,100,0
280,260,100,244,416,5.16,-36,4,100,0
280,260,100,244,431,5.16,-36,4,100,0
280,260,100,244,446,5.16,-36,4,100,0
280,260,100,244,461,5.16,-36,4,100,0
280,260,100,244,476,5.16,-36,4,100,0
290,270,90,244,491,5.16,-46,4,100,1
305,285,75,244,506,5.16,-61,4,100,1
305,285,75,244,521,5.16,-61,4,100,0
305,285,75,244,536,5.16,-61,5,100,0
305,285,75,244,551,5.16,-61,5,100,0
305,285,75,343,526,5.58,38,5,100,0
300,280,80,343,544,5.58,43,5,100,-1
285,265,95,343,562,5.58,58,5,100,-1
275,255,105,244,611,5.16,-31,5,100,0
275,255,105,244,626,5.16,-31,5,101,0
275,255,105,244,641,5.16,-31,5,101,0
275,255,105,343,634,5.58,68,4,101,0
275,255,105,260,407,5.3,-15,4,101,0
275,255,105,260,422,5.3,-15,4,101,0
285,265,95,260,437,5.3,-25,4,101,1
300,280,80,260,452,5.3,-40,4,101,1
315,295,65,260,467,5.3,-55,4,101,1
330,310,50,260,482,5.3,-70,4,101,1
345,325,35,260,497,5.3,-85,4,101,1
360,340,20,260,512,5.3,-100,4,101,1
375,355,5,317,471,6.37,-58,4,101,1
380,360,0,317,489,6.37,-63,5,101,1
380,360,0,317,507,6.37,-63,5,101,0
380,360,0,317,525,6.37,-63,5,101,0
380,360,0,317,543,6.37,-63,5,101,0
380,360,0,317,561,6.37,-63,5,101,0
380,360,0,317,579,6.37,-63,5,101,0
380,360,0,317,597,6.37,-63,5,101,0
380,360,0,317,615,6.37,-63,5,101,0
380,360,0,317,633,6.37,-63,4,102,0
380,360,0,248,485,6.03,-132,4,102,0
380,360,0,248,503,6.03,-132,4,102,0
380,360,0,248,521,6.03,-132,4,102,0
380,360,0,248,539,6.03,-132,4,102,0
380,360,0,248,557,6.03,-132,4,102,0
380,360,0,248,575,6.03,-132,4,102,0
380,360,0,248,593,6.03,-132,4,102,0
380,360,0,371,370,5.38,-9,4,102,0
380,360,0,371,385,5.38,-9,5,102,0
380,360,0,371,400,5.38,-9,5,102,0
370,350,10,371,415,5.38,1,4,102,-1
355,335,25,371,430,5.38,16,4,102,-1
340,320,40,371,445,5.38,31,4,102,-1
325,305,55,371,460,5.38,46,4,102,-1
315,295,65,371,475,5.38,56,4,102,0
315,295,65,371,490,5.38,56,4,102,0
315,295,65,371,505,5.38,56,4,102,0
315,295,65,371,520,5.38,56,5,102,0
315,295,65,371,535,5.38,56,5,102,0
315,295,65,371,550,5.38,56,5,103,0
315,295,65,371,565,5.38,56,5,103,0
315,295,65,371,580,5.38,56,5,103,0
315,295,65,371,595,5.38,56,5,103,0
315,295,65,371,610,5.38,56,5,103,0
315,295,65,371,625,5.38,56,5,103,0
315,295,65,371,640,5.38,56,5,103,0
315,295,65,205,476,5.82,-110,5,103,0
315,295,65,205,494,5.82,-110,5,103,0
315,295,65,205,512,5.82,-110,5,103,0
315,295,65,205,530,5.82,-110,5,103,0
315,295,65,205,548,5.82,-110,5,103,0
315,295,65,205,566,5.82,-110,5,103,0
315,295,65,205,584,5.82,-110,5,103,0
315,295,65,205,602,5.82,-110,5,103,0
315,295,65,205,620,5.82,-110,6,103,0
315,295,65,205,638,5.82,-110,5,103,0
315,295,65,148,502,6.41,-167,4,103,0
315,295,65,148,520,6.41,-167,4,103,0
315,295,65,148,538,6.41,-167,4,103,0
315,295,65,148,556,6.41,-167,4,104,0
315,295,65,370,417,5.95,55,4,104,0
315,295,65,370,435,5.95,55,4,104,0
315,295,65,370,453,5.95,55,4,104,0
315,295,65,370,471,5.95,55,5,104,0
315,295,65,370,489,5.95,55,5,104,0
315,295,65,370,507,5.95,55,4,104,0
310,290,70,370,525,5.95,60,4,104,-1
295,275,85,370,543,5.95,75,4,104,-1
280,260,100,370,561,5.95,90,4,104,-1
270,250,110,370,579,5.95,100,4,104,0
270,250,110,370,597,5.95,100,4,104,0
270,250,110,370,615,5.95,100,4,104,0
270,250,110,370,633,5.95,100,5,104,0
270,250,110,119,491,6.38,-151,4,104,0
270,250,110,119,509,6.38,-151,4,104,0
270,250,110,119,527,6.38,-151,4,104,0
270,250,110,119,545,6.38,-151,4,104,0
270,250,110,119,563,6.38,-151,4,104,0
270,250,110,119,581,6.38,-151,4,104,0
270,250,110,119,599,6.38,-151,4,105,0
270,250,110,119,617,6.38,-151,5,105,0
270,250,110,119,635,6.38,-151,5,105,0
270,250,110,91,495,6.29,-179,4,105,0
270,250,110,91,513,6.29,-179,4,105,0
270,250,110,91,531,6.29,-179,4,105,0
270,250,110,91,549,6.29,-179,4,105,0
270,250,110,91,567,6.29,-179,4,105,0
270,250,110,91,585,6.29,-179,4,105,0
270,250,110,91,603,6.29,-179,5,105,0
270,250,110,91,621,6.29,-179,5,105,0
270,250,110,91,639,6.29,-179,5,105,0
270,250,110,132,345,6.21,-138,4,105,0
270,250,110,132,363,6.21,-138,4,105,0
270,250,110,132,381,6.21,-138,4,105,0
270,250,110,132,399,6.21,-138,4,105,0
270,250,110,132,417,6.21,-138,4,105,0
270,250,110,132,435,6.21,-138,4,105,0
270,250,110,132,453,6.21,-138,5,105,0
270,250,110,132,471,6.21,-138,5,105,0
270,250,110,132,489,6.21,-138,5,106,0
270,250,110,132,507,6.21,-138,5,106,0
270,250,110,132,525,6.21,-138,5,106,0
270,250,110,132,543,6.21,-138,5,106,0
270,250,110,132,561,6.21,-138,5,106,0
270,250,110,132,579,6.21,-138,5,106,0
270,250,110,132,597,6.21,-138,6,106,0
270,250,110,365,468,6.01,95,6,106,0
270,250,110,365,486,6.01,95,5,106,0
270,250,110,365,504,6.01,95,5,106,0
270,250,110,365,522,6.01,95,4,106,0
270,250,110,365,540,6.01,95,4,106,0
270,250,110,365,558,6.01,95,4,106,0
270,250,110,365,576,6.01,95,4,106,0
270,250,110,365,594,6.01,95,5,106,0
270,250,110,365,612,6.01,95,5,106,0
270,250,110,365,630,6.01,95,5,106,0
270,250,110,365,648,6.01,95,5,106,0
270,250,110,122,517,5.87,-148,4,106,0
270,250,110,122,535,5.87,-148,4,106,0
270,250,110,122,553,5.87,-148,4,107,0
270,250,110,122,571,5.87,-148,4,107,0
270,250,110,122,589,5.87,-148,4,107,0
270,250,110,355,454,5.97,85,5,107,0
270,250,110,355,472,5.97,85,5,107,0
270,250,110,355,490,5.97,85,5,107,0
270,250,110,355,508,5.97,85,4,107,0
270,250,110,355,526,5.97,85,4,107,0
270,250,110,355,544,5.97,85,4,107,0
270,250,110,355,562,5.97,85,4,107,0
270,250,110,355,580,5.97,85,4,107,0
270,250,110,355,598,5.97,85,5,107,0
270,250,110,355,616,5.97,85,5,107,0
270,250,110,355,634,5.97,85,5,107,0
270,250,110,382,504,5.69,112,5,107,0
270,250,110,382,522,5.69,112,4,107,0
270,250,110,382,540,5.69,112,4,107,0
270,250,110,382,558,5.69,112,4,107,0
270,250,110,382,576,5.69,112,4,107,0
270,250,110,382,594,5.69,112,5,107,0
270,250,110,382,612,5.69,112,5,108,0
270,250,110,382,630,5.69,112,5,108,0
270,250,110,382,648,5.69,112,5,108,0
270,250,110,62,513,5.7,-208,4,108,0
270,250,110,62,531,5.7,-208,4,108,0
270,250,110,62,549,5.7,-208,4,108,0
270,250,110,62,567,5.7,-208,4,108,0
270,250,110,62,585,5.7,-208,5,108,0
270,250,110,62,603,5.7,-208,5,108,0
270,250,110,98,476,5.87,-172,5,108,0
270,250,110,98,494,5.87,-172,5,108,0
270,250,110,98,512,5.87,-172,4,108,0
270,250,110,98,530,5.87,-172,4,108,0
270,250,110,98,548,5.87,-172,4,108,0
270,250,110,98,566,5.87,-172,4,108,0
270,250,110,98,584,5.87,-172,5,108,0
270,250,110,286,352,6.51,16,5,108,0
270,250,110,286,373,6.51,16,5,108,0
270,250,110,286,394,6.51,16,5,108,0
270,250,110,286,415,6.51,16,4,108,0
265,245,115,286,436,6.51,21,4,109,-1
250,230,130,286,457,6.51,36,4,109,-1
235,215,145,286,478,6.51,51,4,109,-1
220,200,160,286,499,6.51,66,5,109,-1
210,190,170,286,520,6.51,76,5,109,0
210,190,170,286,541,6.51,76,5,109,0
210,190,170,286,562,6.51,76,5,109,0
210,190,170,286,583,6.51,76,5,109,0
210,190,170,286,604,6.51,76,4,109,0
210,190,170,286,625,6.51,76,4,109,0
210,190,170,286,646,6.51,76,4,109,0
210,190,170,63,426,5.77,-147,4,109,0
210,190,170,63,444,5.77,-147,4,109,0
210,190,170,63,462,5.77,-147,4,109,0
210,190,170,63,480,5.77,-147,4,109,0
210,190,170,63,498,5.77,-147,4,109,0
210,190,170,63,516,5.77,-147,4,109,0
210,190,170,63,534,5.77,-147,4,109,0
210,190,170,63,552,5.77,-147,4,109,0
210,190,170,63,570,5.77,-147,5,109,0
210,190,170,63,588,5.77,-147,5,110,0
210,190,170,63,606,5.77,-147,5,110,0
210,190,170,63,624,5.77,-147,5,110,0
210,190,170,63,642,5.77,-147,5,110,0
210,190,170,11,515,5.53,-199,4,110,0
210,190,170,11,533,5.53,-199,4,110,0
210,190,170,11,551,5.53,-199,4,110,0
210,190,170,221,352,5.33,11,5,110,0
210,190,170,221,367,5.33,11,5,110,0
210,190,170,221,382,5.33,11,5,110,0
210,190,170,221,397,5.33,11,5,110,0
210,190,170,221,412,5.33,11,5,110,0
210,190,170,221,427,5.33,11,4,110,0
195,175,185,221,442,5.33,26,4,110,-1
180,160,200,221,457,5.33,41,4,110,-1
165,145,215,221,472,5.33,56,5,110,-1
155,135,225,221,487,5.33,66,5,110,0
155,135,225,221,502,5.33,66,5,110,0
155,135,225,221,517,5.33,66,5,110,0
155,135,225,221,532,5.33,66,5,110,0
155,135,225,221,547,5.33,66,5,111,0
155,135,225,221,562,5.33,66,5,111,0
155,135,225,69,555,5.86,-86,5,111,0
155,135,225,221,592,5.33,66,6,111,0
155,135,225,221,607,5.33,66,6,111,0
155,135,225,221,622,5.33,66,6,111,0
155,135,225,221,637,5.33,66,6,111,0
155,135,225,259,502,5.75,104,6,111,0
155,135,225,259,520,5.75,104,4,111,0
155,135,225,259,538,5.75,104,4,111,0
155,135,225,259,556,5.75,104,4,111,0
165,145,215,259,574,5.75,94,5,111,1
180,160,200,259,592,5.75,79,5,111,1
195,175,185,164,462,5.77,-31,5,111,1
210,190,170,164,480,5.77,-46,5,111,1
225,205,155,164,498,5.77,-61,5,111,1
235,215,145,164,516,5.77,-71,4,111,0
235,215,145,164,534,5.77,-71,4,111,0
235,215,145,164,552,5.77,-71,5,111,0
235,215,145,164,570,5.77,-71,5,111,0
235,215,145,164,588,5.77,-71,5,112,0
225,205,155,164,606,5.77,-61,5,112,-1
210,190,170,164,624,5.77,-46,5,112,-1
195,175,185,164,642,5.77,-31,5,112,-1
180,160,200,297,516,6.3,117,4,112,-1
165,145,215,297,534,6.3,132,4,112,-1
150,130,230,297,552,6.3,147,5,112,-1
150,130,230,297,570,6.3,147,5,112,0
150,130,230,297,588,6.3,147,5,112,0
150,130,230,239,469,5.63,89,5,112,0
150,130,230,239,487,5.63,89,5,112,0
150,130,230,239,505,5.63,89,5,112,0
150,130,230,239,523,5.63,89,4,112,0
150,130,230,239,541,5.63,89,4,112,0
165,145,215,239,559,5.63,74,5,112,1
180,160,200,239,577,5.63,59,5,112,1
195,175,185,129,535,6.74,-66,5,112,1
200,180,180,129,556,6.74,-71,5,112,0
200,180,180,129,577,6.74,-71,5,112,0
200,180,180,129,598,6.74,-71,5,112,0
200,180,180,129,619,6.74,-71,4,113,0
200,180,180,129,640,6.74,-71,5,113,0
200,180,180,156,425,6.45,-44,4,113,0
200,180,180,156,443,6.45,-44,4,113,0
200,180,180,156,461,6.45,-44,4,113,0
200,180,180,156,479,6.45,-44,4,113,0
215,195,165,156,497,6.45,-59,4,113,1
230,210,150,156,515,6.45,-74,4,113,1
235,215,145,156,533,6.45,-79,4,113,0
230,210,150,156,551,6.45,-74,5,113,-1
215,195,165,156,569,6.45,-59,5,113,-1
200,180,180,156,587,6.45,-44,5,113,-1
190,170,190,264,551,6.7,74,5,113,0
190,170,190,264,572,6.7,74,5,113,0
190,170,190,264,593,6.7,74,5,113,0
190,170,190,264,614,6.7,74,4,113,0
190,170,190,264,635,6.7,74,4,113,0
190,170,190,28,348,5.34,-162,4,113,0
190,170,190,28,363,5.34,-162,4,113,0
190,170,190,28,378,5.34,-162,4,113,0
190,170,190,28,393,5.34,-162,4,114,0
190,170,190,28,408,5.34,-162,4,114,0
190,170,190,28,423,5.34,-162,4,114,0
190,170,190,28,438,5.34,-162,4,114,0
190,170,190,28,453,5.34,-162,5,114,0
190,170,190,28,468,5.34,-162,5,114,0
190,170,190,28,483,5.34,-162,5,114,0
190,170,190,28,498,5.34,-162,5,114,0
190,170,190,28,513,5.34,-162,5,114,0
190,170,190,28,528,5.34,-162,5,114,0
190,170,190,28,543,5.34,-162,5,114,0
190,170,190,28,558,5.34,-162,6,114,0
190,170,190,162,412,6.44,-28,6,114,0
190,170,190,162,430,6.44,-28,6,114,0
190,170,190,162,448,6.44,-28,6,114,0
200,180,180,162,466,6.44,-38,6,114,1
215,195,165,162,484,6.44,-53,6,114,1
230,210,150,162,502,6.44,-68,6,114,1
245,225,135,162,520,6.44,-83,4,114,1
260,240,120,162,538,6.44,-98,5,114,1
260,240,120,162,556,6.44,-98,5,115,0
260,240,120,162,574,6.44,-98,5,115,0
260,240,120,237,457,6.16,-23,5,115,0
265,245,115,237,475,6.16,-28,5,115,1
280,260,100,237,493,6.16,-43,5,115,1
295,275,85,237,511,6.16,-58,5,115,1
305,285,75,237,529,6.16,-68,5,115,0
305,285,75,237,547,6.16,-68,5,115,0
305,285,75,237,565,6.16,-68,5,115,0
305,285,75,237,583,6.16,-68,5,115,0
305,285,75,237,601,6.16,-68,5,115,0
305,285,75,237,619,6.16,-68,5,115,0
305,285,75,237,637,6.16,-68,5,115,0
305,285,75,20,611,6.62,-285,5,115,0
305,285,75,88,410,5.83,-217,5,115,0
305,285,75,88,428,5.83,-217,4,115,0
305,285,75,88,446,5.83,-217,4,115,0
305,285,75,88,464,5.83,-217,4,115,0
305,285,75,88,482,5.83,-217,4,115,0
305,285,75,88,500,5.83,-217,4,115,0
305,285,75,88,518,5.83,-217,4,116,0
305,285,75,88,536,5.83,-217,5,116,0
305,285,75,88,554,5.83,-217,5,116,0
305,285,75,88,572,5.83,-217,5,116,0
305,285,75,88,590,5.83,-217,5,116,0
305,285,75,189,400,6.76,-116,5,116,0
305,285,75,189,421,6.76,-116,5,116,0
305,285,75,189,442,6.76,-116,5,116,0
305,285,75,189,463,6.76,-116,5,116,0
305,285,75,189,484,6.76,-116,5,116,0
305,285,75,189,505,6.76,-116,5,116,0
305,285,75,189,526,6.76,-116,5,116,0
305,285,75,189,547,6.76,-116,5,116,0
305,285,75,189,568,6.76,-116,5,116,0
305,285,75,189,589,6.76,-116,5,116,0
305,285,75,189,610,6.76,-116,5,116,0
305,285,75,189,631,6.76,-116,5,116,0
305,285,75,284,291,5.7,-21,4,116,0
305,285,75,284,309,5.7,-21,4,116,0
305,285,75,284,327,5.7,-21,4,116,0
305,285,75,284,345,5.7,-21,4,117,0
305,285,75,284,363,5.7,-21,4,117,0
305,285,75,284,381,5.7,-21,5,117,0
305,285,75,284,399,5.7,-21,5,117,0
305,285,75,284,417,5.7,-21,5,117,0
315,295,65,284,435,5.7,-31,5,117,1
330,310,50,284,453,5.7,-46,5,117,1
345,325,35,284,471,5.7,-61,5,117,1
355,335,25,284,489,5.7,-71,5,117,0
355,335,25,284,507,5.7,-71,6,117,0
355,335,25,284,525,5.7,-71,5,117,0
355,335,25,284,543,5.7,-71,5,117,0
355,335,25,284,561,5.7,-71,5,117,0
355,335,25,284,579,5.7,-71,5,117,0
355,335,25,284,597,5.7,-71,5,117,0
355,335,25,284,615,5.7,-71,5,117,0
355,335,25,284,633,5.7,-71,6,117,0
355,335,25,284,651,5.7,-71,6,117,0
355,335,25,155,544,5.79,-200,5,117,0
350,330,30,351,355,5.47,1,5,117,-1
335,315,45,351,370,5.47,16,5,118,-1
320,300,60,351,385,5.47,31,5,118,-1
305,285,75,351,400,5.47,46,5,118,-1
290,270,90,272,375,6.23,-18,6,118,-1
275,255,105,272,393,6.23,-3,5,118,-1
260,240,120,272,411,6.23,12,5,118,-1
245,225,135,272,429,6.23,27,5,118,-1
230,210,150,272,447,6.23,42,5,118,-1
225,205,155,272,465,6.23,47,5,118,0
225,205,155,272,483,6.23,47,5,118,0
225,205,155,272,501,6.23,47,6,118,0
225,205,155,272,519,6.23,47,6,118,0
225,205,155,272,537,6.23,47,6,118,0
215,195,165,272,555,6.23,57,6,118,-1
200,180,180,272,573,6.23,72,6,118,-1
190,170,190,272,591,6.23,82,6,118,0
190,170,190,155,479,6.15,-35,6,118,0
190,170,190,155,497,6.15,-35,7,118,0
190,170,190,155,515,6.15,-35,7,118,0
205,185,175,155,533,6.15,-50,5,118,1
220,200,160,155,551,6.15,-65,5,119,1
235,215,145,155,569,6.15,-80,5,119,1
245,225,135,155,587,6.15,-90,5,119,0
245,225,135,155,605,6.15,-90,5,119,0
245,225,135,155,623,6.15,-90,6,119,0
245,225,135,155,641,6.15,-90,6,119,0
245,225,135,28,531,5.61,-217,5,119,0
245,225,135,28,549,5.61,-217,5,119,0
245,225,135,28,567,5.61,-217,5,119,0
245,225,135,115,459,6.39,-130,5,119,0
245,225,135,115,477,6.39,-130,5,119,0
245,225,135,115,495,6.39,-130,6,119,0
245,225,135,115,513,6.39,-130,6,119,0
245,225,135,115,531,6.39,-130,5,119,0
245,225,135,115,549,6.39,-130,5,119,0
255,235,125,226,446,5.7,-29,5,119,1
270,250,110,226,464,5.7,-44,5,119,1
285,265,95,226,482,5.7,-59,5,119,1
290,270,90,226,500,5.7,-64,6,119,0
290,270,90,226,518,5.7,-64,6,119,0
290,270,90,226,536,5.7,-64,5,120,0
290,270,90,226,554,5.7,-64,5,120,0
290,270,90,226,572,5.7,-64,5,120,0
290,270,90,376,540,6.92,86,5,120,0
290,270,90,376,561,6.92,86,5,120,0
290,270,90,376,582,6.92,86,6,120,0
290,270,90,376,603,6.92,86,6,120,0
290,270,90,289,411,5.97,-1,5,120,0
290,270,90,289,429,5.97,-1,5,120,0
280,260,100,289,447,5.97,9,4,120,-1
265,245,115,289,465,5.97,24,4,120,-1
250,230,130,289,483,5.97,39,4,120,-1
235,215,145,289,501,5.97,54,5,120,-1
220,200,160,289,519,5.97,69,5,120,-1
220,200,160,289,537,5.97,69,5,120,0
220,200,160,289,555,5.97,69,5,120,0
220,200,160,289,573,5.97,69,5,120,0
220,200,160,289,591,5.97,69,5,120,0
220,200,160,289,609,5.97,69,6,120,0
220,200,160,289,627,5.97,69,6,120,0
220,200,160,289,645,5.97,69,6,121,0
220,200,160,307,482,6.74,87,5,121,0
220,200,160,307,503,6.74,87,5,121,0
220,200,160,307,524,6.74,87,5,121,0
220,200,160,307,545,6.74,87,5,121,0
220,200,160,307,566,6.74,87,6,121,0
220,200,160,307,587,6.74,87,6,121,0
220,200,160,167,466,6.9,-53,6,121,0
220,200,160,167,487,6.9,-53,5,121,0
225,205,155,167,508,6.9,-58,4,121,1
240,220,140,167,529,6.9,-73,4,121,1
255,235,125,167,550,6.9,-88,4,121,1
270,250,110,167,571,6.9,-103,5,121,1
270,250,110,167,592,6.9,-103,5,121,0
270,250,110,167,613,6.9,-103,5,121,0
270,250,110,167,634,6.9,-103,5,121,0
270,250,110,334,435,5.53,64,4,121,0
260,240,120,334,453,5.53,74,4,121,-1
245,225,135,334,471,5.53,89,5,121,-1
230,210,150,334,489,5.53,104,5,121,-1
215,195,165,334,507,5.53,119,5,122,-1
205,185,175,202,409,5.89,-3,5,122,0
205,185,175,202,427,5.89,-3,5,122,0
205,185,175,202,445,5.89,-3,5,122,0
195,175,185,202,463,5.89,7,5,122,-1
180,160,200,202,481,5.89,22,6,122,-1
165,145,215,202,499,5.89,37,6,122,-1
150,130,230,202,517,5.89,52,6,122,-1
135,115,245,202,535,5.89,67,6,122,-1
120,100,260,202,553,5.89,82,5,122,-1
120,100,260,202,571,5.89,82,5,122,0
120,100,260,202,589,5.89,82,5,122,0
120,100,260,202,607,5.89,82,6,122,0
120,100,260,202,625,5.89,82,6,122,0
120,100,260,202,643,5.89,82,6,122,0
120,100,260,282,490,6.61,162,5,122,0
120,100,260,282,511,6.61,162,4,122,0
120,100,260,282,532,6.61,162,4,122,0
120,100,260,282,553,6.61,162,5,122,0
120,100,260,282,574,6.61,162,5,122,0
120,100,260,282,595,6.61,162,5,123,0
120,100,260,52,411,5.8,-68,5,123,0
120,100,260,52,429,5.8,-68,5,123,0
120,100,260,52,447,5.8,-68,4,123,0
120,100,260,52,465,5.8,-68,4,123,0
120,100,260,52,483,5.8,-68,5,123,0
120,100,260,52,501,5.8,-68,5,123,0
120,100,260,52,519,5.8,-68,5,123,0
120,100,260,52,537,5.8,-68,5,123,0
120,100,260,52,555,5.8,-68,5,123,0
120,100,260,171,529,6.89,51,5,123,0
120,100,260,171,550,6.89,51,5,123,0
120,100,260,171,571,6.89,51,6,123,0
120,100,260,171,592,6.89,51,6,123,0
120,100,260,171,613,6.89,51,6,123,0
120,100,260,171,634,6.89,51,5,123,0
120,100,260,293,517,6.94,173,4,123,0
120,100,260,293,538,6.94,173,4,123,0
120,100,260,293,559,6.94,173,5,123,0
120,100,260,293,580,6.94,173,5,123,0
120,100,260,293,601,6.94,173,5,124,0
120,100,260,293,622,6.94,173,5,124,0
120,100,260,293,643,6.94,173,5,124,0
120,100,260,155,324,6.3,35,4,124,0
120,100,260,155,342,6.3,35,4,124,0
120,100,260,155,360,6.3,35,5,124,0
120,100,260,155,378,6.3,35,5,124,0
120,100,260,155,396,6.3,35,5,124,0
120,100,260,155,414,6.3,35,5,124,0
105,85,275,155,432,6.3,50,5,124,-1
90,70,290,155,450,6.3,65,5,124,-1
75,55,305,155,468,6.3,80,5,124,-1
75,55,305,155,486,6.3,80,6,124,0
75,55,305,155,504,6.3,80,6,124,0
75,55,305,155,522,6.3,80,6,124,0
75,55,305,155,540,6.3,80,5,124,0
80,60,300,155,558,6.3,75,5,124,1
95,75,285,155,576,6.3,60,5,124,1
110,90,270,155,594,6.3,45,6,124,1
125,105,255,155,612,6.3,30,6,124,1
140,120,240,155,630,6.3,15,6,125,1
155,135,225,155,648,6.3,0,6,125,1
170,150,210,57,544,6.16,-113,5,125,1
180,160,200,57,562,6.16,-123,5,125,0
180,160,200,57,580,6.16,-123,5,125,0
180,160,200,57,598,6.16,-123,6,125,0
180,160,200,57,616,6.16,-123,6,125,0
180,160,200,26,518,5.74,-154,6,125,0
180,160,200,26,536,5.74,-154,6,125,0
180,160,200,26,554,5.74,-154,5,125,0
180,160,200,122,450,5.79,-58,5,125,0
180,160,200,122,468,5.79,-58,5,125,0
180,160,200,122,486,5.79,-58,6,125,0
180,160,200,122,504,5.79,-58,6,125,0
180,160,200,122,522,5.79,-58,6,125,0
180,160,200,122,540,5.79,-58,5,125,0
180,160,200,122,558,5.79,-58,5,125,0
180,160,200,122,576,5.79,-58,5,125,0
180,160,200,122,594,5.79,-58,6,125,0
180,160,200,183,440,7.06,3,6,125,0
195,175,185,183,461,7.06,-12,6,126,1
210,190,170,183,482,7.06,-27,6,126,1
225,205,155,183,503,7.06,-42,5,126,1
240,220,140,183,524,7.06,-57,5,126,1
250,230,130,183,545,7.06,-67,5,126,0
250,230,130,183,566,7.06,-67,6,126,0
250,230,130,183,587,7.06,-67,6,126,0
250,230,130,183,608,7.06,-67,6,126,0
250,230,130,186,486,6.57,-64,5,126,0
250,230,130,186,507,6.57,-64,4,126,0
250,230,130,186,528,6.57,-64,4,126,0
250,230,130,186,549,6.57,-64,4,126,0
250,230,130,186,570,6.57,-64,5,126,0
250,230,130,186,591,6.57,-64,5,126,0
250,230,130,186,612,6.57,-64,5,126,0
250,230,130,186,633,6.57,-64,5,126,0
250,230,130,185,435,5.83,-65,4,126,0
250,230,130,185,453,5.83,-65,4,126,0
250,230,130,185,471,5.83,-65,5,126,0
250,230,130,185,489,5.83,-65,5,126,0
250,230,130,185,507,5.83,-65,5,127,0
250,230,130,185,525,5.83,-65,5,127,0
250,230,130,185,543,5.83,-65,5,127,0
250,230,130,185,561,5.83,-65,5,127,0
250,230,130,185,579,5.83,-65,5,127,0
250,230,130,185,597,5.83,-65,6,127,0
250,230,130,185,615,5.83,-65,6,127,0
250,230,130,331,519,6.27,81,6,127,0
250,230,130,331,537,6.27,81,6,127,0
250,230,130,331,555,6.27,81,5,127,0
250,230,130,331,573,6.27,81,5,127,0
250,230,130,331,591,6.27,81,5,127,0
250,230,130,176,490,5.83,-74,6,127,0
250,230,130,176,508,5.83,-74,6,127,0
250,230,130,176,526,5.83,-74,6,127,0
250,230,130,176,544,5.83,-74,5,127,0
250,230,130,176,562,5.83,-74,5,127,0
250,230,130,176,580,5.83,-74,5,127,0
250,230,130,176,598,5.83,-74,6,127,0
250,230,130,176,616,5.83,-74,6,127,0
250,230,130,176,634,5.83,-74,6,128,0
250,230,130,382,525,6.34,132,5,128,0
250,230,130,382,543,6.34,132,5,128,0
250,230,130,382,561,6.34,132,5,128,0
250,230,130,113,539,6.75,-137,5,128,0
250,230,130,113,560,6.75,-137,6,128,0
250,230,130,200,442,6.97,-50,6,128,0
250,230,130,200,463,6.97,-50,6,128,0
250,230,130,200,484,6.97,-50,6,128,0
250,230,130,200,505,6.97,-50,5,128,0
250,230,130,200,526,6.97,-50,4,128,0
250,230,130,200,547,6.97,-50,4,128,0
250,230,130,200,568,6.97,-50,5,128,0
250,230,130,200,589,6.97,-50,5,128,0
250,230,130,200,610,6.97,-50,5,128,0
250,230,130,200,631,6.97,-50,5,128,0
250,230,130,258,439,6.22,8,5,128,0
245,225,135,258,457,6.22,13,4,128,-1
230,210,150,258,475,6.22,28,5,128,-1
215,195,165,258,493,6.22,43,5,128,-1
200,180,180,258,511,6.22,58,5,129,-1
190,170,190,258,529,6.22,68,5,129,0
190,170,190,258,547,6.22,68,5,129,0
190,170,190,258,565,6.22,68,5,129,0
190,170,190,276,544,6.79,86,5,129,0
190,170,190,276,565,6.79,86,6,129,0
190,170,190,276,586,6.79,86,6,129,0
190,170,190,276,607,6.79,86,6,129,0
190,170,190,276,628,6.79,86,5,129,0
190,170,190,124,433,6.1,-66,4,129,0
190,170,190,124,451,6.1,-66,4,129,0
190,170,190,124,469,6.1,-66,4,129,0
190,170,190,124,487,6.1,-66,5,129,0
190,170,190,124,505,6.1,-66,5,129,0
190,170,190,124,523,6.1,-66,5,129,0
190,170,190,124,541,6.1,-66,5,129,0
190,170,190,124,559,6.1,-66,5,129,0
190,170,190,124,577,6.1,-66,5,129,0
190,170,190,124,595,6.1,-66,6,129,0
190,170,190,259,495,6.38,69,6,129,0
190,170,190,259,513,6.38,69,6,130,0
190,170,190,259,531,6.38,69,6,130,0
190,170,190,259,549,6.38,69,5,130,0
190,170,190,259,567,6.38,69,5,130,0
190,170,190,259,585,6.38,69,5,130,0
190,170,190,259,603,6.38,69,6,130,0
190,170,190,259,621,6.38,69,6,130,0
190,170,190,259,639,6.38,69,6,130,0
190,170,190,111,482,6.67,-79,5,130,0
190,170,190,111,503,6.67,-79,5,130,0
190,170,190,111,524,6.67,-79,4,130,0
190,170,190,111,545,6.67,-79,4,130,0
190,170,190,111,566,6.67,-79,5,130,0
190,170,190,111,587,6.67,-79,5,130,0
190,170,190,111,608,6.67,-79,5,130,0
190,170,190,177,418,6.48,-13,5,130,0
190,170,190,177,436,6.48,-13,5,130,0
195,175,185,177,454,6.48,-18,4,130,1
210,190,170,177,472,6.48,-33,5,130,1
225,205,155,177,490,6.48,-48,5,130,1
240,220,140,177,508,6.48,-63,5,131,1
245,225,135,177,526,6.48,-68,5,131,0
245,225,135,177,544,6.48,-68,5,131,0
245,225,135,177,562,6.48,-68,5,131,0
245,225,135,177,580,6.48,-68,5,131,0
245,225,135,177,598,6.48,-68,6,131,0
245,225,135,177,616,6.48,-68,6,131,0
245,225,135,177,634,6.48,-68,6,131,0
245,225,135,177,652,6.48,-68,6,131,0
245,225,135,167,433,6.45,-78,5,131,0
245,225,135,167,451,6.45,-78,4,131,0
245,225,135,167,469,6.45,-78,4,131,0
245,225,135,167,487,6.45,-78,5,131,0
245,225,135,167,505,6.45,-78,5,131,0
245,225,135,167,523,6.45,-78,5,131,0
245,225,135,167,541,6.45,-78,5,131,0
245,225,135,167,559,6.45,-78,5,131,0
245,225,135,167,577,6.45,-78,5,131,0
245,225,135,167,595,6.45,-78,6,131,0
245,225,135,167,613,6.45,-78,6,131,0
245,225,135,167,631,6.45,-78,6,132,0
245,225,135,167,649,6.45,-78,6,132,0
245,225,135,21,543,6.2,-224,5,132,0
245,225,135,21,561,6.2,-224,5,132,0
245,225,135,152,398,7.01,-93,5,132,0
245,225,135,152,419,7.01,-93,6,132,0
245,225,135,152,440,7.01,-93,6,132,0
245,225,135,152,461,7.01,-93,6,132,0
245,225,135,152,482,7.01,-93,6,132,0
245,225,135,152,503,7.01,-93,5,132,0
245,225,135,152,524,7.01,-93,5,132,0
245,225,135,152,545,7.01,-93,5,132,0
245,225,135,152,566,7.01,-93,6,132,0
245,225,135,152,587,7.01,-93,6,132,0
245,225,135,152,608,7.01,-93,6,132,0
245,225,135,152,629,7.01,-93,5,132,0
245,225,135,152,650,7.01,-93,5,132,0
245,225,135,74,456,6.37,-171,4,132,0
245,225,135,74,474,6.37,-171,5,132,0
245,225,135,74,492,6.37,-171,5,132,0
245,225,135,74,510,6.37,-171,5,133,0
245,225,135,74,528,6.37,-171,5,133,0
245,225,135,74,546,6.37,-171,5,133,0
245,225,135,74,564,6.37,-171,5,133,0
245,225,135,74,582,6.37,-171,5,133,0
245,225,135,174,423,7.23,-71,6,133,0
245,225,135,174,444,7.23,-71,6,133,0
245,225,135,174,465,7.23,-71,6,133,0
245,225,135,174,486,7.23,-71,5,133,0
245,225,135,174,507,7.23,-71,5,133,0
245,225,135,174,528,7.23,-71,5,133,0
245,225,135,174,549,7.23,-71,5,133,0
245,225,135,174,570,7.23,-71,6,133,0
245,225,135,174,591,7.23,-71,6,133,0
245,225,135,174,612,7.23,-71,6,133,0
245,225,135,321,489,6.63,76,5,133,0
245,225,135,321,510,6.63,76,4,133,0
240,220,140,321,531,6.63,81,4,133,-1
225,205,155,321,552,6.63,96,5,133,-1
210,190,170,321,573,6.63,111,5,133,-1
195,175,185,321,594,6.63,126,5,134,-1
185,165,195,321,615,6.63,136,5,134,0
185,165,195,42,499,6.8,-143,5,134,0
185,165,195,42,520,6.8,-143,4,134,0
185,165,195,42,541,6.8,-143,4,134,0
185,165,195,42,562,6.8,-143,5,134,0
185,165,195,42,583,6.8,-143,5,134,0
185,165,195,42,604,6.8,-143,5,134,0
185,165,195,64,487,6.87,-121,5,134,0
185,165,195,64,508,6.87,-121,5,134,0
185,165,195,64,529,6.87,-121,4,134,0
185,165,195,64,550,6.87,-121,4,134,0
185,165,195,64,571,6.87,-121,5,134,0
185,165,195,64,592,6.87,-121,5,134,0
185,165,195,64,613,6.87,-121,5,134,0
185,165,195,64,634,6.87,-121,5,134,0
185,165,195,335,442,6.31,150,4,134,0
185,165,195,335,460,6.31,150,4,134,0
185,165,195,335,478,6.31,150,5,134,0
185,165,195,335,496,6.31,150,5,134,0
185,165,195,335,514,6.31,150,5,135,0
185,165,195,335,532,6.31,150,5,135,0
185,165,195,335,550,6.31,150,5,135,0
185,165,195,146,445,6.43,-39,5,135,0
185,165,195,146,463,6.43,-39,5,135,0
190,170,190,146,481,6.43,-44,6,135,1
205,185,175,146,499,6.43,-59,6,135,1
220,200,160,146,517,6.43,-74,6,135,1
235,215,145,146,535,6.43,-89,5,135,1
250,230,130,146,553,6.43,-104,5,135,1
250,230,130,318,530,6.66,68,5,135,0
250,230,130,318,551,6.66,68,5,135,0
250,230,130,318,572,6.66,68,6,135,0
250,230,130,318,593,6.66,68,6,135,0
250,230,130,318,614,6.66,68,6,135,0
250,230,130,318,635,6.66,68,5,135,0
250,230,130,31,513,6.72,-219,4,135,0
250,230,130,31,534,6.72,-219,4,135,0
250,230,130,31,555,6.72,-219,5,135,0
250,230,130,31,576,6.72,-219,5,135,0
250,230,130,248,316,6.83,-2,5,136,0
250,230,130,248,337,6.83,-2,5,136,0
250,230,130,248,358,6.83,-2,5,136,0
250,230,130,248,379,6.83,-2,4,136,0
250,230,130,248,400,6.83,-2,4,136,0
250,230,130,248,421,6.83,-2,5,136,0
265,245,115,248,442,6.83,-17,5,136,1
280,260,100,248,463,6.83,-32,5,136,1
295,275,85,248,484,6.83,-47,5,136,1
310,290,70,248,505,6.83,-62,5,136,1
315,295,65,248,526,6.83,-67,5,136,0
315,295,65,248,547,6.83,-67,5,136,0
315,295,65,248,568,6.83,-67,6,136,0
315,295,65,248,589,6.83,-67,6,136,0
315,295,65,248,610,6.83,-67,6,136,0
315,295,65,248,631,6.83,-67,5,136,0
315,295,65,192,514,6.71,-123,5,136,0
315,295,65,192,535,6.71,-123,4,136,0
315,295,65,192,556,6.71,-123,5,136,0
315,295,65,192,577,6.71,-123,5,136,0
315,295,65,364,461,7.15,49,5,137,0
315,295,65,364,482,7.15,49,5,137,0
300,280,80,364,503,7.15,64,5,137,-1
285,265,95,364,524,7.15,79,4,137,-1
270,250,110,364,545,7.15,94,4,137,-1
260,240,120,364,566,7.15,104,5,137,0
260,240,120,364,587,7.15,104,5,137,0
260,240,120,364,608,7.15,104,5,137,0
260,240,120,364,629,7.15,104,5,137,0
260,240,120,71,509,6.88,-189,4,137,0
260,240,120,71,530,6.88,-189,4,137,0
260,240,120,71,551,6.88,-189,4,137,0
260,240,120,187,427,7.07,-73,5,137,0
260,240,120,187,448,7.07,-73,5,137,0
260,240,120,187,469,7.07,-73,5,137,0
260,240,120,187,490,7.07,-73,5,137,0
260,240,120,187,511,7.07,-73,4,137,0
260,240,120,187,532,7.07,-73,4,137,0
270,250,110,187,553,7.07,-83,5,137,1
285,265,95,187,574,7.07,-98,5,137,1
300,280,80,256,458,6.94,-44,5,138,1
315,295,65,256,479,6.94,-59,5,138,1
320,300,60,256,500,6.94,-64,5,138,0
320,300,60,256,521,6.94,-64,4,138,0
320,300,60,256,542,6.94,-64,4,138,0
320,300,60,256,563,6.94,-64,5,138,0
320,300,60,256,584,6.94,-64,5,138,0
320,300,60,256,605,6.94,-64,5,138,0
320,300,60,256,626,6.94,-64,5,138,0
320,300,60,256,647,6.94,-64,5,138,0
320,300,60,155,452,6.3,-165,4,138,0
320,300,60,155,470,6.3,-165,4,138,0
320,300,60,155,488,6.3,-165,5,138,0
320,300,60,155,506,6.3,-165,5,138,0
320,300,60,155,524,6.3,-165,5,138,0
320,300,60,155,542,6.3,-165,5,138,0
320,300,60,155,560,6.3,-165,5,138,0
320,300,60,155,578,6.3,-165,5,138,0
320,300,60,155,596,6.3,-165,6,138,0
320,300,60,155,614,6.3,-165,6,138,0
320,300,60,155,632,6.3,-165,6,139,0
320,300,60,124,411,6.12,-196,5,139,0
320,300,60,124,429,6.12,-196,5,139,0
320,300,60,124,447,6.12,-196,4,139,0
320,300,60,124,465,6.12,-196,4,139,0
320,300,60,124,483,6.12,-196,5,139,0
320,300,60,124,501,6.12,-196,5,139,0
320,300,60,124,519,6.12,-196,5,139,0
320,300,60,124,537,6.12,-196,5,139,0
320,300,60,167,504,7.37,-153,5,139,0
320,300,60,167,525,7.37,-153,5,139,0
320,300,60,167,546,7.37,-153,5,139,0
320,300,60,167,567,7.37,-153,6,139,0
320,300,60,167,588,7.37,-153,6,139,0
320,300,60,167,609,7.37,-153,6,139,0
320,300,60,167,630,7.37,-153,5,139,0
320,300,60,167,651,7.37,-153,5,139,0
320,300,60,63,535,7.05,-257,4,139,0
320,300,60,63,556,7.05,-257,5,139,0
320,300,60,63,577,7.05,-257,5,139,0
320,300,60,126,461,6.86,-194,5,140,0
320,300,60,126,482,6.86,-194,5,140,0
320,300,60,126,503,6.86,-194,5,140,0
320,300,60,126,524,6.86,-194,4,140,0
320,300,60,126,545,6.86,-194,4,140,0
320,300,60,126,566,6.86,-194,5,140,0
320,300,60,126,587,6.86,-194,5,140,0
320,300,60,185,468,6.52,-135,5,140,0
320,300,60,185,489,6.52,-135,5,140,0
320,300,60,185,510,6.52,-135,4,140,0
320,300,60,185,531,6.52,-135,4,140,0
320,300,60,185,552,6.52,-135,4,140,0
320,300,60,185,573,6.52,-135,5,140,0
320,300,60,185,594,6.52,-135,5,140,0
320,300,60,185,615,6.52,-135,5,140,0
320,300,60,185,636,6.52,-135,5,140,0
320,300,60,280,375,6.52,-40,4,140,0
320,300,60,280,396,6.52,-40,4,140,0
320,300,60,280,417,6.52,-40,5,140,0
320,300,60,280,438,6.52,-40,5,140,0
320,300,60,280,459,6.52,-40,5,141,0
335,315,45,280,480,6.52,-55,5,141,1
350,330,30,280,501,6.52,-70,5,141,1
365,345,15,280,522,6.52,-85,4,141,1
365,345,15,280,543,6.52,-85,4,141,0
365,345,15,280,564,6.52,-85,5,141,0
365,345,15,280,585,6.52,-85,5,141,0
365,345,15,280,606,6.52,-85,5,141,0
365,345,15,280,627,6.52,-85,5,141,0
365,345,15,280,648,6.52,-85,5,141,0
365,345,15,86,526,7.27,-279,4,141,0
365,345,15,86,547,7.27,-279,4,141,0
365,345,15,86,568,7.27,-279,5,141,0
365,345,15,241,386,6.21,-124,5,141,0
365,345,15,241,404,6.21,-124,5,141,0
365,345,15,241,422,6.21,-124,5,141,0
365,345,15,241,440,6.21,-124,4,141,0
365,345,15,241,458,6.21,-124,4,141,0
365,345,15,241,476,6.21,-124,5,141,0
365,345,15,241,494,6.21,-124,5,141,0
365,345,15,241,512,6.21,-124,5,142,0
365,345,15,241,530,6.21,-124,5,142,0
365,345,15,241,548,6.21,-124,5,142,0
365,345,15,241,566,6.21,-124,5,142,0
365,345,15,241,584,6.21,-124,5,142,0
365,345,15,241,602,6.21,-124,6,142,0
365,345,15,241,620,6.21,-124,6,142,0
365,345,15,241,638,6.21,-124,6,142,0
365,345,15,141,485,7.24,-224,5,142,0
365,345,15,141,506,7.24,-224,5,142,0
365,345,15,141,527,7.24,-224,4,142,0
365,345,15,141,548,7.24,-224,4,142,0
365,345,15,141,569,7.24,-224,5,142,0
365,345,15,141,590,7.24,-224,5,142,0
365,345,15,141,611,7.24,-224,5,142,0
365,345,15,141,632,7.24,-224,5,142,0
365,345,15,41,511,6.97,-324,4,142,0
365,345,15,41,532,6.97,-324,4,142,0
365,345,15,41,553,6.97,-324,5,142,0
365,345,15,41,574,6.97,-324,5,142,0
365,345,15,228,319,6.94,-137,5,143,0
365,345,15,228,340,6.94,-137,5,143,0
365,345,15,228,361,6.94,-137,5,143,0
365,345,15,228,382,6.94,-137,4,143,0
365,345,15,228,403,6.94,-137,4,143,0
365,345,15,228,424,6.94,-137,5,143,0
365,345,15,228,445,6.94,-137,5,143,0
365,345,15,228,466,6.94,-137,5,143,0
365,345,15,228,487,6.94,-137,5,143,0
365,345,15,228,508,6.94,-137,4,143,0
365,345,15,228,529,6.94,-137,4,143,0
350,330,30,228,550,6.94,-122,4,143,-1
335,315,45,228,571,6.94,-107,5,143,-1
320,300,60,228,592,6.94,-92,5,143,-1
305,285,75,354,469,6.58,49,5,143,-1
290,270,90,354,490,6.58,64,5,143,-1
285,265,95,354,511,6.58,69,4,143,0
285,265,95,354,532,6.58,69,4,143,0
285,265,95,354,553,6.58,69,5,143,0
285,265,95,354,574,6.58,69,5,143,0
285,265,95,354,595,6.58,69,5,144,0
285,265,95,354,616,6.58,69,5,144,0
285,265,95,354,637,6.58,69,5,144,0
285,265,95,261,384,6.53,-24,4,144,0
285,265,95,261,405,6.53,-24,4,144,0
285,265,95,261,426,6.53,-24,5,144,0
300,280,80,261,447,6.53,-39,5,144,1
315,295,65,261,468,6.53,-54,5,144,1
330,310,50,261,489,6.53,-69,5,144,1
345,325,35,261,510,6.53,-84,5,144,1
360,340,20,261,531,6.53,-99,5,144,1
370,350,10,261,552,6.53,-109,5,144,0
370,350,10,261,573,6.53,-109,6,144,0
370,350,10,261,594,6.53,-109,6,144,0
370,350,10,307,471,6.7,-63,6,144,0
370,350,10,307,492,6.7,-63,5,144,0
370,350,10,307,513,6.7,-63,4,144,0
370,350,10,307,534,6.7,-63,4,144,0
370,350,10,307,555,6.7,-63,5,144,0
370,350,10,307,576,6.7,-63,5,144,0
370,350,10,307,597,6.7,-63,5,145,0
370,350,10,307,618,6.7,-63,5,145,0
370,350,10,307,639,6.7,-63,5,145,0
370,350,10,58,521,7.23,-312,4,145,0
370,350,10,58,542,7.23,-312,4,145,0
370,350,10,58,563,7.23,-312,5,145,0
370,350,10,58,584,7.23,-312,5,145,0
370,350,10,172,393,6.48,-198,5,145,0
370,350,10,172,411,6.48,-198,5,145,0
370,350,10,172,429,6.48,-198,5,145,0
370,350,10,172,447,6.48,-198,4,145,0
370,350,10,172,465,6.48,-198,4,145,0
370,350,10,172,483,6.48,-198,5,145,0
370,350,10,172,501,6.48,-198,5,145,0
370,350,10,172,519,6.48,-198,5,145,0
370,350,10,172,537,6.48,-198,5,145,0
370,350,10,211,515,7.0,-159,5,145,0
370,350,10,211,536,7.0,-159,5,145,0
370,350,10,211,557,7.0,-159,6,145,0
370,350,10,211,578,7.0,-159,6,145,0
370,350,10,211,599,7.0,-159,6,146,0
370,350,10,223,479,6.61,-147,6,146,0
370,350,10,223,500,6.61,-147,5,146,0
370,350,10,223,521,6.61,-147,4,146,0
370,350,10,223,542,6.61,-147,4,146,0
370,350,10,223,563,6.61,-147,5,146,0
370,350,10,223,584,6.61,-147,5,146,0
370,350,10,223,605,6.61,-147,5,146,0
370,350,10,174,557,7.55,-196,5,146,0
370,350,10,174,581,7.55,-196,5,146,0
370,350,10,174,605,7.55,-196,4,146,0
370,350,10,174,629,7.55,-196,4,146,0
370,350,10,166,426,6.72,-204,4,146,0
370,350,10,166,447,6.72,-204,4,146,0
370,350,10,166,468,6.72,-204,4,146,0
370,350,10,166,489,6.72,-204,4,146,0
370,350,10,166,510,6.72,-204,4,146,0
370,350,10,166,531,6.72,-204,4,146,0
370,350,10,166,552,6.72,-204,5,146,0
370,350,10,166,573,6.72,-204,5,146,0
370,350,10,166,594,6.72,-204,5,147,0
370,350,10,166,615,6.72,-204,5,147,0
370,350,10,166,636,6.72,-204,5,147,0
370,350,10,119,384,6.64,-251,4,147,0
370,350,10,119,405,6.64,-251,4,147,0
370,350,10,119,426,6.64,-251,5,147,0
370,350,10,119,447,6.64,-251,5,147,0
370,350,10,119,468,6.64,-251,5,147,0
370,350,10,119,489,6.64,-251,5,147,0
370,350,10,119,510,6.64,-251,5,147,0
370,350,10,119,531,6.64,-251,5,147,0
370,350,10,119,552,6.64,-251,5,147,0
370,350,10,234,429,7.1,-136,6,147,0
370,350,10,332,353,7.61,-38,6,147,0
370,350,10,332,377,7.61,-38,6,147,0
370,350,10,332,401,7.61,-38,5,147,0
370,350,10,332,425,7.61,-38,4,147,0
370,350,10,332,449,7.61,-38,4,147,0
370,350,10,332,473,7.61,-38,5,147,0
370,350,10,332,497,7.61,-38,5,147,0
370,350,10,332,521,7.61,-38,5,148,0
370,350,10,332,545,7.61,-38,5,148,0
370,350,10,332,569,7.61,-38,5,148,0
370,350,10,332,593,7.61,-38,4,148,0
370,350,10,332,617,7.61,-38,4,148,0
370,350,10,332,641,7.61,-38,5,148,0
370,350,10,284,304,7.43,-86,4,148,0
370,350,10,284,325,7.43,-86,4,148,0
370,350,10,284,346,7.43,-86,4,148,0
370,350,10,284,367,7.43,-86,4,148,0
370,350,10,284,388,7.43,-86,4,148,0
370,350,10,284,409,7.43,-86,4,148,0
370,350,10,284,430,7.43,-86,5,148,0
370,350,10,284,451,7.43,-86,5,148,0
370,350,10,284,472,7.43,-86,5,148,0
370,350,10,284,493,7.43,-86,5,148,0
370,350,10,284,514,7.43,-86,5,148,0
370,350,10,284,535,7.43,-86,5,148,0
370,350,10,284,556,7.43,-86,6,148,0
370,350,10,284,577,7.43,-86,6,148,0
370,350,10,284,598,7.43,-86,6,149,0
370,350,10,227,550,7.53,-143,6,149,0
370,350,10,227,574,7.53,-143,5,149,0
370,350,10,227,598,7.53,-143,4,149,0
370,350,10,227,622,7.53,-143,4,149,0
370,350,10,281,423,7.37,-89,5,149,0
370,350,10,281,444,7.37,-89,4,149,0
370,350,10,281,465,7.37,-89,4,149,0
370,350,10,281,486,7.37,-89,4,149,0
370,350,10,281,507,7.37,-89,4,149,0
370,350,10,281,528,7.37,-89,4,149,0
370,350,10,281,549,7.37,-89,4,149,0
360,340,20,281,570,7.37,-79,5,149,-1
345,325,35,281,591,7.37,-64,5,149,-1
330,310,50,359,470,6.68,29,5,149,-1
315,295,65,359,491,6.68,44,5,149,-1
300,280,80,359,512,6.68,59,4,149,-1
285,265,95,359,533,6.68,74,4,149,-1
285,265,95,359,554,6.68,74,5,149,0
285,265,95,359,575,6.68,74,5,149,0
285,265,95,359,596,6.68,74,5,150,0
285,265,95,359,617,6.68,74,5,150,0
285,265,95,359,638,6.68,74,5,150,0
285,265,95,283,378,7.36,-2,4,150,0
285,265,95,283,399,7.36,-2,4,150,0
285,265,95,283,420,7.36,-2,5,150,0
295,275,85,283,441,7.36,-12,4,150,1
310,290,70,283,462,7.36,-27,4,150,1
325,305,55,283,483,7.36,-42,4,150,1
340,320,40,283,504,7.36,-57,4,150,1
355,335,25,283,525,7.36,-72,4,150,1
370,350,10,283,546,7.36,-87,4,150,1
370,350,10,283,567,7.36,-87,5,150,0
370,350,10,283,588,7.36,-87,5,150,0
370,350,10,283,609,7.36,-87,5,150,0
370,350,10,283,630,7.36,-87,5,150,0
370,350,10,283,651,7.36,-87,5,150,0
370,350,10,357,336,6.36,-13,4,150,0
370,350,10,357,354,6.36,-13,5,150,0
370,350,10,357,372,6.36,-13,5,150,0
360,340,20,357,390,6.36,-3,5,151,-1
345,325,35,357,408,6.36,12,5,151,-1
330,310,50,357,426,6.36,27,5,151,-1
315,295,65,357,444,6.36,42,4,151,-1
300,280,80,357,462,6.36,57,4,151,-1
285,265,95,357,480,6.36,72,5,151,-1
270,250,110,357,498,6.36,87,5,151,-1
270,250,110,357,516,6.36,87,5,151,0
270,250,110,357,534,6.36,87,5,151,0
270,250,110,357,552,6.36,87,5,151,0
270,250,110,357,570,6.36,87,5,151,0
270,250,110,357,588,6.36,87,5,151,0
270,250,110,357,606,6.36,87,6,151,0
270,250,110,357,624,6.36,87,6,151,0
270,250,110,180,474,7.44,-90,6,151,0
270,250,110,180,495,7.44,-90,5,151,0
270,250,110,180,516,7.44,-90,4,151,0
270,250,110,180,537,7.44,-90,4,151,0
270,250,110,180,558,7.44,-90,5,151,0
270,250,110,180,579,7.44,-90,5,151,0
270,250,110,180,600,7.44,-90,5,152,0
270,250,110,180,621,7.44,-90,5,152,0
270,250,110,312,429,6.35,42,5,152,0
270,250,110,312,447,6.35,42,4,152,0
270,250,110,312,465,6.35,42,4,152,0
270,250,110,312,483,6.35,42,5,152,0
265,245,115,312,501,6.35,47,5,152,-1
250,230,130,312,519,6.35,62,5,152,-1
235,215,145,151,553,7.68,-84,5,152,-1
235,215,145,312,555,6.35,77,5,152,0
235,215,145,312,573,6.35,77,5,152,0
235,215,145,312,591,6.35,77,5,152,0
235,215,145,312,609,6.35,77,6,152,0
235,215,145,312,627,6.35,77,5,152,0
235,215,145,230,405,6.28,-5,5,152,0
235,215,145,230,423,6.28,-5,4,152,0
235,215,145,230,441,6.28,-5,4,152,0
250,230,130,230,459,6.28,-20,4,152,1
265,245,115,230,477,6.28,-35,5,152,1
280,260,100,230,495,6.28,-50,5,152,1
295,275,85,230,513,6.28,-65,5,153,1
305,285,75,230,531,6.28,-75,5,153,0
305,285,75,230,549,6.28,-75,5,153,0
305,285,75,230,567,6.28,-75,5,153,0
305,285,75,230,585,6.28,-75,5,153,0
305,285,75,189,560,7.22,-116,6,153,0
305,285,75,230,621,6.28,-75,6,153,0
305,285,75,230,639,6.28,-75,6,153,0
305,285,75,189,623,7.22,-116,5,153,0
305,285,75,189,644,7.22,-116,5,153,0
305,285,75,225,385,6.71,-80,4,153,0
305,285,75,225,406,6.71,-80,4,153,0
305,285,75,225,427,6.71,-80,5,153,0
305,285,75,225,448,6.71,-80,5,153,0
305,285,75,225,469,6.71,-80,5,153,0
305,285,75,225,490,6.71,-80,5,153,0
305,285,75,225,511,6.71,-80,5,153,0
305,285,75,225,532,6.71,-80,5,153,0
305,285,75,225,553,6.71,-80,6,153,0
305,285,75,225,574,6.71,-80,6,153,0
305,285,75,225,595,6.71,-80,6,154,0
305,285,75,225,616,6.71,-80,6,154,0
305,285,75,225,637,6.71,-80,5,154,0
305,285,75,121,522,6.62,-184,4,154,0
305,285,75,121,543,6.62,-184,4,154,0
305,285,75,121,564,6.62,-184,5,154,0
305,285,75,121,585,6.62,-184,5,154,0
305,285,75,121,606,6.62,-184,5,154,0
305,285,75,121,627,6.62,-184,5,154,0
305,285,75,365,364,7.4,60,5,154,0
305,285,75,365,385,7.4,60,4,154,0
305,285,75,365,406,7.4,60,4,154,0
305,285,75,365,427,7.4,60,5,154,0
305,285,75,365,448,7.4,60,5,154,0
305,285,75,365,469,7.4,60,5,154,0
305,285,75,365,490,7.4,60,5,154,0
305,285,75,365,511,7.4,60,5,154,0
295,275,85,365,532,7.4,70,5,154,-1
280,260,100,365,553,7.4,85,6,154,-1
265,245,115,365,574,7.4,100,6,154,-1
250,230,130,176,627,6.38,-74,6,155,-1
250,230,130,373,545,7.63,123,6,155,0
250,230,130,373,569,7.63,123,5,155,0
250,230,130,373,593,7.63,123,4,155,0
250,230,130,373,617,7.63,123,4,155,0
250,230,130,373,641,7.63,123,5,155,0
250,230,130,148,443,7.28,-102,4,155,0
250,230,130,148,464,7.28,-102,4,155,0
250,230,130,148,485,7.28,-102,4,155,0
250,230,130,148,506,7.28,-102,4,155,0
250,230,130,148,527,7.28,-102,4,155,0
250,230,130,148,548,7.28,-102,4,155,0
250,230,130,148,569,7.28,-102,5,155,0
250,230,130,148,590,7.28,-102,5,155,0
250,230,130,148,611,7.28,-102,5,155,0
250,230,130,367,495,6.57,117,5,155,0
250,230,130,367,516,6.57,117,4,155,0
250,230,130,367,537,6.57,117,4,155,0
250,230,130,367,558,6.57,117,5,155,0
250,230,130,367,579,6.57,117,5,155,0
250,230,130,314,459,6.75,64,5,156,0
250,230,130,314,480,6.75,64,5,156,0
250,230,130,314,501,6.75,64,5,156,0
240,220,140,314,522,6.75,74,4,156,-1
225,205,155,314,543,6.75,89,4,156,-1
210,190,170,314,564,6.75,104,5,156,-1
195,175,185,314,585,6.75,119,5,156,-1
195,175,185,314,606,6.75,119,5,156,0
195,175,185,314,627,6.75,119,5,156,0
195,175,185,182,364,6.52,-13,5,156,0
195,175,185,182,385,6.52,-13,4,156,0
195,175,185,182,406,6.52,-13,4,156,0
195,175,185,182,427,6.52,-13,5,156,0
200,180,180,182,448,6.52,-18,5,156,1
215,195,165,278,519,6.44,63,5,156,1
230,210,150,278,537,6.44,48,5,156,1
230,210,150,278,555,6.44,48,5,156,0
230,210,150,182,532,6.52,-48,5,156,0
230,210,150,182,553,6.52,-48,6,156,0
230,210,150,182,574,6.52,-48,6,156,0
230,210,150,182,595,6.52,-48,6,157,0
230,210,150,182,616,6.52,-48,6,157,0
230,210,150,182,637,6.52,-48,5,157,0
230,210,150,39,522,6.7,-191,4,157,0
230,210,150,39,543,6.7,-191,4,157,0
230,210,150,39,564,6.7,-191,5,157,0
230,210,150,39,585,6.7,-191,5,157,0
230,210,150,256,372,7.57,26,5,157,0
230,210,150,256,396,7.57,26,5,157,0
230,210,150,256,420,7.57,26,5,157,0
230,210,150,256,444,7.57,26,4,157,0
220,200,160,256,468,7.57,36,4,157,-1
205,185,175,256,492,7.57,51,5,157,-1
190,170,190,256,516,7.57,66,5,157,-1
175,155,205,256,540,7.57,81,5,157,-1
175,155,205,256,564,7.57,81,5,157,0
175,155,205,256,588,7.57,81,4,157,0
175,155,205,256,612,7.57,81,4,157,0
175,155,205,256,636,7.57,81,5,157,0
175,155,205,289,434,7.19,114,4,157,0
175,155,205,289,455,7.19,114,4,158,0
175,155,205,289,476,7.19,114,4,158,0
175,155,205,289,497,7.19,114,4,158,0
175,155,205,289,518,7.19,114,4,158,0
175,155,205,289,539,7.19,114,4,158,0
175,155,205,289,560,7.19,114,5,158,0
175,155,205,289,581,7.19,114,5,158,0
175,155,205,304,529,7.75,129,5,158,0
175,155,205,304,553,7.75,129,5,158,0
175,155,205,304,577,7.75,129,5,158,0
175,155,205,144,443,7.92,-31,4,158,0
180,160,200,144,467,7.92,-36,4,158,1
195,175,185,144,491,7.92,-51,5,158,1
210,190,170,144,515,7.92,-66,4,158,1
215,195,165,144,539,7.92,-71,4,158,0
215,195,165,144,563,7.92,-71,4,158,0
215,195,165,144,587,7.92,-71,4,158,0
215,195,165,144,611,7.92,-71,4,158,0
205,185,175,264,480,7.81,59,5,158,-1
190,170,190,264,504,7.81,74,4,158,-1
175,155,205,264,528,7.81,89,4,159,-1
160,140,220,264,552,7.81,104,4,159,-1
150,130,230,264,576,7.81,114,4,159,0
150,130,230,264,600,7.81,114,4,159,0
150,130,230,149,405,6.61,-1,4,159,0
150,130,230,149,426,6.61,-1,4,159,0
155,135,225,149,447,6.61,-6,4,159,1
170,150,210,149,468,6.61,-21,4,159,1
185,165,195,149,489,6.61,-36,4,159,1
200,180,180,149,510,6.61,-51,4,159,1
205,185,175,149,531,6.61,-56,4,159,0
205,185,175,149,552,6.61,-56,4,159,0
205,185,175,149,573,6.61,-56,5,159,0
205,185,175,149,594,6.61,-56,5,159,0
205,185,175,149,615,6.61,-56,5,159,0
205,185,175,149,636,6.61,-56,5,159,0
205,185,175,89,511,7.45,-116,4,159,0
205,185,175,89,532,7.45,-116,4,159,0
205,185,175,89,553,7.45,-116,5,159,0
205,185,175,89,574,7.45,-116,5,159,0
205,185,175,300,522,7.79,95,5,160,0
200,180,180,300,546,7.79,100,5,160,-1
185,165,195,300,570,7.79,115,5,160,-1
170,150,210,300,594,7.79,130,4,160,-1
155,135,225,300,618,7.79,145,4,160,-1
140,120,240,247,423,6.75,107,5,160,-1
140,120,240,247,444,6.75,107,4,160,0
140,120,240,247,465,6.75,107,4,160,0
140,120,240,247,486,6.75,107,4,160,0
140,120,240,247,507,6.75,107,4,160,0
140,120,240,247,528,6.75,107,4,160,0
140,120,240,247,549,6.75,107,4,160,0
140,120,240,247,570,6.75,107,5,160,0
145,125,235,126,448,6.96,-19,5,160,1
160,140,220,126,469,6.96,-34,5,160,1
175,155,205,126,490,6.96,-49,5,160,1
185,165,195,126,511,6.96,-59,4,160,0
185,165,195,126,532,6.96,-59,4,160,0
185,165,195,126,553,6.96,-59,5,160,0
185,165,195,126,574,6.96,-59,5,160,0
185,165,195,249,526,7.61,64,5,161,0
175,155,205,249,550,7.61,74,5,161,-1
160,140,220,249,574,7.61,89,5,161,-1
145,125,235,249,598,7.61,104,4,161,-1
145,125,235,163,398,6.7,18,4,161,0
150,130,230,163,419,6.7,13,5,161,1
165,145,215,163,440,6.7,-2,4,161,1
180,160,200,163,461,6.7,-17,4,161,1
195,175,185,163,482,6.7,-32,4,161,1
210,190,170,163,503,6.7,-47,4,161,1
225,205,155,163,524,6.7,-62,4,161,1
230,210,150,163,545,6.7,-67,4,161,0
230,210,150,163,566,6.7,-67,5,161,0
230,210,150,163,587,6.7,-67,5,161,0
230,210,150,163,608,6.7,-67,5,161,0
230,210,150,163,629,6.7,-67,5,161,0
230,210,150,163,650,6.7,-67,5,161,0
230,210,150,45,534,7.4,-185,4,161,0
230,210,150,45,555,7.4,-185,5,161,0
230,210,150,45,576,7.4,-185,5,161,0
230,210,150,333,458,7.16,103,5,162,0
230,210,150,333,479,7.16,103,5,162,0
230,210,150,333,500,7.16,103,5,162,0
230,210,150,333,521,7.16,103,4,162,0
230,210,150,333,542,7.16,103,4,162,0
230,210,150,333,563,7.16,103,5,162,0
230,210,150,333,584,7.16,103,5,162,0
230,210,150,363,529,7.89,133,5,162,0
230,210,150,363,553,7.89,133,5,162,0
230,210,150,363,577,7.89,133,5,162,0
230,210,150,363,601,7.89,133,4,162,0
230,210,150,326,465,7.65,96,4,162,0
230,210,150,326,489,7.65,96,5,162,0
230,210,150,326,513,7.65,96,4,162,0
230,210,150,326,537,7.65,96,4,162,0
230,210,150,326,561,7.65,96,4,162,0
230,210,150,326,585,7.65,96,4,162,0
230,210,150,326,609,7.65,96,4,162,0
230,210,150,326,633,7.65,96,5,162,0
230,210,150,51,497,7.53,-179,4,162,0
230,210,150,51,521,7.53,-179,4,163,0
230,210,150,51,545,7.53,-179,4,163,0
230,210,150,282,414,7.87,52,4,163,0
230,210,150,282,438,7.87,52,4,163,0
230,210,150,282,462,7.87,52,4,163,0
230,210,150,282,486,7.87,52,5,163,0
230,210,150,282,510,7.87,52,4,163,0
220,200,160,282,534,7.87,62,4,163,-1
205,185,175,282,558,7.87,77,4,163,-1
190,170,190,282,582,7.87,92,4,163,-1
180,160,200,282,606,7.87,102,4,163,0
180,160,200,282,630,7.87,102,4,163,0
180,160,200,48,428,7.18,-132,4,163,0
180,160,200,48,449,7.18,-132,4,163,0
180,160,200,48,470,7.18,-132,4,163,0
180,160,200,48,491,7.18,-132,4,163,0
180,160,200,48,512,7.18,-132,4,163,0
180,160,200,48,533,7.18,-132,4,163,0
180,160,200,48,554,7.18,-132,5,163,0
180,160,200,48,575,7.18,-132,5,163,0
180,160,200,48,596,7.18,-132,5,164,0
180,160,200,182,391,7.7,2,5,164,0
180,160,200,182,415,7.7,2,5,164,0
195,175,185,182,439,7.7,-13,4,164,1
210,190,170,182,463,7.7,-28,4,164,1
225,205,155,182,487,7.7,-43,5,164,1
240,220,140,182,511,7.7,-58,5,164,1
240,220,140,182,535,7.7,-58,5,164,0
240,220,140,182,559,7.7,-58,5,164,0
240,220,140,182,583,7.7,-58,4,164,0
240,220,140,182,607,7.7,-58,4,164,0
240,220,140,182,631,7.7,-58,4,164,0
240,220,140,227,286,7.41,-13,4,164,0
240,220,140,227,307,7.41,-13,4,164,0
240,220,140,227,328,7.41,-13,4,164,0
240,220,140,227,349,7.41,-13,4,164,0
240,220,140,227,370,7.41,-13,4,164,0
240,220,140,227,391,7.41,-13,4,164,0
250,230,130,227,412,7.41,-23,5,164,1
265,245,115,227,433,7.41,-38,5,164,1
280,260,100,227,454,7.41,-53,5,165,1
295,275,85,227,475,7.41,-68,5,165,1
310,290,70,227,496,7.41,-83,5,165,1
310,290,70,227,517,7.41,-83,4,165,0
310,290,70,227,538,7.41,-83,4,165,0
310,290,70,227,559,7.41,-83,5,165,0
310,290,70,227,580,7.41,-83,5,165,0
310,290,70,227,601,7.41,-83,5,165,0
310,290,70,227,622,7.41,-83,5,165,0
310,290,70,227,643,7.41,-83,5,165,0
310,290,70,108,608,7.95,-202,4,165,0
310,290,70,108,632,7.95,-202,4,165,0
310,290,70,269,291,6.85,-41,4,165,0
310,290,70,269,312,6.85,-41,4,165,0
310,290,70,269,333,6.85,-41,4,165,0
310,290,70,269,354,6.85,-41,4,165,0
310,290,70,269,375,6.85,-41,4,165,0
310,290,70,269,396,6.85,-41,4,165,0
310,290,70,269,417,6.85,-41,5,165,0
310,290,70,269,438,6.85,-41,5,165,0
310,290,70,269,459,6.85,-41,5,166,0
315,295,65,269,480,6.85,-46,5,166,1
330,310,50,269,501,6.85,-61,5,166,1
345,325,35,269,522,6.85,-76,4,166,1
350,330,30,269,543,6.85,-81,4,166,0
350,330,30,269,564,6.85,-81,5,166,0
350,330,30,269,585,6.85,-81,5,166,0
350,330,30,259,534,7.81,-91,5,166,0
350,330,30,259,558,7.81,-91,5,166,0
350,330,30,259,582,7.81,-91,5,166,0
350,330,30,259,606,7.81,-91,4,166,0
350,330,30,259,630,7.81,-91,4,166,0
350,330,30,90,492,8.09,-260,4,166,0
350,330,30,90,516,8.09,-260,4,166,0
350,330,30,90,540,8.09,-260,4,166,0
350,330,30,90,564,8.09,-260,4,166,0
350,330,30,90,588,8.09,-260,4,166,0
350,330,30,90,612,8.09,-260,4,166,0
350,330,30,90,636,8.09,-260,5,166,0
350,330,30,116,439,6.84,-234,4,166,0
350,330,30,116,460,6.84,-234,4,167,0
350,330,30,116,481,6.84,-234,4,167,0
350,330,30,116,502,6.84,-234,4,167,0
350,330,30,116,523,6.84,-234,4,167,0
350,330,30,116,544,6.84,-234,4,167,0
350,330,30,116,565,6.84,-234,5,167,0
350,330,30,116,586,6.84,-234,5,167,0
350,330,30,116,607,6.84,-234,5,167,0
350,330,30,55,557,8.09,-295,5,167,0
350,330,30,55,581,8.09,-295,4,167,0
350,330,30,55,605,8.09,-295,4,167,0
350,330,30,55,629,8.09,-295,4,167,0
350,330,30,114,428,6.78,-236,4,167,0
350,330,30,114,449,6.78,-236,4,167,0
350,330,30,114,470,6.78,-236,4,167,0
350,330,30,114,491,6.78,-236,4,167,0
350,330,30,114,512,6.78,-236,4,167,0
350,330,30,114,533,6.78,-236,4,167,0
350,330,30,114,554,6.78,-236,5,167,0
350,330,30,114,575,6.78,-236,5,167,0
350,330,30,114,596,6.78,-236,5,168,0
350,330,30,139,477,7.03,-211,5,168,0
350,330,30,139,498,7.03,-211,5,168,0
350,330,30,139,519,7.03,-211,4,168,0
350,330,30,139,540,7.03,-211,4,168,0
350,330,30,214,481,7.75,-136,5,168,0
350,330,30,214,505,7.75,-136,5,168,0
350,330,30,214,529,7.75,-136,5,168,0
350,330,30,214,553,7.75,-136,5,168,0
350,330,30,347,423,7.6,-3,5,168,0
335,315,45,347,447,7.6,12,4,168,-1
320,300,60,347,471,7.6,27,4,168,-1
305,285,75,347,495,7.6,42,5,168,-1
290,270,90,347,519,7.6,57,4,168,-1
280,260,100,347,543,7.6,67,4,168,0
280,260,100,347,567,7.6,67,4,168,0
280,260,100,347,591,7.6,67,4,168,0
280,260,100,347,615,7.6,67,4,168,0
280,260,100,347,639,7.6,67,5,168,0
280,260,100,28,501,7.99,-252,4,168,0
280,260,100,28,525,7.99,-252,4,169,0
280,260,100,28,549,7.99,-252,4,169,0
280,260,100,229,356,7.01,-51,4,169,0
280,260,100,229,377,7.01,-51,4,169,0
280,260,100,229,398,7.01,-51,4,169,0
280,260,100,229,419,7.01,-51,5,169,0
280,260,100,229,440,7.01,-51,4,169,0
280,260,100,229,461,7.01,-51,4,169,0
280,260,100,229,482,7.01,-51,4,169,0
280,260,100,229,503,7.01,-51,4,169,0
285,265,95,229,524,7.01,-56,4,169,1
300,280,80,229,545,7.01,-71,4,169,1
315,295,65,229,566,7.01,-86,5,169,1
315,295,65,229,587,7.01,-86,5,169,0
315,295,65,229,608,7.01,-86,5,169,0
315,295,65,229,629,7.01,-86,5,169,0
315,295,65,192,512,6.85,-123,5,169,0
315,295,65,192,533,6.85,-123,4,169,0
315,295,65,192,554,6.85,-123,5,169,0
315,295,65,192,575,6.85,-123,5,169,0
315,295,65,192,596,6.85,-123,5,170,0
315,295,65,192,617,6.85,-123,5,170,0
315,295,65,192,638,6.85,-123,5,170,0
315,295,65,49,596,7.51,-266,4,170,0
315,295,65,88,457,8.04,-227,4,170,0
315,295,65,88,481,8.04,-227,5,170,0
315,295,65,88,505,8.04,-227,4,170,0
315,295,65,88,529,8.04,-227,4,170,0
315,295,65,88,553,8.04,-227,4,170,0
315,295,65,88,577,8.04,-227,4,170,0
315,295,65,88,601,8.04,-227,4,170,0
315,295,65,172,410,7.04,-143,4,170,0
315,295,65,172,431,7.04,-143,5,170,0
315,295,65,172,452,7.04,-143,4,170,0
315,295,65,172,473,7.04,-143,4,170,0
315,295,65,172,494,7.04,-143,4,170,0
315,295,65,172,515,7.04,-143,4,170,0
315,295,65,172,536,7.04,-143,4,170,0
315,295,65,172,557,7.04,-143,5,170,0
315,295,65,172,578,7.04,-143,5,170,0
315,295,65,253,457,7.26,-62,5,171,0
315,295,65,253,478,7.26,-62,5,171,0
315,295,65,253,499,7.26,-62,5,171,0
315,295,65,253,520,7.26,-62,4,171,0
320,300,60,253,541,7.26,-67,4,171,1
335,315,45,253,562,7.26,-82,5,171,1
350,330,30,253,583,7.26,-97,5,171,1
355,335,25,256,532,7.75,-99,5,171,0
355,335,25,256,556,7.75,-99,5,171,0
355,335,25,256,580,7.75,-99,5,171,0
355,335,25,256,604,7.75,-99,4,171,0
355,335,25,256,628,7.75,-99,4,171,0
355,335,25,216,289,7.44,-139,4,171,0
355,335,25,216,310,7.44,-139,4,171,0
355,335,25,216,331,7.44,-139,4,171,0
355,335,25,216,352,7.44,-139,4,171,0
355,335,25,216,373,7.44,-139,4,171,0
355,335,25,216,394,7.44,-139,4,171,0
355,335,25,216,415,7.44,-139,5,171,0
355,335,25,216,436,7.44,-139,5,171,0
355,335,25,216,457,7.44,-139,5,172,0
355,335,25,216,478,7.44,-139,5,172,0
355,335,25,216,499,7.44,-139,5,172,0
355,335,25,216,520,7.44,-139,4,172,0
355,335,25,216,541,7.44,-139,4,172,0
350,330,30,354,420,7.45,4,5,172,-1
335,315,45,354,441,7.45,19,5,172,-1
320,300,60,354,462,7.45,34,5,172,-1
305,285,75,354,483,7.45,49,5,172,-1
290,270,90,354,504,7.45,64,5,172,-1
280,260,100,354,525,7.45,74,4,172,0
280,260,100,354,546,7.45,74,4,172,0
280,260,100,354,567,7.45,74,5,172,0
290,270,90,354,588,7.45,64,5,172,1
305,285,75,354,609,7.45,49,5,172,1
320,300,60,267,493,6.96,-53,5,172,1
335,315,45,267,514,6.96,-68,5,172,1
345,325,35,267,535,6.96,-78,4,172,0
345,325,35,267,556,6.96,-78,5,172,0
335,315,45,372,501,8.14,37,5,172,-1
320,300,60,372,525,8.14,52,5,173,-1
305,285,75,372,549,8.14,67,5,173,-1
290,270,90,372,573,8.14,82,5,173,-1
285,265,95,372,597,8.14,87,4,173,0
285,265,95,372,621,8.14,87,4,173,0
285,265,95,372,645,8.14,87,5,173,0
285,265,95,270,349,8.0,-15,4,173,0
285,265,95,270,373,8.0,-15,4,173,0
285,265,95,270,397,8.0,-15,4,173,0
285,265,95,270,421,8.0,-15,4,173,0
285,265,95,270,445,8.0,-15,4,173,0
300,280,80,270,469,8.0,-30,4,173,1
315,295,65,270,493,8.0,-45,5,173,1
330,310,50,270,517,8.0,-60,5,173,1
335,315,45,270,541,8.0,-65,5,173,0
335,315,45,270,565,8.0,-65,5,173,0
335,315,45,270,589,8.0,-65,4,173,0
335,315,45,270,613,8.0,-65,4,173,0
335,315,45,270,637,8.0,-65,5,173,0
335,315,45,145,435,6.83,-190,4,173,0
335,315,45,145,456,6.83,-190,4,174,0
335,315,45,145,477,6.83,-190,4,174,0
335,315,45,145,498,6.83,-190,4,174,0
335,315,45,145,519,6.83,-190,4,174,0
335,315,45,145,540,6.83,-190,4,174,0
335,315,45,145,561,6.83,-190,5,174,0
335,315,45,168,510,7.87,-167,5,174,0
335,315,45,168,534,7.87,-167,5,174,0
335,315,45,168,558,7.87,-167,5,174,0
335,315,45,168,582,7.87,-167,5,174,0
335,315,45,168,606,7.87,-167,4,174,0
335,315,45,168,630,7.87,-167,4,174,0
335,315,45,62,432,7.38,-273,4,174,0
335,315,45,62,453,7.38,-273,4,174,0
335,315,45,62,474,7.38,-273,4,174,0
335,315,45,62,495,7.38,-273,4,174,0
335,315,45,62,516,7.38,-273,4,174,0
335,315,45,62,537,7.38,-273,4,174,0
335,315,45,62,558,7.38,-273,5,174,0
335,315,45,62,579,7.38,-273,5,174,0
335,315,45,125,455,7.03,-210,5,175,0
335,315,45,125,476,7.03,-210,5,175,0
335,315,45,125,497,7.03,-210,5,175,0
335,315,45,125,518,7.03,-210,4,175,0
335,315,45,125,539,7.03,-210,4,175,0
335,315,45,125,560,7.03,-210,5,175,0
335,315,45,125,581,7.03,-210,5,175,0
335,315,45,99,534,7.9,-236,5,175,0
335,315,45,99,558,7.9,-236,5,175,0
335,315,45,99,582,7.9,-236,5,175,0
335,315,45,99,606,7.9,-236,4,175,0
335,315,45,115,470,8.21,-220,4,175,0
335,315,45,115,494,8.21,-220,4,175,0
335,315,45,115,518,8.21,-220,4,175,0
335,315,45,115,542,8.21,-220,4,175,0
335,315,45,115,566,8.21,-220,4,175,0
335,315,45,214,426,7.61,-121,4,175,0
335,315,45,214,450,7.61,-121,4,175,0
335,315,45,214,474,7.61,-121,5,175,0
335,315,45,214,498,7.61,-121,4,175,0
335,315,45,214,522,7.61,-121,4,176,0
335,315,45,214,546,7.61,-121,4,176,0
325,305,55,214,570,7.61,-111,4,176,-1
310,290,70,331,440,7.53,21,4,176,-1
295,275,85,331,464,7.53,36,4,176,-1
280,260,100,331,488,7.53,51,5,176,-1
265,245,115,331,512,7.53,66,4,176,-1
265,245,115,331,536,7.53,66,4,176,0
265,245,115,331,560,7.53,66,4,176,0
265,245,115,331,584,7.53,66,4,176,0
265,245,115,331,608,7.53,66,4,176,0
265,245,115,331,632,7.53,66,4,176,0
265,245,115,304,429,6.96,39,4,176,0
260,240,120,304,450,6.96,44,4,176,-1
245,225,135,304,471,6.96,59,4,176,-1
230,210,150,304,492,6.96,74,4,176,-1
215,195,165,304,513,6.96,89,4,176,-1
205,185,175,304,534,6.96,99,4,176,0
205,185,175,304,555,6.96,99,5,176,0
205,185,175,304,576,6.96,99,5,176,0
205,185,175,304,597,6.96,99,5,177,0
205,185,175,340,548,7.9,135,5,177,0
205,185,175,340,572,7.9,135,5,177,0
205,185,175,340,596,7.9,135,4,177,0
205,185,175,340,620,7.9,135,4,177,0
205,185,175,340,644,7.9,135,5,177,0
205,185,175,202,348,8.07,-3,4,177,0
205,185,175,202,372,8.07,-3,4,177,0
205,185,175,202,396,8.07,-3,4,177,0
205,185,175,202,420,8.07,-3,4,177,0
215,195,165,202,444,8.07,-13,4,177,1
230,210,150,202,468,8.07,-28,4,177,1
245,225,135,202,492,8.07,-43,5,177,1
260,240,120,202,516,8.07,-58,5,177,1
260,240,120,202,540,8.07,-58,5,177,0
260,240,120,202,564,8.07,-58,5,177,0
260,240,120,202,588,8.07,-58,5,177,0
260,240,120,239,454,7.68,-21,4,177,0
260,240,120,239,478,7.68,-21,5,177,0
270,250,110,239,502,7.68,-31,4,177,1
285,265,95,239,526,7.68,-46,4,178,1
300,280,80,239,550,7.68,-61,4,178,1
305,285,75,239,574,7.68,-66,4,178,0
305,285,75,239,598,7.68,-66,4,178,0
305,285,75,239,622,7.68,-66,4,178,0
305,285,75,239,646,7.68,-66,5,178,0
305,285,75,122,505,8.12,-183,4,178,0
305,285,75,122,529,8.12,-183,4,178,0
305,285,75,122,553,8.12,-183,4,178,0
305,285,75,122,577,8.12,-183,4,178,0
305,285,75,122,601,8.12,-183,4,178,0
305,285,75,171,465,7.68,-134,4,178,0
305,285,75,171,489,7.68,-134,5,178,0
305,285,75,171,513,7.68,-134,4,178,0
305,285,75,171,537,7.68,-134,4,178,0
305,285,75,171,561,7.68,-134,4,178,0
305,285,75,171,585,7.68,-134,4,178,0
305,285,75,171,609,7.68,-134,4,178,0
305,285,75,171,633,7.68,-134,5,178,0
305,285,75,208,343,7.6,-97,4,178,0
305,285,75,208,367,7.6,-97,4,179,0
305,285,75,208,391,7.6,-97,4,179,0
305,285,75,208,415,7.6,-97,4,179,0
305,285,75,208,439,7.6,-97,4,179,0
305,285,75,208,463,7.6,-97,4,179,0
305,285,75,208,487,7.6,-97,4,179,0
305,285,75,208,511,7.6,-97,4,179,0
305,285,75,208,535,7.6,-97,4,179,0
305,285,75,208,559,7.6,-97,4,179,0
305,285,75,208,583,7.6,-97,4,179,0
305,285,75,208,607,7.6,-97,4,179,0
300,280,80,356,469,7.83,56,4,179,-1
285,265,95,356,493,7.83,71,4,179,-1
270,250,110,356,517,7.83,86,4,179,-1
255,235,125,356,541,7.83,101,4,179,-1
250,230,130,356,565,7.83,106,4,179,0
250,230,130,356,589,7.83,106,4,179,0
250,230,130,356,613,7.83,106,4,179,0
250,230,130,330,473,7.85,80,5,179,0
250,230,130,330,497,7.85,80,4,179,0
250,230,130,330,521,7.85,80,4,180,0
250,230,130,330,545,7.85,80,4,180,0
250,230,130,330,569,7.85,80,4,180,0
250,230,130,330,593,7.85,80,4,180,0
250,230,130,330,617,7.85,80,4,180,0
250,230,130,330,641,7.85,80,5,180,0
240,220,140,112,446,7.37,-128,4,180,-1
225,205,155,112,467,7.37,-113,4,180,-1
210,190,170,112,488,7.37,-98,4,180,-1
210,190,170,112,509,7.37,-98,4,180,0
210,190,170,112,530,7.37,-98,4,180,0
210,190,170,112,551,7.37,-98,4,180,0
210,190,170,112,572,7.37,-98,5,180,0
210,190,170,112,593,7.37,-98,5,180,0
210,190,170,112,614,7.37,-98,5,180,0
210,190,170,112,635,7.37,-98,5,180,0
210,190,170,33,513,7.0,-177,4,180,0
210,190,170,33,534,7.0,-177,4,180,0
210,190,170,33,555,7.0,-177,5,180,0
210,190,170,33,576,7.0,-177,5,180,0
210,190,170,379,526,8.22,169,5,181,0
210,190,170,379,550,8.22,169,5,181,0
210,190,170,261,410,7.79,51,5,181,0
210,190,170,261,434,7.79,51,4,181,0
210,190,170,261,458,7.79,51,4,181,0
195,175,185,261,482,7.79,66,5,181,-1
180,160,200,261,506,7.79,81,4,181,-1
165,145,215,261,530,7.79,96,4,181,-1
165,145,215,261,554,7.79,96,4,181,0
165,145,215,261,578,7.79,96,4,181,0
165,145,215,261,602,7.79,96,4,181,0
165,145,215,261,626,7.79,96,4,181,0
165,145,215,276,493,8.31,111,5,181,0
165,145,215,276,517,8.31,111,4,181,0
165,145,215,276,541,8.31,111,4,181,0
165,145,215,276,565,8.31,111,4,181,0
165,145,215,276,589,8.31,111,4,181,0
165,145,215,276,613,8.31,111,4,181,0
165,145,215,116,419,7.06,-49,5,181,0
165,145,215,116,440,7.06,-49,4,181,0
165,145,215,116,461,7.06,-49,4,182,0
175,155,205,116,482,7.06,-59,4,182,1
190,170,190,116,503,7.06,-74,4,182,1
205,185,175,116,524,7.06,-89,4,182,1
220,200,160,116,545,7.06,-104,4,182,1
220,200,160,116,566,7.06,-104,5,182,0
220,200,160,116,587,7.06,-104,5,182,0
220,200,160,116,608,7.06,-104,5,182,0
220,200,160,116,629,7.06,-104,5,182,0
220,200,160,243,369,7.07,23,4,182,0
220,200,160,243,390,7.07,23,4,182,0
220,200,160,243,411,7.07,23,4,182,0
230,210,150,243,432,7.07,13,5,182,1
245,225,135,243,453,7.07,-2,5,182,1
260,240,120,243,474,7.07,-17,5,182,1
275,255,105,243,495,7.07,-32,5,182,1
290,270,90,243,516,7.07,-47,4,182,1
305,285,75,243,537,7.07,-62,4,182,1
310,290,70,243,558,7.07,-67,5,182,0
310,290,70,243,579,7.07,-67,5,182,0
310,290,70,243,600,7.07,-67,5,183,0
310,290,70,243,621,7.07,-67,5,183,0
310,290,70,243,642,7.07,-67,5,183,0
310,290,70,171,596,8.38,-139,4,183,0
310,290,70,171,620,8.38,-139,4,183,0
310,290,70,164,481,7.85,-146,5,183,0
310,290,70,164,505,7.85,-146,4,183,0
310,290,70,164,529,7.85,-146,4,183,0
310,290,70,164,553,7.85,-146,4,183,0
310,290,70,164,577,7.85,-146,4,183,0
310,290,70,164,601,7.85,-146,4,183,0
310,290,70,164,625,7.85,-146,4,183,0
310,290,70,164,649,7.85,-146,5,183,0
310,290,70,69,448,7.3,-241,4,183,0
310,290,70,69,469,7.3,-241,4,183,0
310,290,70,69,490,7.3,-241,4,183,0
310,290,70,69,511,7.3,-241,4,183,0
310,290,70,69,532,7.3,-241,4,183,0
310,290,70,69,553,7.3,-241,5,183,0
310,290,70,99,498,8.34,-211,5,183,0
310,290,70,99,522,8.34,-211,5,184,0
310,290,70,99,546,8.34,-211,5,184,0
310,290,70,99,570,8.34,-211,5,184,0
310,290,70,99,594,8.34,-211,4,184,0
310,290,70,288,302,7.8,-22,4,184,0
310,290,70,288,326,7.8,-22,5,184,0
310,290,70,288,350,7.8,-22,4,184,0
310,290,70,288,374,7.8,-22,4,184,0
310,290,70,288,398,7.8,-22,4,184,0
310,290,70,288,422,7.8,-22,4,184,0
310,290,70,288,446,7.8,-22,4,184,0
315,295,65,288,470,7.8,-27,4,184,1
330,310,50,288,494,7.8,-42,5,184,1
345,325,35,288,518,7.8,-57,4,184,1
360,340,20,288,542,7.8,-72,4,184,1
365,345,15,288,566,7.8,-77,4,184,0
365,345,15,288,590,7.8,-77,4,184,0
365,345,15,288,614,7.8,-77,4,184,0
365,345,15,218,534,8.53,-147,5,184,0
365,345,15,218,561,8.53,-147,4,184,0
365,345,15,218,588,8.53,-147,4,185,0
365,345,15,218,615,8.53,-147,4,185,0
365,345,15,218,642,8.53,-147,4,185,0
365,345,15,139,381,7.34,-226,3,185,0
365,345,15,139,402,7.34,-226,3,185,0
365,345,15,139,423,7.34,-226,4,185,0
365,345,15,139,444,7.34,-226,4,185,0
365,345,15,139,465,7.34,-226,4,185,0
365,345,15,139,486,7.34,-226,4,185,0
365,345,15,139,507,7.34,-226,4,185,0
365,345,15,139,528,7.34,-226,4,185,0
365,345,15,139,549,7.34,-226,4,185,0
365,345,15,139,570,7.34,-226,5,185,0
365,345,15,206,451,7.32,-159,5,185,0
365,345,15,206,472,7.32,-159,5,185,0
365,345,15,206,493,7.32,-159,5,185,0
365,345,15,206,514,7.32,-159,4,185,0
365,345,15,206,535,7.32,-159,4,185,0
365,345,15,206,556,7.32,-159,5,185,0
365,345,15,206,577,7.32,-159,5,185,0
365,345,15,206,598,7.32,-159,5,186,0
365,345,15,163,545,7.61,-202,5,186,0
365,345,15,163,569,7.61,-202,5,186,0
365,345,15,163,593,7.61,-202,4,186,0
365,345,15,163,617,7.61,-202,4,186,0
365,345,15,167,483,8.21,-198,5,186,0
365,345,15,167,507,8.21,-198,4,186,0
365,345,15,167,531,8.21,-198,4,186,0
365,345,15,167,555,8.21,-198,4,186,0
365,345,15,167,579,8.21,-198,4,186,0
365,345,15,252,443,7.78,-113,4,186,0
365,345,15,252,467,7.78,-113,4,186,0
365,345,15,252,491,7.78,-113,5,186,0
365,345,15,252,515,7.78,-113,4,186,0
365,345,15,252,539,7.78,-113,4,186,0
365,345,15,252,563,7.78,-113,4,186,0
365,345,15,252,587,7.78,-113,4,186,0
365,345,15,252,611,7.78,-113,4,186,0
365,345,15,252,635,7.78,-113,5,186,0
365,345,15,153,501,8.23,-212,4,186,0
365,345,15,153,525,8.23,-212,4,187,0
365,345,15,153,549,8.23,-212,4,187,0
365,345,15,153,573,8.23,-212,4,187,0
365,345,15,153,597,8.23,-212,4,187,0
365,345,15,153,621,8.23,-212,4,187,0
365,345,15,153,645,8.23,-212,5,187,0
365,345,15,163,443,7.18,-202,4,187,0
365,345,15,163,464,7.18,-202,4,187,0
365,345,15,163,485,7.18,-202,4,187,0
365,345,15,163,506,7.18,-202,4,187,0
365,345,15,163,527,7.18,-202,4,187,0
365,345,15,163,548,7.18,-202,4,187,0
365,345,15,163,569,7.18,-202,5,187,0
365,345,15,163,590,7.18,-202,5,187,0
365,345,15,357,330,7.34,-8,5,187,0
365,345,15,357,351,7.34,-8,5,187,0
365,345,15,357,372,7.34,-8,4,187,0
365,345,15,357,393,7.34,-8,4,187,0
360,340,20,357,414,7.34,-3,5,187,-1
345,325,35,357,435,7.34,12,5,187,-1
330,310,50,357,456,7.34,27,5,188,-1
315,295,65,357,477,7.34,42,5,188,-1
300,280,80,357,498,7.34,57,5,188,-1
295,275,85,357,519,7.34,62,4,188,0
295,275,85,357,540,7.34,62,4,188,0
295,275,85,357,561,7.34,62,5,188,0
295,275,85,357,582,7.34,62,5,188,0
295,275,85,357,603,7.34,62,5,188,0
280,260,100,309,450,8.64,29,5,188,-1
265,245,115,309,477,8.64,44,5,188,-1
250,230,130,309,504,8.64,59,4,188,-1
240,220,140,309,531,8.64,69,4,188,0
240,220,140,309,558,8.64,69,5,188,0
240,220,140,309,585,8.64,69,5,188,0
240,220,140,309,612,8.64,69,5,188,0
245,225,135,248,403,8.21,3,5,188,1
260,240,120,248,427,8.21,-12,3,188,1
275,255,105,248,451,8.21,-27,3,188,1
290,270,90,248,475,8.21,-42,4,188,1
300,280,80,248,499,8.21,-52,4,188,0
300,280,80,248,523,8.21,-52,4,189,0
300,280,80,248,547,8.21,-52,4,189,0
300,280,80,248,571,8.21,-52,4,189,0
300,280,80,248,595,8.21,-52,4,189,0
300,280,80,248,619,8.21,-52,4,189,0
300,280,80,248,643,8.21,-52,5,189,0
300,280,80,217,507,8.43,-83,4,189,0
300,280,80,217,531,8.43,-83,4,189,0
300,280,80,217,555,8.43,-83,4,189,0
300,280,80,217,579,8.43,-83,4,189,0
300,280,80,217,603,8.43,-83,4,189,0
300,280,80,217,627,8.43,-83,4,189,0
300,280,80,148,554,8.51,-152,5,189,0
300,280,80,148,581,8.51,-152,4,189,0
300,280,80,148,608,8.51,-152,4,189,0
300,280,80,148,635,8.51,-152,4,189,0
300,280,80,231,377,7.28,-69,3,189,0
300,280,80,231,398,7.28,-69,3,189,0
300,280,80,231,419,7.28,-69,4,189,0
300,280,80,231,440,7.28,-69,4,189,0
300,280,80,231,461,7.28,-69,4,190,0
300,280,80,231,482,7.28,-69,4,190,0
300,280,80,231,503,7.28,-69,4,190,0
300,280,80,231,524,7.28,-69,4,190,0
315,295,65,231,545,7.28,-84,4,190,1
330,310,50,251,547,8.66,-79,5,190,1
345,325,35,251,574,8.66,-94,5,190,1
345,325,35,251,601,8.66,-94,5,190,0
345,325,35,251,628,8.66,-94,5,190,0
345,325,35,159,366,7.3,-186,3,190,0
345,325,35,159,387,7.3,-186,3,190,0
345,325,35,159,408,7.3,-186,3,190,0
345,325,35,159,429,7.3,-186,4,190,0
345,325,35,159,450,7.3,-186,4,190,0
345,325,35,159,471,7.3,-186,4,190,0
345,325,35,159,492,7.3,-186,4,190,0
345,325,35,159,513,7.3,-186,4,190,0
345,325,35,159,534,7.3,-186,4,190,0
345,325,35,159,555,7.3,-186,5,190,0
345,325,35,159,576,7.3,-186,5,190,0
345,325,35,159,597,7.3,-186,5,191,0
345,325,35,159,618,7.3,-186,5,191,0
345,325,35,159,639,7.3,-186,5,191,0
345,325,35,357,279,7.5,12,4,191,0
345,325,35,357,303,7.5,12,4,191,0
345,325,35,357,327,7.5,12,5,191,0
345,325,35,357,351,7.5,12,4,191,0
345,325,35,357,375,7.5,12,4,191,0
345,325,35,357,399,7.5,12,4,191,0
335,315,45,357,423,7.5,22,4,191,-1
320,300,60,357,447,7.5,37,4,191,-1
305,285,75,357,471,7.5,52,4,191,-1
290,270,90,357,495,7.5,67,4,191,-1
280,260,100,357,519,7.5,77,4,191,0
280,260,100,357,543,7.5,77,4,191,0
280,260,100,357,567,7.5,77,4,191,0
280,260,100,357,591,7.5,77,4,191,0
280,260,100,357,615,7.5,77,4,191,0
280,260,100,357,639,7.5,77,5,191,0
280,260,100,119,497,8.1,-161,4,191,0
280,260,100,119,521,8.1,-161,4,192,0
280,260,100,119,545,8.1,-161,4,192,0
280,260,100,119,569,8.1,-161,4,192,0
280,260,100,119,593,8.1,-161,4,192,0
280,260,100,149,459,8.25,-131,4,192,0
280,260,100,149,483,8.25,-131,5,192,0
280,260,100,149,507,8.25,-131,4,192,0
280,260,100,149,531,8.25,-131,4,192,0
280,260,100,149,555,8.25,-131,4,192,0
280,260,100,149,579,8.25,-131,4,192,0
280,260,100,149,603,8.25,-131,4,192,0
280,260,100,149,627,8.25,-131,4,192,0
280,260,100,62,553,8.64,-218,5,192,0
280,260,100,62,580,8.64,-218,4,192,0
280,260,100,292,331,7.45,12,4,192,0
280,260,100,292,352,7.45,12,4,192,0
280,260,100,292,373,7.45,12,3,192,0
280,260,100,292,394,7.45,12,3,192,0
280,260,100,292,415,7.45,12,4,192,0
295,275,85,292,436,7.45,-3,4,192,1
310,290,70,292,457,7.45,-18,4,193,1
325,305,55,292,478,7.45,-33,4,193,1
335,315,45,292,499,7.45,-43,4,193,0
335,315,45,292,520,7.45,-43,4,193,0
335,315,45,292,541,7.45,-43,4,193,0
335,315,45,292,562,7.45,-43,5,193,0
335,315,45,292,583,7.45,-43,5,193,0
335,315,45,292,604,7.45,-43,5,193,0
335,315,45,292,625,7.45,-43,5,193,0
335,315,45,292,646,7.45,-43,5,193,0
335,315,45,186,446,8.25,-149,4,193,0
335,315,45,186,470,8.25,-149,4,193,0
335,315,45,186,494,8.25,-149,5,193,0
335,315,45,186,518,8.25,-149,4,193,0
335,315,45,186,542,8.25,-149,4,193,0
335,315,45,186,566,8.25,-149,4,193,0
335,315,45,368,428,7.56,33,4,193,0
330,310,50,368,452,7.56,38,4,193,-1
315,295,65,368,476,7.56,53,5,193,-1
300,280,80,368,500,7.56,68,4,193,-1
290,270,90,368,524,7.56,78,4,194,0
290,270,90,368,548,7.56,78,4,194,0
290,270,90,368,572,7.56,78,4,194,0
290,270,90,368,596,7.56,78,4,194,0
290,270,90,368,620,7.56,78,4,194,0
290,270,90,368,644,7.56,78,5,194,0
290,270,90,141,509,8.38,-149,4,194,0
290,270,90,141,533,8.38,-149,4,194,0
290,270,90,141,557,8.38,-149,4,194,0
290,270,90,141,581,8.38,-149,4,194,0
290,270,90,141,605,8.38,-149,4,194,0
290,270,90,179,467,8.23,-111,4,194,0
290,270,90,179,491,8.23,-111,4,194,0
295,275,85,179,515,8.23,-116,4,194,1
310,290,70,179,539,8.23,-131,4,194,1
325,305,55,268,455,8.62,-57,4,194,1
340,320,40,268,482,8.62,-72,4,194,1
355,335,25,268,509,8.62,-87,4,194,1
355,335,25,268,536,8.62,-87,5,194,0
355,335,25,268,563,8.62,-87,4,194,0
355,335,25,268,590,8.62,-87,4,195,0
355,335,25,268,617,8.62,-87,4,195,0
355,335,25,268,644,8.62,-87,4,195,0
355,335,25,40,434,7.82,-315,3,195,0
355,335,25,40,458,7.82,-315,3,195,0
355,335,25,40,482,7.82,-315,4,195,0
355,335,25,40,506,7.82,-315,4,195,0
355,335,25,40,530,7.82,-315,4,195,0
355,335,25,40,554,7.82,-315,4,195,0
355,335,25,40,578,7.82,-315,4,195,0
355,335,25,172,384,7.47,-183,4,195,0
355,335,25,172,405,7.47,-183,4,195,0
355,335,25,172,426,7.47,-183,5,195,0
355,335,25,172,447,7.47,-183,4,195,0
355,335,25,172,468,7.47,-183,4,195,0
355,335,25,172,489,7.47,-183,4,195,0
355,335,25,172,510,7.47,-183,4,195,0
355,335,25,172,531,7.47,-183,4,195,0
355,335,25,172,552,7.47,-183,5,195,0
355,335,25,172,573,7.47,-183,5,195,0
355,335,25,172,594,7.47,-183,5,196,0
355,335,25,243,437,8.68,-112,5,196,0
355,335,25,243,464,8.68,-112,5,196,0
355,335,25,243,491,8.68,-112,4,196,0
355,335,25,243,518,8.68,-112,4,196,0
355,335,25,243,545,8.68,-112,5,196,0
355,335,25,243,572,8.68,-112,4,196,0
355,335,25,243,599,8.68,-112,4,196,0
355,335,25,243,626,8.68,-112,4,196,0
355,335,25,273,420,8.26,-82,3,196,0
355,335,25,273,444,8.26,-82,3,196,0
355,335,25,273,468,8.26,-82,3,196,0
355,335,25,273,492,8.26,-82,4,196,0
355,335,25,273,516,8.26,-82,4,196,0
355,335,25,273,540,8.26,-82,4,196,0
355,335,25,273,564,8.26,-82,4,196,0
355,335,25,273,588,8.26,-82,4,196,0
355,335,25,273,612,8.26,-82,4,196,0
355,335,25,371,416,7.41,16,5,196,0
340,320,40,371,437,7.41,31,4,196,-1
325,305,55,371,458,7.41,46,4,197,-1
310,290,70,371,479,7.41,61,4,197,-1
295,275,85,371,500,7.41,76,4,197,-1
295,275,85,371,521,7.41,76,4,197,0
295,275,85,371,542,7.41,76,4,197,0
295,275,85,278,482,7.61,-17,5,197,0
305,285,75,278,506,7.61,-27,5,197,1
320,300,60,278,530,7.61,-42,5,197,1
335,315,45,278,554,7.61,-57,5,197,1
350,330,30,278,578,7.61,-72,5,197,1
355,335,25,278,602,7.61,-77,4,197,0
355,335,25,278,626,7.61,-77,4,197,0
355,335,25,278,650,7.61,-77,5,197,0
355,335,25,105,516,8.32,-250,4,197,0
355,335,25,105,540,8.32,-250,4,197,0
355,335,25,105,564,8.32,-250,4,197,0
355,335,25,105,588,8.32,-250,4,197,0
355,335,25,173,454,7.62,-182,4,197,0
355,335,25,173,478,7.62,-182,5,197,0
355,335,25,173,502,7.62,-182,4,197,0
355,335,25,173,526,7.62,-182,4,198,0
355,335,25,173,550,7.62,-182,4,198,0
355,335,25,173,574,7.62,-182,4,198,0
355,335,25,173,598,7.62,-182,4,198,0
355,335,25,173,622,7.62,-182,4,198,0
355,335,25,193,482,8.2,-162,5,198,0
355,335,25,193,506,8.2,-162,4,198,0
355,335,25,193,530,8.2,-162,4,198,0
355,335,25,193,554,8.2,-162,4,198,0
355,335,25,193,578,8.2,-162,4,198,0
355,335,25,193,602,8.2,-162,4,198,0
355,335,25,193,626,8.2,-162,4,198,0
355,335,25,329,329,7.53,-26,5,198,0
355,335,25,329,353,7.53,-26,4,198,0
355,335,25,329,377,7.53,-26,4,198,0
355,335,25,329,401,7.53,-26,4,198,0
355,335,25,329,425,7.53,-26,4,198,0
355,335,25,329,449,7.53,-26,4,198,0
370,350,10,329,473,7.53,-41,5,198,1
380,360,0,329,497,7.53,-51,4,198,1
380,360,0,329,521,7.53,-51,4,199,1
380,360,0,329,545,7.53,-51,4,199,1
380,360,0,329,569,7.53,-51,4,199,0
380,360,0,329,593,7.53,-51,4,199,0
380,360,0,329,617,7.53,-51,4,199,0
380,360,0,329,641,7.53,-51,5,199,0
380,360,0,181,505,7.64,-199,4,199,0
380,360,0,181,529,7.64,-199,4,199,0
380,360,0,181,553,7.64,-199,4,199,0
380,360,0,312,417,7.89,-68,4,199,0
380,360,0,312,441,7.89,-68,4,199,0
380,360,0,312,465,7.89,-68,4,199,0
380,360,0,312,489,7.89,-68,5,199,0
380,360,0,312,513,7.89,-68,4,199,0
380,360,0,312,537,7.89,-68,4,199,0
375,355,5,312,561,7.89,-63,4,199,-1
360,340,20,312,585,7.89,-48,4,199,-1
345,325,35,312,609,7.89,-33,4,199,-1
330,310,50,343,475,8.33,13,5,199,-1
315,295,65,343,499,8.33,28,4,199,-1
300,280,80,343,523,8.33,43,4,200,-1
285,265,95,343,547,8.33,58,4,200,-1
270,250,110,343,571,8.33,73,4,200,-1
270,250,110,343,595,8.33,73,4,200,0
270,250,110,343,619,8.33,73,4,200,0
270,250,110,155,548,8.65,-115,5,200,0
270,250,110,155,575,8.65,-115,4,200,0
270,250,110,155,602,8.65,-115,4,200,0
270,250,110,155,629,8.65,-115,4,200,0
270,250,110,29,418,8.3,-241,3,200,0
270,250,110,29,442,8.3,-241,3,200,0
270,250,110,29,466,8.3,-241,3,200,0
270,250,110,29,490,8.3,-241,4,200,0
270,250,110,29,514,8.3,-241,4,200,0
270,250,110,29,538,8.3,-241,4,200,0
270,250,110,29,562,8.3,-241,4,200,0
270,250,110,135,425,8.14,-135,4,200,0
270,250,110,135,449,8.14,-135,4,200,0
270,250,110,135,473,8.14,-135,5,200,0
270,250,110,135,497,8.14,-135,4,200,0
270,250,110,135,521,8.14,-135,4,201,0
270,250,110,135,545,8.14,-135,4,201,0
270,250,110,135,569,8.14,-135,4,201,0
270,250,110,170,495,8.54,-100,4,201,0
270,250,110,170,522,8.54,-100,4,201,0
270,250,110,170,549,8.54,-100,5,201,0
270,250,110,170,576,8.54,-100,4,201,0
260,240,120,270,424,8.6,10,4,201,-1
245,225,135,270,451,8.6,25,4,201,-1
230,210,150,270,478,8.6,40,3,201,-1
215,195,165,270,505,8.6,55,3,201,-1
200,180,180,270,532,8.6,70,3,201,-1
185,165,195,270,559,8.6,85,4,201,-1
185,165,195,270,586,8.6,85,4,201,0
185,165,195,270,613,8.6,85,4,201,0
185,165,195,270,640,8.6,85,4,201,0
185,165,195,27,432,7.8,-158,3,201,0
185,165,195,27,456,7.8,-158,3,201,0
185,165,195,27,480,7.8,-158,4,201,0
185,165,195,27,504,7.8,-158,4,201,0
185,165,195,27,528,7.8,-158,4,202,0
185,165,195,27,552,7.8,-158,4,202,0
185,165,195,27,576,7.8,-158,4,202,0
185,165,195,126,435,8.35,-59,4,202,0
185,165,195,126,459,8.35,-59,4,202,0
195,175,185,126,483,8.35,-69,4,202,1
210,190,170,126,507,8.35,-84,4,202,1
225,205,155,126,531,8.35,-99,4,202,1
240,220,140,126,555,8.35,-114,4,202,1
245,225,135,126,579,8.35,-119,4,202,0
245,225,135,126,603,8.35,-119,4,202,0
245,225,135,126,627,8.35,-119,4,202,0
245,225,135,70,555,9.0,-175,5,202,0
245,225,135,70,582,9.0,-175,4,202,0
245,225,135,202,377,8.27,-43,4,202,0
245,225,135,202,401,8.27,-43,4,202,0
245,225,135,202,425,8.27,-43,3,202,0
245,225,135,202,449,8.27,-43,3,202,0
260,240,120,202,473,8.27,-58,4,202,1
275,255,105,202,497,8.27,-73,4,202,1
275,255,105,202,521,8.27,-73,4,203,0
275,255,105,202,545,8.27,-73,4,203,0
275,255,105,202,569,8.27,-73,4,203,0
275,255,105,202,593,8.27,-73,4,203,0
275,255,105,202,617,8.27,-73,4,203,0
270,250,110,337,488,7.97,67,5,203,-1
255,235,125,337,512,7.97,82,4,203,-1
240,220,140,337,536,7.97,97,4,203,-1
230,210,150,337,560,7.97,107,4,203,0
230,210,150,188,475,8.77,-42,4,203,0
245,225,135,188,502,8.77,-57,4,203,1
260,240,120,188,529,8.77,-72,4,203,1
275,255,105,188,556,8.77,-87,4,203,1
285,265,95,188,583,8.77,-97,4,203,0
285,265,95,188,610,8.77,-97,4,203,0
285,265,95,188,637,8.77,-97,4,203,0
285,265,95,380,487,8.86,95,3,203,0
285,265,95,380,514,8.86,95,3,203,0
285,265,95,380,541,8.86,95,4,203,0
270,250,110,380,568,8.86,110,4,203,-1
255,235,125,380,595,8.86,125,4,204,-1
240,220,140,380,622,8.86,140,4,204,-1
225,205,155,94,410,7.94,-131,3,204,-1
225,205,155,94,434,7.94,-131,3,204,0
225,205,155,94,458,7.94,-131,3,204,0
225,205,155,94,482,7.94,-131,4,204,0
225,205,155,94,506,7.94,-131,4,204,0
225,205,155,94,530,7.94,-131,4,204,0
225,205,155,94,554,7.94,-131,4,204,0
225,205,155,94,578,7.94,-131,4,204,0
225,205,155,167,446,7.79,-58,4,204,0
225,205,155,167,470,7.79,-58,4,204,0
225,205,155,167,494,7.79,-58,5,204,0
225,205,155,167,518,7.79,-58,4,204,0
225,205,155,167,542,7.79,-58,4,204,0
225,205,155,167,566,7.79,-58,4,204,0
225,205,155,167,590,7.79,-58,4,204,0
225,205,155,167,614,7.79,-58,4,204,0
225,205,155,167,638,7.79,-58,5,204,0
225,205,155,366,566,8.73,141,4,204,0
225,205,155,366,593,8.73,141,4,205,0
225,205,155,366,620,8.73,141,4,205,0
225,205,155,366,647,8.73,141,4,205,0
225,205,155,118,438,8.47,-107,3,205,0
225,205,155,118,462,8.47,-107,3,205,0
225,205,155,118,486,8.47,-107,4,205,0
225,205,155,118,510,8.47,-107,4,205,0
225,205,155,118,534,8.47,-107,4,205,0
225,205,155,118,558,8.47,-107,4,205,0
225,205,155,118,582,8.47,-107,4,205,0
225,205,155,118,606,8.47,-107,4,205,0
225,205,155,311,466,7.74,86,4,205,0
225,205,155,311,490,7.74,86,4,205,0
225,205,155,311,514,7.74,86,4,205,0
225,205,155,311,538,7.74,86,4,205,0
225,205,155,311,562,7.74,86,4,205,0
230,210,150,311,586,7.74,81,4,205,1
245,225,135,177,512,8.91,-68,4,205,1
260,240,120,177,539,8.91,-83,5,205,1
265,245,115,177,566,8.91,-88,4,205,0
265,245,115,177,593,8.91,-88,4,206,0
265,245,115,177,620,8.91,-88,4,206,0
265,245,115,177,647,8.91,-88,4,206,0
265,245,115,149,434,8.19,-116,3,206,0
265,245,115,149,458,8.19,-116,3,206,0
265,245,115,149,482,8.19,-116,4,206,0
265,245,115,149,506,8.19,-116,4,206,0
265,245,115,149,530,8.19,-116,4,206,0
265,245,115,149,554,8.19,-116,4,206,0
265,245,115,149,578,8.19,-116,4,206,0
265,245,115,149,602,8.19,-116,4,206,0
265,245,115,149,626,8.19,-116,4,206,0
265,245,115,149,650,8.19,-116,5,206,0
265,245,115,21,514,7.98,-244,4,206,0
265,245,115,21,538,7.98,-244,4,206,0
265,245,115,21,562,7.98,-244,4,206,0
265,245,115,21,586,7.98,-244,4,206,0
265,245,115,94,453,7.79,-171,4,206,0
265,245,115,94,477,7.79,-171,5,206,0
265,245,115,94,501,7.79,-171,4,206,0
265,245,115,94,525,7.79,-171,4,207,0
265,245,115,94,549,7.79,-171,4,207,0
265,245,115,94,573,7.79,-171,4,207,0
265,245,115,154,489,8.7,-111,4,207,0
265,245,115,154,516,8.7,-111,4,207,0
265,245,115,154,543,8.7,-111,5,207,0
265,245,115,154,570,8.7,-111,4,207,0
265,245,115,154,597,8.7,-111,4,207,0
265,245,115,194,448,8.89,-71,4,207,0
265,245,115,194,475,8.89,-71,4,207,0
265,245,115,194,502,8.89,-71,3,207,0
265,245,115,194,529,8.89,-71,3,207,0
265,245,115,194,556,8.89,-71,4,207,0
265,245,115,194,583,8.89,-71,4,207,0
265,245,115,194,610,8.89,-71,4,207,0
265,245,115,194,637,8.89,-71,4,207,0
265,245,115,361,432,7.94,96,3,207,0
265,245,115,361,456,7.94,96,3,207,0
265,245,115,361,480,7.94,96,4,207,0
265,245,115,361,504,7.94,96,4,207,0
265,245,115,361,528,7.94,96,4,208,0
265,245,115,361,552,7.94,96,4,208,0
265,245,115,361,576,7.94,96,4,208,0
265,245,115,193,494,8.7,-72,4,208,0
265,245,115,193,521,8.7,-72,4,208,0
265,245,115,193,548,8.7,-72,4,208,0
265,245,115,193,575,8.7,-72,4,208,0
265,245,115,193,602,8.7,-72,4,208,0
265,245,115,193,629,8.7,-72,4,208,0
265,245,115,240,420,7.73,-25,3,208,0
275,255,105,240,444,7.73,-35,3,208,1
290,270,90,240,468,7.73,-50,3,208,1
300,280,80,240,492,7.73,-60,4,208,0
300,280,80,240,516,7.73,-60,4,208,0
300,280,80,240,540,7.73,-60,4,208,0
300,280,80,240,564,7.73,-60,4,208,0
300,280,80,240,588,7.73,-60,4,208,0
300,280,80,240,612,7.73,-60,4,208,0
300,280,80,240,636,7.73,-60,5,208,0
300,280,80,166,561,9.01,-134,4,208,0
300,280,80,166,588,9.01,-134,4,209,0
300,280,80,166,615,9.01,-134,4,209,0
300,280,80,166,642,9.01,-134,4,209,0
300,280,80,175,433,8.05,-125,3,209,0
300,280,80,175,457,8.05,-125,3,209,0
300,280,80,175,481,8.05,-125,4,209,0
300,280,80,175,505,8.05,-125,4,209,0
295,275,85,175,529,8.05,-120,4,209,-1
280,260,100,175,553,8.05,-105,4,209,-1
265,245,115,175,577,8.05,-90,4,209,-1
250,230,130,175,601,8.05,-75,4,209,-1
235,215,145,279,469,7.82,44,4,209,-1
225,205,155,279,493,7.82,54,5,209,0
225,205,155,279,517,7.82,54,4,209,0
225,205,155,279,541,7.82,54,4,209,0
225,205,155,279,565,7.82,54,4,209,0
240,220,140,279,589,7.82,39,4,209,1
255,235,125,279,613,7.82,24,4,209,1
265,245,115,181,535,8.86,-84,5,209,0
265,245,115,181,562,8.86,-84,4,209,0
265,245,115,181,589,8.86,-84,4,210,0
265,245,115,181,616,8.86,-84,4,210,0
265,245,115,181,643,8.86,-84,4,210,0
265,245,115,352,439,7.81,87,3,210,0
260,240,120,352,463,7.81,92,3,210,-1
245,225,135,352,487,7.81,107,4,210,-1
230,210,150,352,511,7.81,122,4,210,-1
220,200,160,352,535,7.81,132,4,210,0
230,210,150,352,559,7.81,122,4,210,1
245,225,135,352,583,7.81,107,4,210,1
260,240,120,352,607,7.81,92,4,210,1
275,255,105,213,469,8.33,-62,4,210,1
285,265,95,213,493,8.33,-72,4,210,0
285,265,95,213,517,8.33,-72,4,210,0
285,265,95,213,541,8.33,-72,4,210,0
285,265,95,213,565,8.33,-72,4,210,0
285,265,95,213,589,8.33,-72,4,210,0
285,265,95,213,613,8.33,-72,4,210,0
285,265,95,213,637,8.33,-72,5,210,0
285,265,95,117,502,8.04,-168,4,210,0
285,265,95,117,526,8.04,-168,4,211,0
285,265,95,117,550,8.04,-168,4,211,0
285,265,95,117,574,8.04,-168,4,211,0
285,265,95,117,598,8.04,-168,4,211,0
285,265,95,156,460,8.4,-129,4,211,0
285,265,95,156,484,8.4,-129,5,211,0
285,265,95,156,508,8.4,-129,4,211,0
285,265,95,156,532,8.4,-129,4,211,0
285,265,95,156,556,8.4,-129,4,211,0
285,265,95,156,580,8.4,-129,4,211,0
285,265,95,156,604,8.4,-129,4,211,0
285,265,95,198,468,8.17,-87,4,211,0
285,265,95,198,492,8.17,-87,4,211,0
285,265,95,198,516,8.17,-87,4,211,0
285,265,95,198,540,8.17,-87,4,211,0
285,265,95,198,564,8.17,-87,4,211,0
285,265,95,198,588,8.17,-87,4,211,0
285,265,95,198,612,8.17,-87,4,211,0
285,265,95,198,636,8.17,-87,5,211,0
285,265,95,185,498,8.14,-100,4,211,0
285,265,95,185,522,8.14,-100,4,212,0
285,265,95,185,546,8.14,-100,4,212,0
285,265,95,185,570,8.14,-100,4,212,0
275,255,105,352,494,9.04,77,4,212,-1
260,240,120,352,521,9.04,92,4,212,-1
245,225,135,352,548,9.04,107,5,212,-1
230,210,150,352,575,9.04,122,4,212,-1
240,220,140,240,418,8.71,0,4,212,1
255,235,125,240,445,8.71,-15,4,212,1
270,250,110,240,472,8.71,-30,3,212,1
285,265,95,240,499,8.71,-45,3,212,1
300,280,80,240,526,8.71,-60,3,212,1
300,280,80,240,553,8.71,-60,4,212,0
300,280,80,240,580,8.71,-60,4,212,0
300,280,80,240,607,8.71,-60,4,212,0
300,280,80,240,634,8.71,-60,4,212,0
300,280,80,131,486,8.53,-169,3,212,0
300,280,80,131,513,8.53,-169,3,212,0
300,280,80,131,540,8.53,-169,4,212,0
300,280,80,131,567,8.53,-169,4,212,0
300,280,80,131,594,8.53,-169,4,213,0
300,280,80,131,621,8.53,-169,4,213,0
300,280,80,159,464,9.0,-141,3,213,0
300,280,80,159,491,9.0,-141,3,213,0
300,280,80,159,518,9.0,-141,3,213,0
300,280,80,159,545,9.0,-141,4,213,0
300,280,80,159,572,9.0,-141,4,213,0
300,280,80,159,599,9.0,-141,4,213,0
300,280,80,159,626,9.0,-141,4,213,0
300,280,80,166,474,9.25,-134,3,213,0
300,280,80,166,501,9.25,-134,3,213,0
300,280,80,166,528,9.25,-134,3,213,0
300,280,80,166,555,9.25,-134,4,213,0
300,280,80,166,582,9.25,-134,4,213,0
300,280,80,166,609,9.25,-134,4,213,0
300,280,80,166,636,9.25,-134,4,213,0
300,280,80,157,428,8.2,-143,3,213,0
300,280,80,157,452,8.2,-143,3,213,0
300,280,80,157,476,8.2,-143,4,213,0
300,280,80,157,500,8.2,-143,4,213,0
300,280,80,157,524,8.2,-143,4,214,0
300,280,80,157,548,8.2,-143,4,214,0
300,280,80,157,572,8.2,-143,4,214,0
300,280,80,157,596,8.2,-143,4,214,0
300,280,80,157,620,8.2,-143,4,214,0
300,280,80,157,644,8.2,-143,5,214,0
300,280,80,35,571,8.78,-265,4,214,0
300,280,80,200,374,8.41,-100,4,214,0
300,280,80,200,398,8.41,-100,4,214,0
300,280,80,200,422,8.41,-100,4,214,0
300,280,80,200,446,8.41,-100,3,214,0
300,280,80,200,470,8.41,-100,3,214,0
300,280,80,200,494,8.41,-100,4,214,0
300,280,80,200,518,8.41,-100,4,214,0
300,280,80,200,542,8.41,-100,4,214,0
300,280,80,305,458,9.11,5,4,214,0
290,270,90,305,485,9.11,15,4,214,-1
275,255,105,305,512,9.11,30,4,214,-1
260,240,120,305,539,9.11,45,5,214,-1
255,235,125,305,566,9.11,50,4,214,0
255,235,125,305,593,9.11,50,4,215,0
255,235,125,305,620,9.11,50,4,215,0
255,235,125,205,468,8.64,-50,4,215,0
265,245,115,205,495,8.64,-60,3,215,1
280,260,100,205,522,8.64,-75,3,215,1
295,275,85,205,549,8.64,-90,4,215,1
305,285,75,205,576,8.64,-100,4,215,0
305,285,75,205,603,8.64,-100,4,215,0
305,285,75,205,630,8.64,-100,4,215,0
305,285,75,256,421,7.93,-49,3,215,0
305,285,75,256,445,7.93,-49,3,215,0
305,285,75,256,469,7.93,-49,3,215,0
320,300,60,256,493,7.93,-64,4,215,1
335,315,45,256,517,7.93,-79,4,215,1
340,320,40,256,541,7.93,-84,4,215,0
340,320,40,256,565,7.93,-84,4,215,0
340,320,40,256,589,7.93,-84,4,215,0
340,320,40,256,613,7.93,-84,4,215,0
340,320,40,256,637,7.93,-84,5,215,0
340,320,40,137,566,8.98,-203,4,215,0
340,320,40,137,593,8.98,-203,4,216,0
340,320,40,180,441,9.11,-160,4,216,0
340,320,40,180,468,9.11,-160,4,216,0
340,320,40,180,495,9.11,-160,3,216,0
340,320,40,180,522,9.11,-160,3,216,0
340,320,40,180,549,9.11,-160,4,216,0
340,320,40,180,576,9.11,-160,4,216,0
340,320,40,180,603,9.11,-160,4,216,0
340,320,40,235,445,9.11,-105,4,216,0
340,320,40,235,472,9.11,-105,3,216,0
340,320,40,235,499,9.11,-105,3,216,0
340,320,40,235,526,9.11,-105,3,216,0
340,320,40,235,553,9.11,-105,4,216,0
340,320,40,235,580,9.11,-105,4,216,0
340,320,40,235,607,9.11,-105,4,216,0
340,320,40,235,634,9.11,-105,4,216,0
340,320,40,214,483,8.83,-126,3,216,0
340,320,40,214,510,8.83,-126,3,216,0
340,320,40,214,537,8.83,-126,4,216,0
340,320,40,214,564,8.83,-126,4,216,0
335,315,45,214,591,8.83,-121,4,217,-1
320,300,60,370,439,8.98,50,4,217,-1
305,285,75,370,466,8.98,65,4,217,-1
290,270,90,370,493,8.98,80,3,217,-1
290,270,90,370,520,8.98,80,3,217,0
290,270,90,370,547,8.98,80,4,217,0
290,270,90,370,574,8.98,80,4,217,0
300,280,80,370,601,8.98,70,4,217,1
315,295,65,370,628,8.98,55,4,217,1
330,310,50,274,417,8.22,-56,3,217,1
345,325,35,274,441,8.22,-71,3,217,1
360,340,20,274,465,8.22,-86,3,217,1
360,340,20,274,489,8.22,-86,4,217,0
360,340,20,274,513,8.22,-86,4,217,0
360,340,20,274,537,8.22,-86,4,217,0
360,340,20,274,561,8.22,-86,4,217,0
360,340,20,274,585,8.22,-86,4,217,0
360,340,20,300,508,9.22,-60,4,217,0
360,340,20,300,535,9.22,-60,5,217,0
360,340,20,300,562,9.22,-60,4,217,0
360,340,20,300,589,9.22,-60,4,218,0
360,340,20,300,616,9.22,-60,4,218,0
360,340,20,300,643,9.22,-60,4,218,0
360,340,20,18,495,9.31,-342,3,218,0
360,340,20,18,522,9.31,-342,3,218,0
360,340,20,18,549,9.31,-342,4,218,0
360,340,20,161,393,8.66,-199,4,218,0
360,340,20,161,420,8.66,-199,4,218,0
360,340,20,161,447,8.66,-199,4,218,0
360,340,20,161,474,8.66,-199,3,218,0
360,340,20,161,501,8.66,-199,3,218,0
360,340,20,161,528,8.66,-199,3,218,0
360,340,20,161,555,8.66,-199,4,218,0
360,340,20,161,582,8.66,-199,4,218,0
360,340,20,161,609,8.66,-199,4,218,0
360,340,20,161,636,8.66,-199,4,218,0
360,340,20,294,304,8.87,-66,3,218,0
360,340,20,294,331,8.87,-66,3,218,0
360,340,20,294,358,8.87,-66,4,218,0
360,340,20,294,385,8.87,-66,4,218,0
360,340,20,294,412,8.87,-66,4,219,0
360,340,20,294,439,8.87,-66,4,219,0
360,340,20,294,466,8.87,-66,4,219,0
360,340,20,294,493,8.87,-66,4,219,0
360,340,20,294,520,8.87,-66,4,219,0
360,340,20,294,547,8.87,-66,5,219,0
360,340,20,294,574,8.87,-66,4,219,0
360,340,20,294,601,8.87,-66,4,219,0
360,340,20,294,628,8.87,-66,4,219,0
360,340,20,317,295,8.54,-43,3,219,0
360,340,20,317,322,8.54,-43,3,219,0
360,340,20,317,349,8.54,-43,3,219,0
360,340,20,317,376,8.54,-43,4,219,0
360,340,20,317,403,8.54,-43,4,219,0
360,340,20,317,430,8.54,-43,4,219,0
365,345,15,317,457,8.54,-48,4,219,1
380,360,0,317,484,8.54,-63,3,219,1
380,360,0,317,511,8.54,-63,3,219,1
380,360,0,317,538,8.54,-63,4,219,1
380,360,0,317,565,8.54,-63,4,219,0
380,360,0,317,592,8.54,-63,4,220,0
380,360,0,317,619,8.54,-63,4,220,0
380,360,0,317,646,8.54,-63,4,220,0
380,360,0,32,434,8.39,-348,3,220,0
380,360,0,32,458,8.39,-348,3,220,0
380,360,0,32,482,8.39,-348,4,220,0
380,360,0,32,506,8.39,-348,4,220,0
380,360,0,32,530,8.39,-348,4,220,0
380,360,0,32,554,8.39,-348,4,220,0
380,360,0,32,578,8.39,-348,4,220,0
380,360,0,32,602,8.39,-348,4,220,0
380,360,0,79,472,8.05,-301,4,220,0
380,360,0,79,496,8.05,-301,5,220,0
380,360,0,79,520,8.05,-301,4,220,0
380,360,0,79,544,8.05,-301,4,220,0
380,360,0,79,568,8.05,-301,4,220,0
380,360,0,79,592,8.05,-301,4,220,0
380,360,0,280,333,9.23,-100,4,220,0
380,360,0,280,360,9.23,-100,5,220,0
380,360,0,280,387,9.23,-100,4,220,0
380,360,0,280,414,9.23,-100,4,221,0
380,360,0,280,441,9.23,-100,4,221,0
380,360,0,280,468,9.23,-100,4,221,0
380,360,0,280,495,9.23,-100,3,221,0
380,360,0,280,522,9.23,-100,3,221,0
380,360,0,280,549,9.23,-100,4,221,0
380,360,0,280,576,9.23,-100,4,221,0
380,360,0,280,603,9.23,-100,4,221,0
380,360,0,280,630,9.23,-100,4,221,0
380,360,0,215,477,8.82,-165,3,221,0
380,360,0,215,504,8.82,-165,3,221,0
380,360,0,215,531,8.82,-165,3,221,0
380,360,0,215,558,8.82,-165,4,221,0
380,360,0,215,585,8.82,-165,4,221,0
380,360,0,215,612,8.82,-165,4,221,0
380,360,0,246,456,8.92,-134,4,221,0
380,360,0,246,483,8.92,-134,3,221,0
380,360,0,246,510,8.92,-134,3,221,0
380,360,0,246,537,8.92,-134,4,221,0
380,360,0,246,564,8.92,-134,4,221,0
370,350,10,246,591,8.92,-124,4,222,-1
355,335,25,349,388,8.09,-6,4,222,-1
340,320,40,349,412,8.09,9,4,222,-1
325,305,55,349,436,8.09,24,3,222,-1
310,290,70,349,460,8.09,39,3,222,-1
295,275,85,349,484,8.09,54,4,222,-1
285,265,95,349,508,8.09,64,4,222,0
285,265,95,349,532,8.09,64,4,222,0
285,265,95,349,556,8.09,64,4,222,0
285,265,95,349,580,8.09,64,4,222,0
285,265,95,349,604,8.09,64,4,222,0
285,265,95,349,628,8.09,64,4,222,0
285,265,95,136,556,8.7,-149,4,222,0
285,265,95,136,583,8.7,-149,4,222,0
285,265,95,136,610,8.7,-149,4,222,0
285,265,95,136,637,8.7,-149,4,222,0
285,265,95,111,482,8.8,-174,3,222,0
285,265,95,111,509,8.8,-174,3,222,0
285,265,95,111,536,8.8,-174,4,222,0
285,265,95,111,563,8.8,-174,4,222,0
285,265,95,111,590,8.8,-174,4,223,0
285,265,95,111,617,8.8,-174,4,223,0
285,265,95,168,413,8.09,-117,4,223,0
285,265,95,168,437,8.09,-117,3,223,0
285,265,95,168,461,8.09,-117,3,223,0
285,265,95,168,485,8.09,-117,4,223,0
285,265,95,168,509,8.09,-117,4,223,0
285,265,95,168,533,8.09,-117,4,223,0
285,265,95,168,557,8.09,-117,4,223,0
285,265,95,168,581,8.09,-117,4,223,0
285,265,95,168,605,8.09,-117,4,223,0
285,265,95,168,629,8.09,-117,4,223,0
285,265,95,33,491,8.43,-252,4,223,0
285,265,95,33,515,8.43,-252,4,223,0
285,265,95,33,539,8.43,-252,4,223,0
285,265,95,33,563,8.43,-252,4,223,0
285,265,95,305,301,9.43,20,4,223,0
285,265,95,305,328,9.43,20,4,223,0
285,265,95,305,355,9.43,20,5,223,0
285,265,95,305,382,9.43,20,4,223,0
285,265,95,305,409,9.43,20,4,224,0
280,260,100,305,436,9.43,25,4,224,-1
265,245,115,305,463,9.43,40,4,224,-1
250,230,130,305,490,9.43,55,4,224,-1
235,215,145,305,517,9.43,70,4,224,-1
230,210,150,305,544,9.43,75,5,224,0
230,210,150,305,571,9.43,75,4,224,0
230,210,150,305,598,9.43,75,4,224,0
230,210,150,305,625,9.43,75,4,224,0
230,210,150,305,652,9.43,75,4,224,0
230,210,150,86,499,9.26,-144,3,224,0
230,210,150,86,526,9.26,-144,3,224,0
230,210,150,86,553,9.26,-144,4,224,0
230,210,150,86,580,9.26,-144,4,224,0
230,210,150,86,607,9.26,-144,4,224,0
230,210,150,146,455,9.04,-84,4,224,0
230,210,150,146,482,9.04,-84,3,224,0
230,210,150,146,509,9.04,-84,3,224,0
230,210,150,146,536,9.04,-84,4,224,0
240,220,140,146,563,9.04,-94,4,224,1
255,235,125,251,412,9.03,-4,4,225,1
270,250,110,251,439,9.03,-19,4,225,1
285,265,95,251,466,9.03,-34,4,225,1
300,280,80,251,493,9.03,-49,3,225,1
305,285,75,251,520,9.03,-54,3,225,0
305,285,75,251,547,9.03,-54,4,225,0
305,285,75,251,574,9.03,-54,4,225,0
305,285,75,251,601,9.03,-54,4,225,0
305,285,75,251,628,9.03,-54,4,225,0
305,285,75,141,475,9.37,-164,3,225,0
305,285,75,141,502,9.37,-164,3,225,0
305,285,75,141,529,9.37,-164,3,225,0
305,285,75,141,556,9.37,-164,4,225,0
305,285,75,141,583,9.37,-164,4,225,0
305,285,75,141,610,9.37,-164,4,225,0
305,285,75,141,637,9.37,-164,4,225,0
305,285,75,149,480,8.66,-156,3,225,0
305,285,75,149,507,8.66,-156,3,225,0
305,285,75,149,534,8.66,-156,4,225,0
305,285,75,149,561,8.66,-156,4,225,0
305,285,75,149,588,8.66,-156,4,226,0
305,285,75,336,392,8.22,31,4,226,0
305,285,75,336,416,8.22,31,4,226,0
290,270,90,336,440,8.22,46,3,226,-1
275,255,105,336,464,8.22,61,3,226,-1
260,240,120,336,488,8.22,76,4,226,-1
245,225,135,336,512,8.22,91,4,226,-1
240,220,140,336,536,8.22,96,4,226,0
240,220,140,336,560,8.22,96,4,226,0
240,220,140,336,584,8.22,96,4,226,0
240,220,140,113,560,9.54,-127,4,226,0
240,220,140,113,590,9.54,-127,4,226,0
240,220,140,113,620,9.54,-127,4,226,0
240,220,140,44,405,8.87,-196,3,226,0
240,220,140,44,432,8.87,-196,3,226,0
240,220,140,44,459,8.87,-196,3,226,0
240,220,140,44,486,8.87,-196,3,226,0
240,220,140,44,513,8.87,-196,3,226,0
240,220,140,44,540,8.87,-196,4,226,0
240,220,140,44,567,8.87,-196,4,226,0
240,220,140,44,594,8.87,-196,4,227,0
240,220,140,144,389,8.26,-96,4,227,0
240,220,140,144,413,8.26,-96,4,227,0
240,220,140,144,437,8.26,-96,3,227,0
240,220,140,144,461,8.26,-96,3,227,0
240,220,140,144,485,8.26,-96,4,227,0
240,220,140,144,509,8.26,-96,4,227,0
240,220,140,144,533,8.26,-96,4,227,0
240,220,140,144,557,8.26,-96,4,227,0
240,220,140,144,581,8.26,-96,4,227,0
240,220,140,306,498,8.92,66,4,227,0
240,220,140,306,525,8.92,66,4,227,0
240,220,140,306,552,8.92,66,4,227,0
230,210,150,306,579,8.92,76,4,227,-1
215,195,165,306,606,8.92,91,4,227,-1
210,190,170,306,633,8.92,96,4,227,0
210,190,170,142,427,8.28,-68,3,227,0
210,190,170,142,451,8.28,-68,3,227,0
210,190,170,142,475,8.28,-68,4,227,0
210,190,170,142,499,8.28,-68,4,227,0
210,190,170,142,523,8.28,-68,4,228,0
210,190,170,142,547,8.28,-68,4,228,0
210,190,170,142,571,8.28,-68,4,228,0
210,190,170,142,595,8.28,-68,4,228,0
210,190,170,142,619,8.28,-68,4,228,0
210,190,170,105,543,9.4,-105,5,228,0
210,190,170,105,570,9.4,-105,4,228,0
210,190,170,105,597,9.4,-105,4,228,0
210,190,170,105,624,9.4,-105,4,228,0
210,190,170,105,651,9.4,-105,4,228,0
210,190,170,260,323,9.26,50,3,228,0
210,190,170,260,350,9.26,50,3,228,0
210,190,170,260,377,9.26,50,4,228,0
210,190,170,260,404,9.26,50,4,228,0
210,190,170,260,431,9.26,50,4,228,0
210,190,170,260,458,9.26,50,4,228,0
210,190,170,260,485,9.26,50,4,228,0
195,175,185,260,512,9.26,65,4,228,-1
180,160,200,260,539,9.26,80,5,228,-1
170,150,210,260,566,9.26,90,4,228,0
170,150,210,260,593,9.26,90,4,229,0
170,150,210,98,486,9.54,-72,4,229,0
170,150,210,98,516,9.54,-72,4,229,0
170,150,210,98,546,9.54,-72,3,229,0
170,150,210,98,576,9.54,-72,3,229,0
170,150,210,98,606,9.54,-72,4,229,0
170,150,210,98,636,9.54,-72,4,229,0
170,150,210,230,418,8.83,60,3,229,0
170,150,210,230,445,8.83,60,3,229,0
155,135,225,230,472,8.83,75,3,229,-1
140,120,240,230,499,8.83,90,3,229,-1
125,105,255,230,526,8.83,105,3,229,-1
110,90,270,230,553,8.83,120,4,229,-1
110,90,270,230,580,8.83,120,4,229,0
110,90,270,170,482,9.56,60,4,229,0
110,90,270,170,512,9.56,60,4,229,0
100,80,280,170,542,9.56,70,3,229,-1
85,65,295,170,572,9.56,85,3,229,-1
70,50,310,170,602,9.56,100,4,229,-1
70,50,310,170,632,9.56,100,4,229,0
70,50,310,265,409,9.08,195,3,230,0
70,50,310,265,436,9.08,195,3,230,0
70,50,310,265,463,9.08,195,3,230,0
70,50,310,265,490,9.08,195,3,230,0
70,50,310,265,517,9.08,195,3,230,0
70,50,310,265,544,9.08,195,4,230,0
70,50,310,265,571,9.08,195,4,230,0
70,50,310,265,598,9.08,195,4,230,0
70,50,310,199,445,9.49,129,4,230,0
70,50,310,199,472,9.49,129,4,230,0
70,50,310,199,499,9.49,129,3,230,0
70,50,310,199,526,9.49,129,3,230,0
70,50,310,199,553,9.49,129,4,230,0
70,50,310,199,580,9.49,129,4,230,0
70,50,310,199,607,9.49,129,4,230,0
70,50,310,199,634,9.49,129,4,230,0
70,50,310,300,483,8.79,230,3,230,0
70,50,310,300,510,8.79,230,3,230,0
70,50,310,300,537,8.79,230,4,230,0
70,50,310,300,564,8.79,230,4,230,0
70,50,310,300,591,8.79,230,4,231,0
70,50,310,300,618,8.79,230,4,231,0
70,50,310,300,645,8.79,230,4,231,0
70,50,310,342,490,8.67,272,3,231,0
70,50,310,342,517,8.67,272,3,231,0
70,50,310,342,544,8.67,272,4,231,0
70,50,310,342,571,8.67,272,4,231,0
70,50,310,342,598,8.67,272,4,231,0
70,50,310,342,625,8.67,272,4,231,0
70,50,310,342,652,8.67,272,4,231,0
70,50,310,321,446,8.37,251,3,231,0
70,50,310,321,470,8.37,251,3,231,0
70,50,310,321,494,8.37,251,4,231,0
70,50,310,321,518,8.37,251,4,231,0
70,50,310,321,542,8.37,251,4,231,0
70,50,310,226,460,8.72,156,4,231,0
70,50,310,226,487,8.72,156,4,231,0
70,50,310,226,514,8.72,156,4,231,0
70,50,310,226,541,8.72,156,5,231,0
70,50,310,226,568,8.72,156,4,231,0
70,50,310,226,595,8.72,156,4,232,0
70,50,310,226,622,8.72,156,4,232,0
70,50,310,117,288,9.42,47,3,232,0
70,50,310,117,315,9.42,47,3,232,0
70,50,310,117,342,9.42,47,3,232,0
70,50,310,117,369,9.42,47,4,232,0
70,50,310,117,396,9.42,47,4,232,0
70,50,310,117,423,9.42,47,3,232,0
60,40,320,117,450,9.42,57,3,232,-1
45,25,335,117,477,9.42,72,3,232,-1
30,10,350,117,504,9.42,87,3,232,-1
25,5,355,117,531,9.42,92,3,232,0
25,5,355,117,558,9.42,92,4,232,0
25,5,355,117,585,9.42,92,4,232,0
25,5,355,117,612,9.42,92,4,232,0
25,5,355,108,457,9.32,83,4,232,0
25,5,355,108,484,9.32,83,3,232,0
25,5,355,108,511,9.32,83,3,232,0
25,5,355,108,538,9.32,83,4,232,0
25,5,355,108,565,9.32,83,4,232,0
25,5,355,108,592,9.32,83,4,233,0
25,5,355,108,619,9.32,83,4,233,0
25,5,355,108,646,9.32,83,4,233,0
25,5,355,272,489,9.32,247,3,233,0
25,5,355,272,516,9.32,247,3,233,0
25,5,355,272,543,9.32,247,4,233,0
25,5,355,272,570,9.32,247,4,233,0
25,5,355,272,597,9.32,247,4,233,0
25,5,355,272,624,9.32,247,4,233,0
25,5,355,272,651,9.32,247,4,233,0
25,5,355,269,441,8.36,244,3,233,0
25,5,355,269,465,8.36,244,3,233,0
25,5,355,269,489,8.36,244,4,233,0
25,5,355,269,513,8.36,244,4,233,0
25,5,355,269,537,8.36,244,4,233,0
25,5,355,269,561,8.36,244,4,233,0
25,5,355,218,483,8.61,193,4,233,0
25,5,355,218,510,8.61,193,4,233,0
25,5,355,218,537,8.61,193,5,233,0
25,5,355,218,564,8.61,193,4,233,0
25,5,355,218,591,8.61,193,4,234,0
25,5,355,149,437,9.45,124,4,234,0
25,5,355,149,464,9.45,124,4,234,0
25,5,355,149,491,9.45,124,3,234,0
25,5,355,149,518,9.45,124,3,234,0
25,5,355,149,545,9.45,124,4,234,0
25,5,355,149,572,9.45,124,4,234,0
25,5,355,149,599,9.45,124,4,234,0
25,5,355,122,501,9.75,97,4,234,0
25,5,355,122,531,9.75,97,3,234,0
30,10,350,122,561,9.75,92,3,234,1
45,25,335,122,591,9.75,77,3,234,1
60,40,320,122,621,9.75,62,4,234,1
75,55,305,66,406,9.25,-9,3,234,1
90,70,290,66,433,9.25,-24,3,234,1
105,85,275,66,460,9.25,-39,3,234,1
120,100,260,66,487,9.25,-54,3,234,1
135,115,245,66,514,9.25,-69,3,234,1
140,120,240,66,541,9.25,-74,4,234,0
140,120,240,66,568,9.25,-74,4,234,0
140,120,240,66,595,9.25,-74,4,235,0
140,120,240,66,622,9.25,-74,4,235,0
140,120,240,369,467,8.51,229,3,235,0
140,120,240,369,494,8.51,229,3,235,0
140,120,240,369,521,8.51,229,3,235,0
140,120,240,369,548,8.51,229,4,235,0
140,120,240,369,575,8.51,229,4,235,0
140,120,240,369,602,8.51,229,4,235,0
140,120,240,369,629,8.51,229,4,235,0
140,120,240,377,471,9.04,237,3,235,0
140,120,240,377,498,9.04,237,3,235,0
140,120,240,377,525,9.04,237,3,235,0
140,120,240,377,552,9.04,237,4,235,0
140,120,240,30,401,9.11,-110,4,235,0
140,120,240,30,428,9.11,-110,4,235,0
140,120,240,30,455,9.11,-110,4,235,0
140,120,240,30,482,9.11,-110,3,235,0
140,120,240,30,509,9.11,-110,3,235,0
140,120,240,30,536,9.11,-110,4,235,0
140,120,240,30,563,9.11,-110,4,235,0
140,120,240,30,590,9.11,-110,4,236,0
140,120,240,30,617,9.11,-110,4,236,0
140,120,240,30,644,9.11,-110,4,236,0
140,120,240,332,489,8.92,192,3,236,0
140,120,240,332,516,8.92,192,3,236,0
140,120,240,332,543,8.92,192,4,236,0
140,120,240,332,570,8.92,192,4,236,0
140,120,240,233,422,9.48,93,4,236,0
140,120,240,233,449,9.48,93,4,236,0
140,120,240,233,476,9.48,93,4,236,0
140,120,240,233,503,9.48,93,3,236,0
140,120,240,233,530,9.48,93,3,236,0
140,120,240,233,557,9.48,93,4,236,0
140,120,240,233,584,9.48,93,4,236,0
140,120,240,233,611,9.48,93,4,236,0
140,120,240,233,638,9.48,93,4,236,0
140,120,240,306,486,9.37,166,3,236,0
140,120,240,306,513,9.37,166,3,236,0
140,120,240,306,540,9.37,166,4,236,0
140,120,240,185,427,9.89,45,4,236,0
140,120,240,185,457,9.89,45,4,237,0
140,120,240,185,487,9.89,45,4,237,0
125,105,255,185,517,9.89,60,4,237,-1
110,90,270,185,547,9.89,75,3,237,-1
100,80,280,185,577,9.89,85,3,237,0
100,80,280,185,607,9.89,85,4,237,0
100,80,280,185,637,9.89,85,4,237,0
100,80,280,100,240,9.26,0,3,237,0
100,80,280,100,267,9.26,0,3,237,0
100,80,280,100,294,9.26,0,3,237,0
100,80,280,100,321,9.26,0,3,237,0
100,80,280,100,348,9.26,0,3,237,0
100,80,280,100,375,9.26,0,4,237,0
115,95,265,100,402,9.26,-15,4,237,1
130,110,250,100,429,9.26,-30,3,237,1
145,125,235,100,456,9.26,-45,3,237,1
160,140,220,100,483,9.26,-60,3,237,1
170,150,210,100,510,9.26,-70,3,237,0
170,150,210,100,537,9.26,-70,4,237,0
170,150,210,100,564,9.26,-70,4,237,0
170,150,210,100,591,9.26,-70,4,238,0
170,150,210,100,618,9.26,-70,4,238,0
170,150,210,100,645,9.26,-70,4,238,0
170,150,210,41,493,8.77,-129,3,238,0
170,150,210,41,520,8.77,-129,3,238,0
170,150,210,41,547,8.77,-129,4,238,0
170,150,210,41,574,8.77,-129,4,238,0
170,150,210,41,601,8.77,-129,4,238,0
170,150,210,60,501,9.77,-110,4,238,0
170,150,210,60,531,9.77,-110,3,238,0
170,150,210,60,561,9.77,-110,3,238,0
170,150,210,60,591,9.77,-110,3,238,0
170,150,210,134,419,9.8,-36,4,238,0
170,150,210,134,449,9.8,-36,3,238,0
175,155,205,134,479,9.8,-41,3,238,1
190,170,190,134,509,9.8,-56,3,238,1
205,185,175,134,539,9.8,-71,3,238,1
215,195,165,134,569,9.8,-81,3,238,0
215,195,165,134,599,9.8,-81,4,238,0
200,180,180,134,629,9.8,-66,4,238,-1
185,165,195,229,414,9.36,44,3,239,-1
170,150,210,229,441,9.36,59,3,239,-1
155,135,225,229,468,9.36,74,3,239,-1
140,120,240,229,495,9.36,89,3,239,-1
125,105,255,229,522,9.36,104,3,239,-1
125,105,255,229,549,9.36,104,4,239,0
125,105,255,229,576,9.36,104,4,239,0
125,105,255,229,603,9.36,104,4,239,0
125,105,255,229,630,9.36,104,4,239,0
125,105,255,379,530,9.51,254,3,239,0
125,105,255,379,560,9.51,254,3,239,0
125,105,255,379,590,9.51,254,3,239,0
125,105,255,305,421,9.72,180,4,239,0
125,105,255,305,451,9.72,180,3,239,0
125,105,255,305,481,9.72,180,3,239,0
125,105,255,305,511,9.72,180,3,239,0
125,105,255,305,541,9.72,180,3,239,0
125,105,255,305,571,9.72,180,3,239,0
125,105,255,305,601,9.72,180,4,239,0
125,105,255,215,425,9.88,90,4,239,0
125,105,255,215,455,9.88,90,3,240,0
125,105,255,215,485,9.88,90,3,240,0
125,105,255,215,515,9.88,90,3,240,0
125,105,255,215,545,9.88,90,3,240,0
125,105,255,215,575,9.88,90,3,240,0
125,105,255,215,605,9.88,90,4,240,0
125,105,255,215,635,9.88,90,4,240,0
125,105,255,62,418,9.1,-63,3,240,0
125,105,255,62,445,9.1,-63,3,240,0
125,105,255,62,472,9.1,-63,3,240,0
125,105,255,62,499,9.1,-63,3,240,0
125,105,255,62,526,9.1,-63,3,240,0
125,105,255,62,553,9.1,-63,4,240,0
130,110,250,62,580,9.1,-68,4,240,1
145,125,235,139,428,9.46,-6,4,240,1
160,140,220,139,455,9.46,-21,4,240,1
175,155,205,139,482,9.46,-36,3,240,1
190,170,190,139,509,9.46,-51,3,240,1
200,180,180,139,536,9.46,-61,4,240,0
200,180,180,139,563,9.46,-61,4,240,0
200,180,180,139,590,9.46,-61,4,241,0
200,180,180,139,617,9.46,-61,4,241,0
200,180,180,131,465,8.92,-69,4,241,0
200,180,180,131,492,8.92,-69,3,241,0
200,180,180,131,519,8.92,-69,3,241,0
200,180,180,131,546,8.92,-69,4,241,0
190,170,190,131,573,8.92,-59,4,241,-1
175,155,205,131,600,8.92,-44,4,241,-1
160,140,220,201,497,9.96,41,4,241,-1
145,125,235,201,527,9.96,56,3,241,-1
130,110,250,201,557,9.96,71,3,241,-1
125,105,255,201,587,9.96,76,3,241,0
125,105,255,201,617,9.96,76,4,241,0
130,110,250,201,647,9.96,71,4,241,1
145,125,235,55,478,9.68,-90,3,241,1
160,140,220,55,508,9.68,-105,3,241,1
175,155,205,55,538,9.68,-120,3,241,1
190,170,190,55,568,9.68,-135,3,241,1
205,185,175,55,598,9.68,-150,4,241,1
210,190,170,163,381,8.81,-47,4,241,0
210,190,170,163,408,8.81,-47,3,242,0
210,190,170,163,435,8.81,-47,3,242,0
210,190,170,163,462,8.81,-47,3,242,0
225,205,155,163,489,8.81,-62,3,242,1
240,220,140,163,516,8.81,-77,3,242,1
255,235,125,163,543,8.81,-92,4,242,1
255,235,125,163,570,8.81,-92,4,242,0
255,235,125,303,471,9.82,48,4,242,0
255,235,125,303,501,9.82,48,4,242,0
255,235,125,303,531,9.82,48,4,242,0
240,220,140,303,561,9.82,63,3,242,-1
225,205,155,303,591,9.82,78,3,242,-1
210,190,170,303,621,9.82,93,4,242,-1
205,185,175,189,401,9.04,-16,3,242,0
210,190,170,189,428,9.04,-21,3,242,1
225,205,155,189,455,9.04,-36,3,242,1
240,220,140,189,482,9.04,-51,3,242,1
255,235,125,189,509,9.04,-66,3,242,1
260,240,120,189,536,9.04,-71,4,242,0
260,240,120,189,563,9.04,-71,4,242,0
260,240,120,189,590,9.04,-71,4,243,0
260,240,120,189,617,9.04,-71,4,243,0
260,240,120,175,516,9.77,-85,4,243,0
260,240,120,175,546,9.77,-85,3,243,0
260,240,120,175,576,9.77,-85,3,243,0
260,240,120,175,606,9.77,-85,4,243,0
260,240,120,175,636,9.77,-85,4,243,0
260,240,120,150,465,9.54,-110,3,243,0
260,240,120,150,495,9.54,-110,3,243,0
260,240,120,150,525,9.54,-110,3,243,0
260,240,120,150,555,9.54,-110,3,243,0
260,240,120,150,585,9.54,-110,3,243,0
260,240,120,150,615,9.54,-110,4,243,0
260,240,120,232,402,9.22,-28,4,243,0
260,240,120,232,429,9.22,-28,3,243,0
265,245,115,232,456,9.22,-33,3,243,1
280,260,100,232,483,9.22,-48,3,243,1
295,275,85,232,510,9.22,-63,3,243,1
305,285,75,232,537,9.22,-73,4,243,0
305,285,75,232,564,9.22,-73,4,243,0
305,285,75,232,591,9.22,-73,4,244,0
305,285,75,232,618,9.22,-73,4,244,0
305,285,75,246,465,9.25,-59,4,244,0
305,285,75,246,492,9.25,-59,3,244,0
305,285,75,246,519,9.25,-59,3,244,0
305,285,75,246,546,9.25,-59,4,244,0
305,285,75,246,573,9.25,-59,4,244,0
305,285,75,246,600,9.25,-59,4,244,0
305,285,75,246,627,9.25,-59,4,244,0
305,285,75,204,474,8.86,-101,3,244,0
305,285,75,204,501,8.86,-101,3,244,0
305,285,75,204,528,8.86,-101,3,244,0
305,285,75,204,555,8.86,-101,4,244,0
305,285,75,204,582,8.86,-101,4,244,0
305,285,75,204,609,8.86,-101,4,244,0
305,285,75,204,636,8.86,-101,4,244,0
305,285,75,36,541,9.69,-269,3,244,0
305,285,75,249,330,8.75,-56,3,244,0
305,285,75,249,357,8.75,-56,4,244,0
305,285,75,249,384,8.75,-56,4,244,0
305,285,75,249,411,8.75,-56,3,245,0
305,285,75,249,438,8.75,-56,3,245,0
305,285,75,249,465,8.75,-56,3,245,0
305,285,75,249,492,8.75,-56,3,245,0
305,285,75,249,519,8.75,-56,3,245,0
305,285,75,249,546,8.75,-56,4,245,0
305,285,75,249,573,8.75,-56,4,245,0
305,285,75,249,600,8.75,-56,4,245,0
305,285,75,249,627,8.75,-56,4,245,0
305,285,75,359,472,8.74,54,3,245,0
305,285,75,359,499,8.74,54,3,245,0
305,285,75,359,526,8.74,54,3,245,0
305,285,75,359,553,8.74,54,4,245,0
305,285,75,359,580,8.74,54,4,245,0
305,285,75,359,607,8.74,54,4,245,0
305,285,75,359,634,8.74,54,4,245,0
305,285,75,22,483,9.0,-283,3,245,0
305,285,75,22,510,9.0,-283,3,245,0
305,285,75,22,537,9.0,-283,4,245,0
305,285,75,22,564,9.0,-283,4,245,0
305,285,75,174,408,8.89,-131,4,246,0
305,285,75,174,435,8.89,-131,4,246,0
305,285,75,174,462,8.89,-131,4,246,0
305,285,75,174,489,8.89,-131,3,246,0
305,285,75,174,516,8.89,-131,3,246,0
305,285,75,174,543,8.89,-131,4,246,0
305,285,75,174,570,8.89,-131,4,246,0
305,285,75,174,597,8.89,-131,4,246,0
305,285,75,211,444,8.71,-94,4,246,0
305,285,75,211,471,8.71,-94,4,246,0
305,285,75,211,498,8.71,-94,3,246,0
305,285,75,211,525,8.71,-94,3,246,0
305,285,75,211,552,8.71,-94,4,246,0
290,270,90,211,579,8.71,-79,4,246,-1
275,255,105,309,477,10.04,34,4,246,-1
260,240,120,309,507,10.04,49,4,246,-1
250,230,130,309,537,10.04,59,3,246,0
250,230,130,309,567,10.04,59,3,246,0
250,230,130,309,597,10.04,59,4,246,0
250,230,130,309,627,10.04,59,4,246,0
250,230,130,91,413,9.19,-159,3,247,0
250,230,130,91,440,9.19,-159,3,247,0
250,230,130,91,467,9.19,-159,3,247,0
250,230,130,91,494,9.19,-159,3,247,0
250,230,130,91,521,9.19,-159,3,247,0
250,230,130,91,548,9.19,-159,4,247,0
250,230,130,91,575,9.19,-159,4,247,0
250,230,130,91,602,9.19,-159,4,247,0
250,230,130,163,451,9.39,-87,4,247,0
250,230,130,163,478,9.39,-87,3,247,0
250,230,130,163,505,9.39,-87,3,247,0
250,230,130,163,532,9.39,-87,3,247,0
250,230,130,163,559,9.39,-87,4,247,0
250,230,130,163,586,9.39,-87,4,247,0
250,230,130,163,613,9.39,-87,4,247,0
250,230,130,163,640,9.39,-87,4,247,0
250,230,130,109,484,8.73,-141,3,247,0
250,230,130,109,511,8.73,-141,3,247,0
250,230,130,109,538,8.73,-141,4,247,0
250,230,130,109,565,8.73,-141,4,247,0
250,230,130,109,592,8.73,-141,4,248,0
250,230,130,338,440,9.5,88,4,248,0
250,230,130,338,467,9.5,88,4,248,0
250,230,130,338,494,9.5,88,3,248,0
250,230,130,338,521,9.5,88,3,248,0
250,230,130,338,548,9.5,88,4,248,0
250,230,130,338,575,9.5,88,4,248,0
250,230,130,338,602,9.5,88,4,248,0
250,230,130,296,449,9.36,46,4,248,0
235,215,145,296,476,9.36,61,3,248,-1
220,200,160,296,503,9.36,76,3,248,-1
205,185,175,296,530,9.36,91,3,248,-1
205,185,175,296,557,9.36,91,4,248,0
205,185,175,296,584,9.36,91,4,248,0
205,185,175,296,611,9.36,91,4,248,0
205,185,175,166,454,9.08,-39,4,248,0
205,185,175,166,481,9.08,-39,3,248,0
210,190,170,166,508,9.08,-44,3,248,1
225,205,155,166,535,9.08,-59,4,248,1
240,220,140,166,562,9.08,-74,4,248,1
245,225,135,166,589,9.08,-79,4,249,0
245,225,135,325,489,9.95,80,4,249,0
245,225,135,325,519,9.95,80,4,249,0
245,225,135,325,549,9.95,80,3,249,0
245,225,135,325,579,9.95,80,3,249,0
245,225,135,325,609,9.95,80,4,249,0
230,210,150,325,639,9.95,95,4,249,-1
215,195,165,344,417,8.8,129,3,249,-1
200,180,180,344,444,8.8,144,3,249,-1
195,175,185,344,471,8.8,149,3,249,0
195,175,185,344,498,8.8,149,3,249,0
195,175,185,344,525,8.8,149,3,249,0
195,175,185,344,552,8.8,149,4,249,0
195,175,185,344,579,8.8,149,4,249,0
195,175,185,344,606,8.8,149,4,249,0
195,175,185,43,505,9.94,-152,4,249,0
195,175,185,43,535,9.94,-152,3,249,0
195,175,185,43,565,9.94,-152,3,249,0
195,175,185,43,595,9.94,-152,4,249,0
195,175,185,164,384,9.46,-31,4,249,0
195,175,185,164,411,9.46,-31,3,250,0
210,190,170,164,438,9.46,-46,3,250,1
225,205,155,164,465,9.46,-61,3,250,1
240,220,140,164,492,9.46,-76,3,250,1
245,225,135,164,519,9.46,-81,3,250,0
245,225,135,164,546,9.46,-81,4,250,0
245,225,135,164,573,9.46,-81,4,250,0
245,225,135,164,600,9.46,-81,4,250,0
245,225,135,164,627,9.46,-81,4,250,0
245,225,135,173,475,9.37,-72,3,250,0
245,225,135,173,502,9.37,-72,3,250,0
245,225,135,173,529,9.37,-72,3,250,0
245,225,135,173,556,9.37,-72,4,250,0
245,225,135,173,583,9.37,-72,4,250,0
245,225,135,173,610,9.37,-72,4,250,0
245,225,135,173,637,9.37,-72,4,250,0
245,225,135,321,481,9.39,76,3,250,0
235,215,145,321,508,9.39,86,3,250,-1
220,200,160,321,535,9.39,101,4,250,-1
205,185,175,321,562,9.39,116,4,250,-1
205,185,175,321,589,9.39,116,4,251,0
205,185,175,132,489,10.0,-73,4,251,0
205,185,175,132,519,10.0,-73,4,251,0
205,185,175,132,549,10.0,-73,3,251,0
210,190,170,132,579,10.0,-78,3,251,1
225,205,155,132,609,10.0,-93,4,251,1
240,220,140,272,435,10.01,32,4,251,1
250,230,130,272,465,10.01,22,3,251,0
245,225,135,272,495,10.01,27,3,251,-1
230,210,150,272,525,10.01,42,3,251,-1
215,195,165,272,555,10.01,57,3,251,-1
200,180,180,272,585,10.01,72,3,251,-1
200,180,180,272,615,10.01,72,4,251,0
200,180,180,272,645,10.01,72,4,251,0
200,180,180,88,477,9.86,-112,3,251,0
200,180,180,88,507,9.86,-112,3,251,0
200,180,180,88,537,9.86,-112,3,251,0
200,180,180,88,567,9.86,-112,3,251,0
200,180,180,88,597,9.86,-112,4,251,0
200,180,180,225,387,9.47,25,4,251,0
200,180,180,225,414,9.47,25,3,252,0
190,170,190,225,441,9.47,35,3,252,-1
175,155,205,225,468,9.47,50,3,252,-1
160,140,220,225,495,9.47,65,3,252,-1
150,130,230,225,522,9.47,75,3,252,0
150,130,230,225,549,9.47,75,4,252,0
150,130,230,225,576,9.47,75,4,252,0
150,130,230,225,603,9.47,75,4,252,0
150,130,230,225,630,9.47,75,4,252,0
150,130,230,260,525,9.57,110,3,252,0
150,130,230,260,555,9.57,110,3,252,0
150,130,230,260,585,9.57,110,3,252,0
155,135,225,260,615,9.57,105,4,252,1
170,150,210,163,400,9.23,-7,4,252,1
185,165,195,163,427,9.23,-22,3,252,1
200,180,180,163,454,9.23,-37,3,252,1
215,195,165,163,481,9.23,-52,3,252,1
225,205,155,163,508,9.23,-62,3,252,0
225,205,155,163,535,9.23,-62,4,252,0
225,205,155,163,562,9.23,-62,4,252,0
225,205,155,163,589,9.23,-62,4,253,0
225,205,155,163,616,9.23,-62,4,253,0
225,205,155,320,515,9.54,95,4,253,0
225,205,155,320,545,9.54,95,3,253,0
225,205,155,320,575,9.54,95,3,253,0
225,205,155,320,605,9.54,95,4,253,0
240,220,140,320,635,9.54,80,4,253,1
255,235,125,184,465,10.09,-71,3,253,1
270,250,110,184,495,10.09,-86,3,253,1
270,250,110,184,525,10.09,-86,3,253,0
270,250,110,184,555,10.09,-86,3,253,0
270,250,110,184,585,10.09,-86,3,253,0
265,245,115,184,615,10.09,-81,4,253,-1
250,230,130,245,445,9.56,-5,4,253,-1
235,215,145,245,475,9.56,10,3,253,-1
220,200,160,245,505,9.56,25,3,253,-1
205,185,175,245,535,9.56,40,3,253,-1
190,170,190,245,565,9.56,55,3,253,-1
175,155,205,245,595,9.56,70,4,253,-1
175,155,205,245,625,9.56,70,4,253,0
180,160,200,142,455,9.62,-38,3,254,1
195,175,185,142,485,9.62,-53,3,254,1
210,190,170,142,515,9.62,-68,3,254,1
225,205,155,142,545,9.62,-83,3,254,1
240,220,140,142,575,9.62,-98,3,254,1
245,225,135,142,605,9.62,-103,4,254,0
245,225,135,142,635,9.62,-103,4,254,0
245,225,135,361,422,8.84,116,3,254,0
245,225,135,361,449,8.84,116,3,254,0
245,225,135,361,476,8.84,116,3,254,0
245,225,135,361,503,8.84,116,3,254,0
245,225,135,361,530,8.84,116,3,254,0
245,225,135,361,557,8.84,116,4,254,0
245,225,135,361,584,8.84,116,4,254,0
245,225,135,361,611,8.84,116,4,254,0
245,225,135,341,454,9.08,96,4,254,0
245,225,135,341,481,9.08,96,3,254,0
245,225,135,341,508,9.08,96,3,254,0
245,225,135,341,535,9.08,96,4,254,0
245,225,135,341,562,9.08,96,4,254,0
245,225,135,341,589,9.08,96,4,255,0
245,225,135,341,616,9.08,96,4,255,0
245,225,135,145,515,9.98,-100,4,255,0
245,225,135,145,545,9.98,-100,3,255,0
245,225,135,145,575,9.98,-100,3,255,0
240,220,140,145,605,9.98,-95,4,255,-1
225,205,155,145,635,9.98,-80,4,255,-1
210,190,170,288,466,9.82,78,3,255,-1
195,175,185,288,496,9.82,93,3,255,-1
185,165,195,288,526,9.82,103,3,255,0
185,165,195,288,556,9.82,103,3,255,0
185,165,195,288,586,9.82,103,3,255,0
185,165,195,288,616,9.82,103,4,255,0
185,165,195,288,646,9.82,103,4,255,0
185,165,195,356,475,10.27,171,3,255,0
185,165,195,356,505,10.27,171,3,255,0
185,165,195,356,535,10.27,171,3,255,0
185,165,195,356,565,10.27,171,3,255,0
185,165,195,165,359,9.22,-20,4,255,0
185,165,195,165,386,9.22,-20,4,255,0
185,165,195,165,413,9.22,-20,3,256,0
185,165,195,165,440,9.22,-20,3,256,0
200,180,180,165,467,9.22,-35,3,256,1
215,195,165,165,494,9.22,-50,3,256,1
230,210,150,165,521,9.22,-65,3,256,1
240,220,140,165,548,9.22,-75,4,256,0
240,220,140,165,575,9.22,-75,4,256,0
240,220,140,165,602,9.22,-75,4,256,0
240,220,140,165,629,9.22,-75,4,256,0
240,220,140,116,525,9.69,-124,3,256,0
240,220,140,116,555,9.69,-124,3,256,0
240,220,140,116,585,9.69,-124,3,256,0
240,220,140,116,615,9.69,-124,4,256,0
240,220,140,172,449,9.79,-68,4,256,0
240,220,140,172,479,9.79,-68,3,256,0
240,220,140,172,509,9.79,-68,3,256,0
240,220,140,172,539,9.79,-68,3,256,0
250,230,130,172,569,9.79,-78,3,256,1
265,245,115,172,599,9.79,-93,4,256,1
270,250,110,172,629,9.79,-98,4,256,0
270,250,110,372,455,9.62,102,3,257,0
270,250,110,372,485,9.62,102,3,257,0
270,250,110,372,515,9.62,102,3,257,0
270,250,110,372,545,9.62,102,3,257,0
270,250,110,372,575,9.62,102,3,257,0
270,250,110,372,605,9.62,102,4,257,0
270,250,110,372,635,9.62,102,4,257,0
270,250,110,68,419,9.3,-202,3,257,0
270,250,110,68,446,9.3,-202,3,257,0
270,250,110,68,473,9.3,-202,3,257,0
270,250,110,68,500,9.3,-202,3,257,0
270,250,110,68,527,9.3,-202,3,257,0
270,250,110,68,554,9.3,-202,4,257,0
270,250,110,363,448,9.66,93,4,257,0
270,250,110,363,478,9.66,93,4,257,0
270,250,110,363,508,9.66,93,4,257,0
270,250,110,363,538,9.66,93,3,257,0
270,250,110,363,568,9.66,93,3,257,0
270,250,110,363,598,9.66,93,4,257,0
270,250,110,363,628,9.66,93,4,257,0
270,250,110,154,412,9.08,-116,3,258,0
270,250,110,154,439,9.08,-116,3,258,0
270,250,110,154,466,9.08,-116,3,258,0
270,250,110,154,493,9.08,-116,3,258,0
270,250,110,154,520,9.08,-116,3,258,0
260,240,120,154,547,9.08,-106,4,258,-1
245,225,135,154,574,9.08,-91,4,258,-1
230,210,150,252,469,10.41,22,4,258,-1
215,195,165,252,499,10.41,37,4,258,-1
200,180,180,252,529,10.41,52,3,258,-1
190,170,190,252,559,10.41,62,3,258,0
190,170,190,252,589,10.41,62,3,258,0
190,170,190,252,619,10.41,62,4,258,0
190,170,190,252,649,10.41,62,4,258,0
190,170,190,137,427,8.96,-53,3,258,0
190,170,190,137,454,8.96,-53,3,258,0
190,170,190,137,481,8.96,-53,3,258,0
190,170,190,137,508,8.96,-53,3,258,0
205,185,175,137,535,8.96,-68,4,258,1
220,200,160,137,562,8.96,-83,4,258,1
220,200,160,253,462,9.69,33,4,259,-1
205,185,175,253,492,9.69,48,4,259,-1
190,170,190,253,522,9.69,63,4,259,-1
175,155,205,253,552,9.69,78,3,259,-1
170,150,210,253,582,9.69,83,3,259,0
170,150,210,253,612,9.69,83,4,259,0
170,150,210,253,642,9.69,83,4,259,0
185,165,195,108,421,9.02,-77,3,259,1
200,180,180,108,448,9.02,-92,3,259,1
215,195,165,108,475,9.02,-107,3,259,1
230,210,150,108,502,9.02,-122,3,259,1
230,210,150,108,529,9.02,-122,3,259,0
230,210,150,108,556,9.02,-122,4,259,0
230,210,150,108,583,9.02,-122,4,259,0
230,210,150,221,430,9.05,-9,4,259,0
215,195,165,221,457,9.05,6,4,259,-1
200,180,180,221,484,9.05,21,3,259,-1
185,165,195,221,511,9.05,36,3,259,-1
170,150,210,221,538,9.05,51,4,259,-1
155,135,225,221,565,9.05,66,4,259,-1
155,135,225,221,592,9.05,66,4,260,0
155,135,225,221,619,9.05,66,4,260,0
155,135,225,253,517,10.01,98,4,260,0
155,135,225,253,547,10.01,98,3,260,0
155,135,225,253,577,10.01,98,3,260,0
155,135,225,253,607,10.01,98,4,260,0
155,135,225,253,637,10.01,98,4,260,0
155,135,225,238,467,9.51,83,3,260,0
155,135,225,238,497,9.51,83,3,260,0
155,135,225,238,527,9.51,83,3,260,0
155,135,225,238,557,9.51,83,3,260,0
155,135,225,238,587,9.51,83,3,260,0
155,135,225,238,617,9.51,83,4,260,0
155,135,225,238,647,9.51,83,4,260,0
155,135,225,273,476,9.81,118,3,260,0
155,135,225,273,506,9.81,118,3,260,0
155,135,225,273,536,9.81,118,3,260,0
155,135,225,273,566,9.81,118,3,260,0
155,135,225,273,596,9.81,118,4,260,0
155,135,225,273,626,9.81,118,4,260,0
155,135,225,240,461,9.6,85,3,261,0
155,135,225,240,491,9.6,85,3,261,0
155,135,225,240,521,9.6,85,3,261,0
150,130,230,240,551,9.6,90,3,261,-1
135,115,245,240,581,9.6,105,3,261,-1
120,100,260,240,611,9.6,120,4,261,-1
115,95,265,240,641,9.6,125,4,261,0
115,95,265,262,472,9.87,147,3,261,0
115,95,265,262,502,9.87,147,3,261,0
115,95,265,262,532,9.87,147,3,261,0
115,95,265,262,562,9.87,147,3,261,0
115,95,265,262,592,9.87,147,3,261,0
115,95,265,262,622,9.87,147,4,261,0
115,95,265,332,446,9.59,217,3,261,0
115,95,265,332,476,9.59,217,3,261,0
115,95,265,332,506,9.59,217,3,261,0
115,95,265,332,536,9.59,217,3,261,0
115,95,265,332,566,9.59,217,3,261,0
115,95,265,180,398,10.06,65,4,261,0
115,95,265,180,428,10.06,65,4,261,0
115,95,265,180,458,10.06,65,3,262,0
115,95,265,180,488,10.06,65,3,262,0
115,95,265,180,518,10.06,65,3,262,0
115,95,265,180,548,10.06,65,3,262,0
115,95,265,180,578,10.06,65,3,262,0
115,95,265,180,608,10.06,65,4,262,0
115,95,265,180,638,10.06,65,4,262,0
110,90,270,242,469,10.39,132,3,262,-1
95,75,285,242,499,10.39,147,3,262,-1
85,65,295,242,529,10.39,157,3,262,0
85,65,295,242,559,10.39,157,3,262,0
85,65,295,68,388,10.01,-17,3,262,0
85,65,295,68,418,10.01,-17,4,262,0
85,65,295,68,448,10.01,-17,4,262,0
100,80,280,68,478,10.01,-32,3,262,1
115,95,265,68,508,10.01,-47,3,262,1
130,110,250,68,538,10.01,-62,3,262,1
145,125,235,68,568,10.01,-77,3,262,1
150,130,230,68,598,10.01,-82,4,262,0
150,130,230,68,628,10.01,-82,4,262,0
150,130,230,47,410,9.44,-103,3,263,0
150,130,230,47,437,9.44,-103,3,263,0
150,130,230,47,464,9.44,-103,3,263,0
150,130,230,47,491,9.44,-103,3,263,0
150,130,230,47,518,9.44,-103,3,263,0
150,130,230,47,545,9.44,-103,4,263,0
150,130,230,47,572,9.44,-103,4,263,0
150,130,230,47,599,9.44,-103,4,263,0
150,130,230,47,626,9.44,-103,4,263,0
150,130,230,9,472,9.13,-141,3,263,0
150,130,230,9,499,9.13,-141,3,263,0
150,130,230,9,526,9.13,-141,3,263,0
150,130,230,9,553,9.13,-141,4,263,0
150,130,230,9,580,9.13,-141,4,263,0
150,130,230,9,607,9.13,-141,4,263,0
150,130,230,9,634,9.13,-141,4,263,0
150,130,230,325,482,9.27,175,3,263,0
150,130,230,325,509,9.27,175,3,263,0
150,130,230,325,536,9.27,175,4,263,0
150,130,230,200,427,10.0,50,4,263,0
150,130,230,200,457,10.0,50,4,264,0
135,115,245,200,487,10.0,65,4,264,-1
120,100,260,200,517,10.0,80,4,264,-1
105,85,275,200,547,10.0,95,3,264,-1
105,85,275,200,577,10.0,95,3,264,0
105,85,275,200,607,10.0,95,4,264,0
105,85,275,200,637,10.0,95,4,264,0
105,85,275,194,471,10.48,89,3,264,0
105,85,275,194,501,10.48,89,3,264,0
105,85,275,194,531,10.48,89,3,264,0
105,85,275,194,561,10.48,89,3,264,0
105,85,275,194,591,10.48,89,3,264,0
105,85,275,194,621,10.48,89,4,264,0
105,85,275,315,450,10.38,210,3,264,0
105,85,275,315,480,10.38,210,3,264,0
105,85,275,315,510,10.38,210,3,264,0
105,85,275,315,540,10.38,210,3,264,0
105,85,275,315,570,10.38,210,3,264,0
105,85,275,315,600,10.38,210,4,264,0
105,85,275,315,630,10.38,210,4,264,0
105,85,275,134,256,10.19,29,3,265,0
105,85,275,134,286,10.19,29,3,265,0
105,85,275,134,316,10.19,29,3,265,0
105,85,275,134,346,10.19,29,3,265,0
105,85,275,134,376,10.19,29,3,265,0
120,100,260,134,406,10.19,14,4,265,1
135,115,245,134,436,10.19,-1,4,265,1
150,130,230,134,466,10.19,-16,4,265,1
165,145,215,134,496,10.19,-31,4,265,1
180,160,200,134,526,10.19,-46,3,265,1
185,165,195,134,556,10.19,-51,3,265,0
185,165,195,134,586,10.19,-51,3,265,0
185,165,195,134,616,10.19,-51,4,265,0
185,165,195,134,646,10.19,-51,4,265,0
185,165,195,311,426,9.22,126,3,265,0
185,165,195,311,453,9.22,126,3,265,0
185,165,195,311,480,9.22,126,3,265,0
185,165,195,311,507,9.22,126,3,265,0
185,165,195,311,534,9.22,126,4,265,0
185,165,195,311,561,9.22,126,4,265,0
185,165,195,241,459,10.22,56,4,266,0
185,165,195,241,489,10.22,56,4,266,0
185,165,195,241,519,10.22,56,4,266,0
185,165,195,241,549,10.22,56,3,266,0
185,165,195,241,579,10.22,56,3,266,0
185,165,195,241,609,10.22,56,4,266,0
185,165,195,241,639,10.22,56,4,266,0
185,165,195,269,420,9.47,84,3,266,0
185,165,195,269,447,9.47,84,3,266,0
185,165,195,269,474,9.47,84,3,266,0
185,165,195,269,501,9.47,84,3,266,0
185,165,195,269,528,9.47,84,3,266,0
185,165,195,269,555,9.47,84,4,266,0
185,165,195,269,582,9.47,84,4,266,0
185,165,195,269,609,9.47,84,4,266,0
185,165,195,269,636,9.47,84,4,266,0
185,165,195,320,487,9.46,135,3,266,0
185,165,195,320,514,9.46,135,3,266,0
185,165,195,320,541,9.46,135,4,266,0
185,165,195,320,568,9.46,135,4,266,0
185,165,195,320,595,9.46,135,4,267,0
185,165,195,281,488,9.89,96,4,267,0
185,165,195,281,518,9.89,96,3,267,0
185,165,195,281,548,9.89,96,3,267,0
185,165,195,281,578,9.89,96,3,267,0
185,165,195,281,608,9.89,96,4,267,0
185,165,195,210,392,9.26,25,4,267,0
185,165,195,210,419,9.26,25,3,267,0
185,165,195,210,446,9.26,25,3,267,0
170,150,210,210,473,9.26,40,3,267,-1
155,135,225,210,500,9.26,55,3,267,-1
140,120,240,210,527,9.26,70,3,267,-1
140,120,240,210,554,9.26,70,4,267,0
145,125,235,210,581,9.26,65,4,267,1
160,140,220,128,475,10.14,-32,4,267,1
175,155,205,128,505,10.14,-47,4,267,1
190,170,190,128,535,10.14,-62,3,267,1
195,175,185,128,565,10.14,-67,3,267,0
195,175,185,128,595,10.14,-67,4,267,0
190,170,190,128,625,10.14,-62,4,267,-1
175,155,205,247,455,10.38,72,3,268,-1
160,140,220,247,485,10.38,87,3,268,-1
145,125,235,247,515,10.38,102,3,268,-1
135,115,245,247,545,10.38,112,3,268,0
145,125,235,247,575,10.38,102,3,268,1
160,140,220,247,605,10.38,87,4,268,1
175,155,205,113,485,10.56,-62,4,268,1
190,170,190,113,518,10.56,-77,3,268,1
200,180,180,113,551,10.56,-87,3,268,0
200,180,180,113,584,10.56,-87,3,268,0
200,180,180,113,617,10.56,-87,3,268,0
200,180,180,47,389,9.66,-153,2,268,0
200,180,180,47,419,9.66,-153,3,268,0
200,180,180,47,449,9.66,-153,3,268,0
200,180,180,47,479,9.66,-153,3,268,0
200,180,180,47,509,9.66,-153,3,268,0
200,180,180,47,539,9.66,-153,3,268,0
200,180,180,47,569,9.66,-153,3,268,0
200,180,180,47,599,9.66,-153,4,268,0
200,180,180,47,629,9.66,-153,4,268,0
200,180,180,122,412,9.42,-78,3,269,0
200,180,180,122,439,9.42,-78,3,269,0
200,180,180,122,466,9.42,-78,3,269,0
200,180,180,122,493,9.42,-78,3,269,0
200,180,180,122,520,9.42,-78,3,269,0
200,180,180,122,547,9.42,-78,4,269,0
200,180,180,122,574,9.42,-78,4,269,0
200,180,180,122,601,9.42,-78,4,269,0
200,180,180,332,552,10.68,132,4,269,0
200,180,180,332,585,10.68,132,3,269,0
200,180,180,332,618,10.68,132,3,269,0
200,180,180,226,391,9.71,26,2,269,0
200,180,180,226,421,9.71,26,3,269,0
190,170,190,226,451,9.71,36,3,269,-1
175,155,205,226,481,9.71,51,3,269,-1
160,140,220,226,511,9.71,66,3,269,-1
150,130,230,226,541,9.71,76,3,269,0
150,130,230,226,571,9.71,76,3,269,0
150,130,230,226,601,9.71,76,4,269,0
150,130,230,226,631,9.71,76,4,269,0
150,130,230,311,459,10.38,161,3,270,0
150,130,230,311,489,10.38,161,3,270,0
150,130,230,311,519,10.38,161,3,270,0
150,130,230,311,549,10.38,161,3,270,0
150,130,230,311,579,10.38,161,3,270,0
150,130,230,311,609,10.38,161,4,270,0
150,130,230,216,394,9.39,66,4,270,0
150,130,230,216,421,9.39,66,3,270,0
150,130,230,216,448,9.39,66,3,270,0
150,130,230,216,475,9.39,66,3,270,0
150,130,230,216,502,9.39,66,3,270,0
150,130,230,216,529,9.39,66,3,270,0
150,130,230,216,556,9.39,66,4,270,0
150,130,230,216,583,9.39,66,4,270,0
155,135,225,216,610,9.39,61,4,270,1
170,150,210,216,637,9.39,46,4,270,1
185,165,195,114,483,9.29,-71,3,270,1
200,180,180,114,510,9.29,-86,3,270,1
210,190,170,114,537,9.29,-96,4,270,0
210,190,170,114,564,9.29,-96,4,270,0
210,190,170,114,591,9.29,-96,4,271,0
210,190,170,114,618,9.29,-96,4,271,0
210,190,170,103,516,9.77,-107,4,271,0
210,190,170,103,546,9.77,-107,3,271,0
210,190,170,103,576,9.77,-107,3,271,0
210,190,170,103,606,9.77,-107,4,271,0
210,190,170,103,636,9.77,-107,4,271,0
210,190,170,160,420,9.28,-50,3,271,0
215,195,165,160,447,9.28,-55,3,271,1
230,210,150,160,474,9.28,-70,3,271,1
245,225,135,160,501,9.28,-85,3,271,1
245,225,135,160,528,9.28,-85,3,271,0
245,225,135,160,555,9.28,-85,4,271,0
245,225,135,160,582,9.28,-85,4,271,0
245,225,135,160,609,9.28,-85,4,271,0
245,225,135,160,636,9.28,-85,4,271,0
245,225,135,48,537,9.83,-197,3,271,0
245,225,135,48,567,9.83,-197,3,271,0
245,225,135,215,355,9.35,-30,4,271,0
245,225,135,215,382,9.35,-30,4,271,0
245,225,135,215,409,9.35,-30,3,272,0
260,240,120,215,436,9.35,-45,3,272,1
275,255,105,215,463,9.35,-60,3,272,1
290,270,90,215,490,9.35,-75,3,272,1
290,270,90,215,517,9.35,-75,3,272,0
290,270,90,215,544,9.35,-75,4,272,0
290,270,90,215,571,9.35,-75,4,272,0
290,270,90,215,598,9.35,-75,4,272,0
290,270,90,369,497,9.67,79,4,272,0
290,270,90,369,527,9.67,79,4,272,0
290,270,90,369,557,9.67,79,3,272,0
290,270,90,369,587,9.67,79,3,272,0
290,270,90,369,617,9.67,79,4,272,0
295,275,85,270,445,10.16,-25,4,272,1
310,290,70,270,475,10.16,-40,3,272,1
325,305,55,270,505,10.16,-55,3,272,1
340,320,40,270,535,10.16,-70,3,272,1
345,325,35,270,565,10.16,-75,3,272,0
345,325,35,270,595,10.16,-75,4,272,0
345,325,35,270,625,10.16,-75,4,272,0
345,325,35,296,287,10.66,-49,3,273,0
345,325,35,296,320,10.66,-49,3,273,0
345,325,35,296,353,10.66,-49,3,273,0
345,325,35,296,386,10.66,-49,3,273,0
345,325,35,296,419,10.66,-49,3,273,0
360,340,20,296,452,10.66,-64,4,273,1
375,355,5,296,485,10.66,-79,4,273,1
380,360,0,296,518,10.66,-84,3,273,1
380,360,0,296,551,10.66,-84,3,273,0
380,360,0,296,584,10.66,-84,3,273,0
380,360,0,296,617,10.66,-84,3,273,0
380,360,0,116,431,10.54,-264,2,273,0
380,360,0,116,464,10.54,-264,3,273,0
380,360,0,116,497,10.54,-264,3,273,0
380,360,0,116,530,10.54,-264,3,273,0
380,360,0,116,563,10.54,-264,3,273,0
380,360,0,116,596,10.54,-264,3,273,0
380,360,0,116,629,10.54,-264,3,273,0
380,360,0,174,443,10.64,-206,3,273,0
380,360,0,174,476,10.64,-206,3,273,0
380,360,0,174,509,10.64,-206,3,274,0
380,360,0,174,542,10.64,-206,3,274,0
380,360,0,174,575,10.64,-206,3,274,0
380,360,0,174,608,10.64,-206,3,274,0
380,360,0,274,382,9.56,-106,3,274,0
380,360,0,274,412,9.56,-106,3,274,0
380,360,0,274,442,9.56,-106,3,274,0
380,360,0,274,472,9.56,-106,3,274,0
380,360,0,274,502,9.56,-106,3,274,0
380,360,0,274,532,9.56,-106,3,274,0
380,360,0,274,562,9.56,-106,3,274,0
380,360,0,274,592,9.56,-106,3,274,0
380,360,0,274,622,9.56,-106,4,274,0
380,360,0,216,447,9.83,-164,3,274,0
380,360,0,216,477,9.83,-164,3,274,0
380,360,0,216,507,9.83,-164,3,274,0
380,360,0,216,537,9.83,-164,3,274,0
380,360,0,216,567,9.83,-164,3,274,0
380,360,0,216,597,9.83,-164,4,274,0
380,360,0,216,627,9.83,-164,4,274,0
380,360,0,166,456,10.5,-214,3,275,0
380,360,0,166,486,10.5,-214,3,275,0
380,360,0,166,516,10.5,-214,3,275,0
380,360,0,166,546,10.5,-214,3,275,0
380,360,0,166,576,10.5,-214,3,275,0
380,360,0,166,606,10.5,-214,4,275,0
380,360,0,237,435,10.23,-143,4,275,0
380,360,0,237,465,10.23,-143,3,275,0
380,360,0,237,495,10.23,-143,3,275,0
380,360,0,237,525,10.23,-143,3,275,0
380,360,0,237,555,10.23,-143,3,275,0
380,360,0,237,585,10.23,-143,3,275,0
380,360,0,237,615,10.23,-143,4,275,0
380,360,0,237,645,10.23,-143,4,275,0
380,360,0,351,277,10.37,-29,3,275,0
380,360,0,351,307,10.37,-29,3,275,0
365,345,15,351,337,10.37,-14,3,275,-1
350,330,30,351,367,10.37,1,3,275,-1
335,315,45,351,397,10.37,16,3,275,-1
320,300,60,351,427,10.37,31,3,275,-1
305,285,75,351,457,10.37,46,3,276,-1
290,270,90,351,487,10.37,61,3,276,-1
290,270,90,351,517,10.37,61,3,276,0
290,270,90,351,547,10.37,61,3,276,0
290,270,90,351,577,10.37,61,3,276,0
290,270,90,351,607,10.37,61,4,276,0
290,270,90,351,637,10.37,61,4,276,0
290,270,90,161,469,10.15,-129,3,276,0
290,270,90,161,499,10.15,-129,3,276,0
290,270,90,161,529,10.15,-129,3,276,0
290,270,90,161,559,10.15,-129,3,276,0
290,270,90,161,589,10.15,-129,3,276,0
285,265,95,324,416,9.83,39,4,276,-1
270,250,110,324,446,9.83,54,4,276,-1
255,235,125,324,476,9.83,69,3,276,-1
240,220,140,324,506,9.83,84,3,276,-1
240,220,140,324,536,9.83,84,3,276,0
240,220,140,324,566,9.83,84,3,276,0
240,220,140,324,596,9.83,84,4,276,0
240,220,140,324,626,9.83,84,4,276,0
240,220,140,355,460,9.57,115,3,277,0
240,220,140,355,490,9.57,115,3,277,0
240,220,140,355,520,9.57,115,3,277,0
240,220,140,355,550,9.57,115,3,277,0
240,220,140,355,580,9.57,115,3,277,0
240,220,140,355,610,9.57,115,4,277,0
240,220,140,355,640,9.57,115,4,277,0
240,220,140,96,467,10.42,-144,3,277,0
240,220,140,96,497,10.42,-144,3,277,0
240,220,140,96,527,10.42,-144,3,277,0
240,220,140,96,557,10.42,-144,3,277,0
240,220,140,96,587,10.42,-144,3,277,0
240,220,140,96,617,10.42,-144,4,277,0
240,220,140,325,445,10.22,85,4,277,0
240,220,140,325,475,10.22,85,3,277,0
240,220,140,325,505,10.22,85,3,277,0
230,210,150,325,535,10.22,95,3,277,-1
215,195,165,325,565,10.22,110,3,277,-1
215,195,165,325,595,10.22,110,4,277,1
230,210,150,228,430,10.41,-2,4,277,1
245,225,135,228,460,10.41,-17,3,278,1
260,240,120,228,490,10.41,-32,3,278,1
275,255,105,228,520,10.41,-47,3,278,1
290,270,90,228,550,10.41,-62,3,278,1
305,285,75,228,580,10.41,-77,3,278,1
305,285,75,228,610,10.41,-77,4,278,0
305,285,75,228,640,10.41,-77,4,278,0
305,285,75,204,420,9.5,-101,3,278,0
305,285,75,204,447,9.5,-101,3,278,0
305,285,75,204,474,9.5,-101,3,278,0
305,285,75,204,501,9.5,-101,3,278,0
305,285,75,204,528,9.5,-101,3,278,0
305,285,75,204,555,9.5,-101,4,278,0
305,285,75,204,582,9.5,-101,4,278,0
305,285,75,204,609,9.5,-101,4,278,0
305,285,75,204,636,9.5,-101,4,278,0
305,285,75,138,541,9.72,-167,3,278,0
305,285,75,138,571,9.72,-167,3,278,0
305,285,75,138,601,9.72,-167,4,278,0
305,285,75,138,631,9.72,-167,4,278,0
305,285,75,17,460,9.91,-288,3,279,0
305,285,75,17,490,9.91,-288,3,279,0
305,285,75,17,520,9.91,-288,3,279,0
305,285,75,17,550,9.91,-288,3,279,0
305,285,75,17,580,9.91,-288,3,279,0
305,285,75,17,610,9.91,-288,4,279,0
305,285,75,17,640,9.91,-288,4,279,0
305,285,75,220,270,9.96,-85,3,279,0
305,285,75,220,300,9.96,-85,3,279,0
305,285,75,220,330,9.96,-85,3,279,0
305,285,75,220,360,9.96,-85,3,279,0
305,285,75,220,390,9.96,-85,3,279,0
305,285,75,220,420,9.96,-85,4,279,0
305,285,75,220,450,9.96,-85,3,279,0
305,285,75,220,480,9.96,-85,3,279,0
305,285,75,220,510,9.96,-85,3,279,0
305,285,75,220,540,9.96,-85,3,279,0
305,285,75,220,570,9.96,-85,3,279,0
305,285,75,220,600,9.96,-85,4,279,0
305,285,75,220,630,9.96,-85,4,279,0
305,285,75,38,503,10.71,-267,3,280,0
305,285,75,38,536,10.71,-267,3,280,0
305,285,75,38,569,10.71,-267,3,280,0
305,285,75,38,602,10.71,-267,3,280,0
305,285,75,38,635,10.71,-267,3,280,0
305,285,75,113,405,9.97,-192,3,280,0
305,285,75,113,435,9.97,-192,3,280,0
305,285,75,113,465,9.97,-192,3,280,0
305,285,75,113,495,9.97,-192,3,280,0
305,285,75,113,525,9.97,-192,3,280,0
305,285,75,113,555,9.97,-192,3,280,0
305,285,75,113,585,9.97,-192,3,280,0
305,285,75,199,420,9.5,-106,4,280,0
305,285,75,199,450,9.5,-106,4,280,0
305,285,75,199,480,9.5,-106,3,280,0
305,285,75,199,510,9.5,-106,3,280,0
305,285,75,199,540,9.5,-106,3,280,0
300,280,80,199,570,9.5,-101,3,280,-1
285,265,95,199,600,9.5,-86,4,280,-1
270,250,110,199,630,9.5,-71,4,280,-1
255,235,125,322,461,10.32,67,3,281,-1
245,225,135,322,491,10.32,77,3,281,0
245,225,135,322,521,10.32,77,3,281,0
245,225,135,322,551,10.32,77,3,281,0
245,225,135,322,581,10.32,77,3,281,0
245,225,135,322,611,10.32,77,4,281,0
245,225,135,198,436,10.46,-47,4,281,0
245,225,135,198,466,10.46,-47,3,281,0
245,225,135,198,496,10.46,-47,3,281,0
255,235,125,198,526,10.46,-57,3,281,1
270,250,110,198,556,10.46,-72,3,281,1
285,265,95,198,586,10.46,-87,3,281,1
290,270,90,198,616,10.46,-92,4,281,0
290,270,90,198,646,10.46,-92,4,281,0
290,270,90,131,527,10.63,-159,3,281,0
290,270,90,131,560,10.63,-159,3,281,0
290,270,90,131,593,10.63,-159,3,281,0
290,270,90,131,626,10.63,-159,3,281,0
290,270,90,55,436,10.62,-235,3,281,0
290,270,90,55,469,10.62,-235,3,281,0
290,270,90,55,502,10.62,-235,3,282,0
290,270,90,55,535,10.62,-235,3,282,0
290,270,90,55,568,10.62,-235,3,282,0
290,270,90,384,384,10.6,94,3,282,0
290,270,90,384,417,10.6,94,3,282,0
290,270,90,384,450,10.6,94,3,282,0
290,270,90,384,483,10.6,94,3,282,0
290,270,90,384,516,10.6,94,3,282,0
290,270,90,384,549,10.6,94,3,282,0
290,270,90,384,582,10.6,94,3,282,0
290,270,90,384,615,10.6,94,3,282,0
290,270,90,263,387,10.25,-27,3,282,0
290,270,90,263,417,10.25,-27,3,282,0
290,270,90,263,447,10.25,-27,3,282,0
305,285,75,263,477,10.25,-42,3,282,1
320,300,60,263,507,10.25,-57,3,282,1
330,310,50,263,537,10.25,-67,3,282,0
330,310,50,263,567,10.25,-67,3,282,0
330,310,50,263,597,10.25,-67,4,282,0
330,310,50,263,627,10.25,-67,4,282,0
330,310,50,170,459,9.63,-160,3,283,0
330,310,50,170,489,9.63,-160,3,283,0
330,310,50,170,519,9.63,-160,3,283,0
330,310,50,170,549,9.63,-160,3,283,0
330,310,50,170,579,9.63,-160,3,283,0
330,310,50,370,405,10.22,40,4,283,0
330,310,50,370,435,10.22,40,4,283,0
315,295,65,370,465,10.22,55,3,283,-1
300,280,80,370,495,10.22,70,3,283,-1
290,270,90,370,525,10.22,80,3,283,0
290,270,90,370,555,10.22,80,3,283,0
290,270,90,370,585,10.22,80,3,283,0
290,270,90,248,462,10.6,-42,4,283,0
305,285,75,248,495,10.6,-57,4,283,1
320,300,60,248,528,10.6,-72,3,283,1
335,315,45,248,561,10.6,-87,3,283,1
335,315,45,248,594,10.6,-87,3,283,0
335,315,45,248,627,10.6,-87,3,283,0
335,315,45,115,441,10.87,-220,3,283,0
335,315,45,115,474,10.87,-220,3,283,0
335,315,45,115,507,10.87,-220,3,284,0
335,315,45,115,540,10.87,-220,3,284,0
335,315,45,115,573,10.87,-220,3,284,0
335,315,45,279,382,10.64,-56,3,284,0
335,315,45,279,415,10.64,-56,3,284,0
335,315,45,279,448,10.64,-56,3,284,0
335,315,45,279,481,10.64,-56,3,284,0
335,315,45,279,514,10.64,-56,3,284,0
335,315,45,279,547,10.64,-56,3,284,0
335,315,45,279,580,10.64,-56,3,284,0
335,315,45,279,613,10.64,-56,3,284,0
325,305,55,279,646,10.64,-46,3,284,-1
310,290,70,306,415,9.92,-4,3,284,-1
295,275,85,306,445,9.92,11,3,284,-1
280,260,100,306,475,9.92,26,3,284,-1
265,245,115,306,505,9.92,41,3,284,-1
250,230,130,306,535,9.92,56,3,284,-1
245,225,135,306,565,9.92,61,3,284,0
245,225,135,306,595,9.92,61,4,284,0
245,225,135,306,625,9.92,61,4,284,0
245,225,135,165,504,10.59,-80,3,285,0
245,225,135,165,537,10.59,-80,3,285,0
245,225,135,165,570,10.59,-80,3,285,0
245,225,135,165,603,10.59,-80,3,285,0
245,225,135,165,636,10.59,-80,3,285,0
245,225,135,288,407,9.76,43,3,285,0
245,225,135,288,437,9.76,43,3,285,0
235,215,145,288,467,9.76,53,3,285,-1
220,200,160,288,497,9.76,68,3,285,-1
205,185,175,288,527,9.76,83,3,285,-1
190,170,190,288,557,9.76,98,3,285,-1
190,170,190,288,587,9.76,98,3,285,0
190,170,190,255,464,10.81,65,4,285,0
190,170,190,255,497,10.81,65,4,285,0
190,170,190,255,530,10.81,65,3,285,0
190,170,190,255,563,10.81,65,3,285,0
190,170,190,255,596,10.81,65,3,285,0
190,170,190,255,629,10.81,65,3,285,0
190,170,190,171,398,10.26,-19,3,285,0
205,185,175,171,428,10.26,-34,3,285,1
220,200,160,171,458,10.26,-49,3,286,1
235,215,145,171,488,10.26,-64,3,286,1
235,215,145,171,518,10.26,-64,3,286,0
235,215,145,171,548,10.26,-64,3,286,0
235,215,145,171,578,10.26,-64,3,286,0
235,215,145,171,608,10.26,-64,4,286,0
235,215,145,171,638,10.26,-64,4,286,0
225,205,155,283,471,10.07,58,3,286,-1
210,190,170,283,501,10.07,73,3,286,-1
195,175,185,283,531,10.07,88,3,286,-1
190,170,190,283,561,10.07,93,3,286,0
190,170,190,283,591,10.07,93,3,286,0
190,170,190,283,621,10.07,93,4,286,0
190,170,190,316,449,9.68,126,3,286,0
190,170,190,316,479,9.68,126,3,286,0
190,170,190,316,509,9.68,126,3,286,0
190,170,190,316,539,9.68,126,3,286,0
190,170,190,316,569,9.68,126,3,286,0
190,170,190,157,441,10.88,-33,4,286,0
200,180,180,157,474,10.88,-43,4,286,1
215,195,165,157,507,10.88,-58,3,287,1
230,210,150,157,540,10.88,-73,3,287,1
235,215,145,157,573,10.88,-78,3,287,0
235,215,145,157,606,10.88,-78,3,287,0
235,215,145,157,639,10.88,-78,3,287,0
235,215,145,114,412,9.8,-121,3,287,0
235,215,145,114,442,9.8,-121,3,287,0
235,215,145,114,472,9.8,-121,3,287,0
235,215,145,114,502,9.8,-121,3,287,0
235,215,145,114,532,9.8,-121,3,287,0
235,215,145,114,562,9.8,-121,3,287,0
235,215,145,114,592,9.8,-121,3,287,0
235,215,145,219,420,10.43,-16,4,287,0
250,230,130,219,450,10.43,-31,3,287,1
265,245,115,219,480,10.43,-46,3,287,1
280,260,100,219,510,10.43,-61,3,287,1
280,260,100,219,540,10.43,-61,3,287,0
280,260,100,219,570,10.43,-61,3,287,0
280,260,100,219,600,10.43,-61,4,287,0
280,260,100,219,630,10.43,-61,4,287,0
280,260,100,114,504,10.61,-166,3,288,0
280,260,100,114,537,10.61,-166,3,288,0
280,260,100,114,570,10.61,-166,3,288,0
280,260,100,114,603,10.61,-166,3,288,0
280,260,100,114,636,10.61,-166,3,288,0
280,260,100,143,406,9.86,-137,3,288,0
280,260,100,143,436,9.86,-137,3,288,0
280,260,100,143,466,9.86,-137,3,288,0
280,260,100,143,496,9.86,-137,3,288,0
280,260,100,143,526,9.86,-137,3,288,0
280,260,100,143,556,9.86,-137,3,288,0
280,260,100,143,586,9.86,-137,3,288,0
280,260,100,143,616,9.86,-137,4,288,0
280,260,100,199,447,9.85,-81,4,288,0
280,260,100,199,477,9.85,-81,3,288,0
280,260,100,199,507,9.85,-81,3,288,0
280,260,100,199,537,9.85,-81,3,288,0
280,260,100,199,567,9.85,-81,3,288,0
280,260,100,199,597,9.85,-81,4,288,0
280,260,100,199,627,9.85,-81,4,288,0
280,260,100,280,284,10.96,0,3,289,0
280,260,100,280,317,10.96,0,3,289,0
280,260,100,280,350,10.96,0,3,289,0
280,260,100,280,383,10.96,0,3,289,0
280,260,100,280,416,10.96,0,3,289,0
265,245,115,280,449,10.96,15,3,289,-1
250,230,130,280,482,10.96,30,3,289,-1
235,215,145,280,515,10.96,45,3,289,-1
225,205,155,280,548,10.96,55,3,289,0
225,205,155,280,581,10.96,55,3,289,0
225,205,155,280,614,10.96,55,3,289,0
225,205,155,280,647,10.96,55,3,289,0
225,205,155,109,420,10.33,-116,3,289,0
225,205,155,109,450,10.33,-116,3,289,0
225,205,155,109,480,10.33,-116,3,289,0
225,205,155,109,510,10.33,-116,3,289,0
225,205,155,109,540,10.33,-116,3,289,0
225,205,155,109,570,10.33,-116,3,289,0
225,205,155,109,600,10.33,-116,4,289,0
225,205,155,335,471,10.65,110,4,289,0
225,205,155,335,504,10.65,110,3,290,0
225,205,155,335,537,10.65,110,3,290,0
225,205,155,335,570,10.65,110,3,290,0
225,205,155,335,603,10.65,110,3,290,0
225,205,155,335,636,10.65,110,3,290,0
225,205,155,203,406,10.2,-22,3,290,0
225,205,155,203,436,10.2,-22,3,290,0
240,220,140,203,466,10.2,-37,3,290,1
255,235,125,203,496,10.2,-52,3,290,1
270,250,110,203,526,10.2,-67,3,290,1
270,250,110,203,556,10.2,-67,3,290,0
270,250,110,203,586,10.2,-67,3,290,0
270,250,110,203,616,10.2,-67,4,290,0
270,250,110,203,646,10.2,-67,4,290,0
270,250,110,203,475,10.22,-67,3,290,0
270,250,110,203,505,10.22,-67,3,290,0
270,250,110,203,535,10.22,-67,3,290,0
270,250,110,203,565,10.22,-67,3,290,0
270,250,110,203,595,10.22,-67,4,290,0
270,250,110,203,625,10.22,-67,4,290,0
270,250,110,40,507,10.67,-230,3,291,0
270,250,110,40,540,10.67,-230,3,291,0
270,250,110,257,318,9.85,-13,3,291,0
270,250,110,257,348,9.85,-13,3,291,0
270,250,110,257,378,9.85,-13,3,291,0
270,250,110,257,408,9.85,-13,3,291,0
280,260,100,257,438,9.85,-23,3,291,1
295,275,85,257,468,9.85,-38,3,291,1
310,290,70,257,498,9.85,-53,3,291,1
310,290,70,257,528,9.85,-53,3,291,0
310,290,70,257,558,9.85,-53,3,291,0
315,295,65,257,588,9.85,-58,3,291,1
330,310,50,293,459,11.17,-37,4,291,1
345,325,35,293,492,11.17,-52,4,291,1
355,335,25,293,525,11.17,-62,3,291,0
355,335,25,293,558,11.17,-62,3,291,0
355,335,25,293,591,11.17,-62,3,291,0
355,335,25,293,624,11.17,-62,3,291,0
355,335,25,136,396,10.27,-219,3,291,0
355,335,25,136,426,10.27,-219,3,291,0
355,335,25,136,456,10.27,-219,3,292,0
355,335,25,136,486,10.27,-219,3,292,0
355,335,25,136,516,10.27,-219,3,292,0
350,330,30,136,546,10.27,-214,3,292,-1
335,315,45,373,375,10.01,38,3,292,-1
320,300,60,373,405,10.01,53,4,292,-1
305,285,75,373,435,10.01,68,4,292,-1
290,270,90,373,465,10.01,83,3,292,-1
290,270,90,373,495,10.01,83,3,292,0
290,270,90,373,525,10.01,83,3,292,0
290,270,90,373,555,10.01,83,3,292,0
290,270,90,373,585,10.01,83,3,292,0
285,265,95,344,459,11.12,59,4,292,-1
270,250,110,344,492,11.12,74,4,292,-1
255,235,125,344,525,11.12,89,3,292,-1
245,225,135,344,558,11.12,99,3,292,0
245,225,135,344,591,11.12,99,3,292,0
245,225,135,344,624,11.12,99,3,292,0
245,225,135,380,438,11.03,135,3,292,0
245,225,135,380,471,11.03,135,3,292,0
245,225,135,380,504,11.03,135,3,293,0
245,225,135,380,537,11.03,135,3,293,0
245,225,135,380,570,11.03,135,3,293,0
245,225,135,380,603,11.03,135,3,293,0
245,225,135,380,636,11.03,135,3,293,0
245,225,135,134,449,11.03,-111,3,293,0
245,225,135,134,482,11.03,-111,3,293,0
245,225,135,134,515,11.03,-111,3,293,0
245,225,135,134,548,11.03,-111,3,293,0
245,225,135,134,581,11.03,-111,3,293,0
245,225,135,134,614,11.03,-111,3,293,0
245,225,135,134,647,11.03,-111,3,293,0
245,225,135,334,416,10.2,89,3,293,0
245,225,135,334,446,10.2,89,3,293,0
245,225,135,334,476,10.2,89,3,293,0
245,225,135,334,506,10.2,89,3,293,0
245,225,135,334,536,10.2,89,3,293,0
245,225,135,334,566,10.2,89,3,293,0
245,225,135,334,596,10.2,89,4,293,0
245,225,135,334,626,10.2,89,4,293,0
245,225,135,53,460,10.35,-192,3,294,0
245,225,135,53,490,10.35,-192,3,294,0
245,225,135,53,520,10.35,-192,3,294,0
245,225,135,53,550,10.35,-192,3,294,0
245,225,135,281,417,10.59,36,3,294,0
245,225,135,281,450,10.59,36,4,294,0
240,220,140,281,483,10.59,41,4,294,-1
225,205,155,281,516,10.59,56,3,294,-1
210,190,170,281,549,10.59,71,3,294,-1
205,185,175,281,582,10.59,76,3,294,0
205,185,175,281,615,10.59,76,3,294,0
220,200,160,222,431,11.15,2,3,294,1
235,215,145,222,464,11.15,-13,3,294,1
250,230,130,222,497,11.15,-28,3,294,1
265,245,115,222,530,11.15,-43,3,294,1
275,255,105,222,563,11.15,-53,3,294,0
275,255,105,222,596,11.15,-53,3,294,0
275,255,105,222,629,11.15,-53,3,294,0
275,255,105,379,438,11.23,104,3,294,0
275,255,105,379,471,11.23,104,3,294,0
275,255,105,379,504,11.23,104,3,295,0
275,255,105,379,537,11.23,104,3,295,0
275,255,105,379,570,11.23,104,3,295,0
275,255,105,379,603,11.23,104,3,295,0
275,255,105,379,636,11.23,104,3,295,0
275,255,105,362,452,10.75,87,3,295,0
275,255,105,362,485,10.75,87,3,295,0
275,255,105,362,518,10.75,87,3,295,0
275,255,105,362,551,10.75,87,3,295,0
275,255,105,362,584,10.75,87,3,295,0
275,255,105,362,617,10.75,87,3,295,0
275,255,105,273,387,10.13,-2,2,295,0
275,255,105,273,417,10.13,-2,3,295,0
265,245,115,273,447,10.13,8,3,295,-1
250,230,130,273,477,10.13,23,3,295,-1
235,215,145,273,507,10.13,38,3,295,-1
220,200,160,273,537,10.13,53,3,295,-1
220,200,160,273,567,10.13,53,3,295,0
220,200,160,273,597,10.13,53,4,295,0
220,200,160,273,627,10.13,53,4,295,0
220,200,160,100,507,10.9,-120,3,296,0
220,200,160,100,540,10.9,-120,3,296,0
220,200,160,100,573,10.9,-120,3,296,0
225,205,155,100,606,10.9,-125,3,296,1
240,220,140,199,418,10.67,-41,3,296,1
255,235,125,199,451,10.67,-56,3,296,1
270,250,110,199,484,10.67,-71,3,296,1
270,250,110,199,517,10.67,-71,3,296,0
270,250,110,199,550,10.67,-71,3,296,0
270,250,110,199,583,10.67,-71,3,296,0
260,240,120,199,616,10.67,-61,3,296,-1
245,225,135,199,649,10.67,-46,3,296,-1
230,210,150,281,458,11.07,51,3,296,-1
215,195,165,281,491,11.07,66,3,296,-1
205,185,175,281,524,11.07,76,3,296,0
205,185,175,281,557,11.07,76,3,296,0
205,185,175,281,590,11.07,76,3,296,0
205,185,175,281,623,11.07,76,3,296,0
205,185,175,327,398,10.2,122,3,296,0
205,185,175,327,428,10.2,122,3,296,0
205,185,175,327,458,10.2,122,3,297,0
205,185,175,327,488,10.2,122,3,297,0
205,185,175,327,518,10.2,122,3,297,0
205,185,175,327,548,10.2,122,3,297,0
205,185,175,327,578,10.2,122,3,297,0
205,185,175,199,410,10.21,-6,4,297,0
220,200,160,199,440,10.21,-21,4,297,1
235,215,145,199,470,10.21,-36,3,297,1
250,230,130,199,500,10.21,-51,3,297,1
250,230,130,199,530,10.21,-51,3,297,0
250,230,130,199,560,10.21,-51,3,297,0
250,230,130,199,590,10.21,-51,3,297,0
250,230,130,199,620,10.21,-51,4,297,0
250,230,130,344,496,10.52,94,3,297,0
250,230,130,344,529,10.52,94,3,297,0
250,230,130,344,562,10.52,94,3,297,0
250,230,130,344,595,10.52,94,3,297,0
250,230,130,344,628,10.52,94,3,297,0
250,230,130,171,437,11.11,-79,3,297,0
250,230,130,171,470,11.11,-79,3,297,0
250,230,130,171,503,11.11,-79,3,298,0
250,230,130,171,536,11.11,-79,3,298,0
250,230,130,171,569,11.11,-79,3,298,0
250,230,130,171,602,11.11,-79,3,298,0
250,230,130,171,635,11.11,-79,3,298,0
250,230,130,373,453,11.27,123,3,298,0
250,230,130,373,486,11.27,123,3,298,0
250,230,130,373,519,11.27,123,3,298,0
250,230,130,373,552,11.27,123,3,298,0
250,230,130,373,585,11.27,123,3,298,0
250,230,130,373,618,11.27,123,3,298,0
250,230,130,210,427,10.85,-40,2,298,0
250,230,130,210,460,10.85,-40,3,298,0
250,230,130,210,493,10.85,-40,3,298,0
250,230,130,210,526,10.85,-40,3,298,0
250,230,130,210,559,10.85,-40,3,298,0
250,230,130,210,592,10.85,-40,3,298,0
250,230,130,210,625,10.85,-40,3,298,0
250,230,130,107,440,11.21,-143,3,298,0
250,230,130,107,473,11.21,-143,3,298,0
250,230,130,107,506,11.21,-143,3,299,0
250,230,130,107,539,11.21,-143,3,299,0
250,230,130,107,572,11.21,-143,3,299,0
250,230,130,107,605,11.21,-143,3,299,0
250,230,130,107,638,11.21,-143,3,299,0
250,230,130,376,449,10.62,126,3,299,0
250,230,130,376,482,10.62,126,3,299,0
250,230,130,376,515,10.62,126,3,299,0
250,230,130,376,548,10.62,126,3,299,0
250,230,130,376,581,10.62,126,3,299,0
250,230,130,376,614,10.62,126,3,299,0
250,230,130,175,427,11.3,-75,3,299,0
250,230,130,175,460,11.3,-75,3,299,0
250,230,130,175,493,11.3,-75,3,299,0
250,230,130,175,526,11.3,-75,3,299,0
250,230,130,175,559,11.3,-75,3,299,0
250,230,130,175,592,11.3,-75,3,299,0
250,230,130,175,625,11.3,-75,3,299,0
250,230,130,65,439,11.35,-185,3,299,0
250,230,130,65,472,11.35,-185,3,299,0
250,230,130,65,505,11.35,-185,3,300,0
250,230,130,65,538,11.35,-185,3,300,0
250,230,130,65,571,11.35,-185,3,300,0
250,230,130,65,604,11.35,-185,3,300,0
250,230,130,312,380,10.08,62,3,300,0
250,230,130,312,410,10.08,62,3,300,0
250,230,130,312,440,10.08,62,3,300,0
250,230,130,312,470,10.08,62,3,300,0
250,230,130,312,500,10.08,62,3,300,0
250,230,130,312,530,10.08,62,3,300,0
250,230,130,312,560,10.08,62,3,300,0
250,230,130,312,590,10.08,62,3,300,0
250,230,130,312,620,10.08,62,4,300,0
250,230,130,137,496,10.88,-113,3,300,0
250,230,130,137,529,10.88,-113,3,300,0
250,230,130,137,562,10.88,-113,3,300,0
250,230,130,137,595,10.88,-113,3,300,0
250,230,130,137,628,10.88,-113,3,300,0
250,230,130,21,437,11.46,-229,3,300,0
250,230,130,21,470,11.46,-229,3,300,0
250,230,130,21,503,11.46,-229,3,301,0
250,230,130,21,536,11.46,-229,3,301,0
250,230,130,246,317,10.18,-4,3,301,0
250,230,130,246,347,10.18,-4,3,301,0
250,230,130,246,377,10.18,-4,3,301,0
250,230,130,246,407,10.18,-4,3,301,0
265,245,115,246,437,10.18,-19,3,301,1
280,260,100,246,467,10.18,-34,3,301,1
295,275,85,246,497,10.18,-49,3,301,1
300,280,80,246,527,10.18,-54,3,301,0
300,280,80,246,557,10.18,-54,3,301,0
300,280,80,246,587,10.18,-54,3,301,0
300,280,80,246,617,10.18,-54,4,301,0
300,280,80,246,647,10.18,-54,4,301,0
300,280,80,174,529,10.87,-126,3,301,0
300,280,80,174,562,10.87,-126,3,301,0
300,280,80,174,595,10.87,-126,3,301,0
300,280,80,174,628,10.87,-126,3,301,0
300,280,80,249,397,10.26,-51,3,301,0
300,280,80,249,427,10.26,-51,3,301,0
310,290,70,249,457,10.26,-61,3,302,1
325,305,55,249,487,10.26,-76,3,302,1
335,315,45,249,517,10.26,-86,3,302,0
335,315,45,249,547,10.26,-86,3,302,0
330,310,50,249,577,10.26,-81,3,302,-1
315,295,65,325,450,10.99,10,4,302,-1
300,280,80,325,483,10.99,25,4,302,-1
285,265,95,325,516,10.99,40,3,302,-1
270,250,110,325,549,10.99,55,3,302,-1
255,235,125,325,582,10.99,70,3,302,-1
250,230,130,325,615,10.99,75,3,302,0
255,235,125,220,429,10.55,-35,3,302,1
270,250,110,220,462,10.55,-50,3,302,1
285,265,95,220,495,10.55,-65,3,302,1
300,280,80,220,528,10.55,-80,3,302,1
310,290,70,220,561,10.55,-90,3,302,0
310,290,70,220,594,10.55,-90,3,302,0
310,290,70,220,627,10.55,-90,3,302,0
310,290,70,194,441,10.58,-116,3,302,0
310,290,70,194,474,10.58,-116,3,302,0
310,290,70,194,507,10.58,-116,3,303,0
310,290,70,194,540,10.58,-116,3,303,0
310,290,70,194,573,10.58,-116,3,303,0
310,290,70,194,606,10.58,-116,3,303,0
310,290,70,194,639,10.58,-116,3,303,0
310,290,70,120,406,10.41,-190,3,303,0
310,290,70,292,266,11.17,-18,3,303,0
310,290,70,292,299,11.17,-18,3,303,0
310,290,70,292,332,11.17,-18,3,303,0
310,290,70,292,365,11.17,-18,3,303,0
310,290,70,292,398,11.17,-18,3,303,0
310,290,70,292,431,11.17,-18,3,303,0
315,295,65,292,464,11.17,-23,4,303,1
330,310,50,292,497,11.17,-38,4,303,1
345,325,35,292,530,11.17,-53,3,303,1
355,335,25,292,563,11.17,-63,3,303,0
355,335,25,292,596,11.17,-63,3,303,0
355,335,25,292,629,11.17,-63,3,303,0
355,335,25,291,438,11.09,-64,3,303,0
355,335,25,291,471,11.09,-64,3,303,0
355,335,25,291,504,11.09,-64,3,304,0
355,335,25,291,537,11.09,-64,3,304,0
355,335,25,291,570,11.09,-64,3,304,0
355,335,25,291,603,11.09,-64,3,304,0
355,335,25,291,636,11.09,-64,3,304,0
355,335,25,77,451,11.35,-278,3,304,0
355,335,25,77,484,11.35,-278,3,304,0
355,335,25,77,517,11.35,-278,3,304,0
355,335,25,77,550,11.35,-278,3,304,0
355,335,25,77,583,11.35,-278,3,304,0
355,335,25,77,616,11.35,-278,3,304,0
355,335,25,77,649,11.35,-278,3,304,0
355,335,25,314,243,10.9,-41,3,304,0
355,335,25,314,276,10.9,-41,3,304,0
355,335,25,314,309,10.9,-41,3,304,0
355,335,25,314,342,10.9,-41,3,304,0
355,335,25,314,375,10.9,-41,3,304,0
355,335,25,314,408,10.9,-41,3,304,0
365,345,15,314,441,10.9,-51,4,304,1
380,360,0,314,474,10.9,-66,4,304,1
380,360,0,314,507,10.9,-66,3,305,1
380,360,0,314,540,10.9,-66,3,305,0
380,360,0,314,573,10.9,-66,3,305,0
380,360,0,314,606,10.9,-66,3,305,0
380,360,0,314,639,10.9,-66,3,305,0
380,360,0,146,449,11.27,-234,3,305,0
380,360,0,146,482,11.27,-234,3,305,0
380,360,0,146,515,11.27,-234,3,305,0
380,360,0,146,548,11.27,-234,3,305,0
380,360,0,381,325,10.36,1,3,305,0
380,360,0,381,355,10.36,1,3,305,0
365,345,15,381,385,10.36,16,3,305,-1
350,330,30,381,415,10.36,31,3,305,-1
335,315,45,381,445,10.36,46,3,305,-1
320,300,60,381,475,10.36,61,3,305,-1
305,285,75,381,505,10.36,76,3,305,-1
305,285,75,381,535,10.36,76,3,305,0
305,285,75,381,565,10.36,76,3,305,0
305,285,75,381,595,10.36,76,4,305,0
305,285,75,381,625,10.36,76,4,305,0
305,285,75,96,506,10.8,-209,3,306,0
305,285,75,96,539,10.8,-209,3,306,0
305,285,75,96,572,10.8,-209,3,306,0
305,285,75,96,605,10.8,-209,3,306,0
305,285,75,96,638,10.8,-209,3,306,0
305,285,75,69,410,10.26,-236,3,306,0
305,285,75,69,440,10.26,-236,3,306,0
305,285,75,69,470,10.26,-236,3,306,0
305,285,75,69,500,10.26,-236,3,306,0
305,285,75,69,530,10.26,-236,3,306,0
305,285,75,69,560,10.26,-236,3,306,0
305,285,75,69,590,10.26,-236,3,306,0
305,285,75,69,620,10.26,-236,4,306,0
305,285,75,51,492,10.85,-254,3,306,0
305,285,75,51,525,10.85,-254,3,306,0
305,285,75,51,558,10.85,-254,3,306,0
305,285,75,51,591,10.85,-254,3,306,0
305,285,75,125,445,11.52,-180,3,306,0
305,285,75,125,481,11.52,-180,3,306,0
305,285,75,125,517,11.52,-180,3,306,0
305,285,75,125,553,11.52,-180,3,307,0
305,285,75,125,589,11.52,-180,3,307,0
305,285,75,125,625,11.52,-180,3,307,0
305,285,75,214,346,10.19,-91,2,307,0
305,285,75,214,376,10.19,-91,2,307,0
305,285,75,214,406,10.19,-91,3,307,0
305,285,75,214,436,10.19,-91,3,307,0
305,285,75,214,466,10.19,-91,3,307,0
305,285,75,214,496,10.19,-91,3,307,0
305,285,75,214,526,10.19,-91,3,307,0
305,285,75,214,556,10.19,-91,3,307,0
305,285,75,214,586,10.19,-91,3,307,0
305,285,75,214,616,10.19,-91,4,307,0
305,285,75,206,497,10.95,-99,4,307,0
305,285,75,206,530,10.95,-99,3,307,0
305,285,75,206,563,10.95,-99,3,307,0
305,285,75,206,596,10.95,-99,3,307,0
305,285,75,206,629,10.95,-99,3,307,0
305,285,75,40,483,11.58,-265,3,307,0
305,285,75,40,519,11.58,-265,3,307,0
305,285,75,40,555,11.58,-265,3,308,0
305,285,75,40,591,11.58,-265,3,308,0
305,285,75,40,627,11.58,-265,3,308,0
305,285,75,45,382,10.86,-260,2,308,0
305,285,75,45,415,10.86,-260,2,308,0
305,285,75,45,448,10.86,-260,3,308,0
305,285,75,45,481,10.86,-260,3,308,0
305,285,75,45,514,10.86,-260,3,308,0
305,285,75,45,547,10.86,-260,3,308,0
305,285,75,225,363,11.0,-80,3,308,0
305,285,75,225,396,11.0,-80,3,308,0
305,285,75,225,429,11.0,-80,3,308,0
305,285,75,225,462,11.0,-80,3,308,0
305,285,75,225,495,11.0,-80,3,308,0
305,285,75,225,528,11.0,-80,3,308,0
305,285,75,225,561,11.0,-80,3,308,0
305,285,75,225,594,11.0,-80,3,308,0
305,285,75,225,627,11.0,-80,3,308,0
305,285,75,90,438,11.04,-215,3,308,0
305,285,75,90,471,11.04,-215,3,308,0
305,285,75,90,504,11.04,-215,3,309,0
305,285,75,90,537,11.04,-215,3,309,0
305,285,75,90,570,11.04,-215,3,309,0
305,285,75,189,421,11.67,-116,3,309,0
305,285,75,189,457,11.67,-116,3,309,0
305,285,75,189,493,11.67,-116,3,309,0
305,285,75,189,529,11.67,-116,3,309,0
305,285,75,189,565,11.67,-116,3,309,0
305,285,75,189,601,11.67,-116,3,309,0
305,285,75,189,637,11.67,-116,3,309,0
305,285,75,244,392,10.9,-61,2,309,0
305,285,75,244,425,10.9,-61,2,309,0
305,285,75,244,458,10.9,-61,3,309,0
305,285,75,244,491,10.9,-61,3,309,0
320,300,60,244,524,10.9,-76,3,309,1
335,315,45,244,557,10.9,-91,3,309,1
345,325,35,244,590,10.9,-101,3,309,0
345,325,35,244,623,10.9,-101,3,309,0
345,325,35,181,480,11.56,-164,3,309,0
345,325,35,181,516,11.56,-164,3,309,0
345,325,35,181,552,11.56,-164,3,310,0
345,325,35,181,588,11.56,-164,3,310,0
345,325,35,181,624,11.56,-164,3,310,0
345,325,35,291,388,10.7,-54,2,310,0
345,325,35,291,421,10.7,-54,2,310,0
360,340,20,291,454,10.7,-69,3,310,1
375,355,5,291,487,10.7,-84,3,310,1
380,360,0,291,520,10.7,-89,3,310,1
380,360,0,291,553,10.7,-89,3,310,0
380,360,0,291,586,10.7,-89,3,310,0
380,360,0,291,619,10.7,-89,3,310,0
380,360,0,107,427,10.58,-273,2,310,0
380,360,0,107,460,10.58,-273,3,310,0
380,360,0,107,493,10.58,-273,3,310,0
380,360,0,107,526,10.58,-273,3,310,0
380,360,0,107,559,10.58,-273,3,310,0
380,360,0,236,411,11.51,-144,3,310,0
380,360,0,236,447,11.51,-144,3,310,0
380,360,0,236,483,11.51,-144,3,310,0
380,360,0,236,519,11.51,-144,3,310,0
380,360,0,236,555,11.51,-144,3,311,0
380,360,0,236,591,11.51,-144,3,311,0
380,360,0,236,627,11.51,-144,3,311,0
380,360,0,302,346,10.47,-78,2,311,0
380,360,0,302,376,10.47,-78,2,311,0
380,360,0,302,406,10.47,-78,3,311,0
380,360,0,302,436,10.47,-78,3,311,0
380,360,0,302,466,10.47,-78,3,311,0
380,360,0,302,496,10.47,-78,3,311,0
380,360,0,302,526,10.47,-78,3,311,0
380,360,0,302,556,10.47,-78,3,311,0
380,360,0,302,586,10.47,-78,3,311,0
380,360,0,302,616,10.47,-78,4,311,0
380,360,0,302,646,10.47,-78,4,311,0
380,360,0,385,309,11.36,5,3,311,0
380,360,0,385,342,11.36,5,3,311,0
370,350,10,385,375,11.36,15,3,311,-1
355,335,25,385,408,11.36,30,3,311,-1
340,320,40,385,441,11.36,45,3,311,-1
325,305,55,385,474,11.36,60,3,311,-1
315,295,65,385,507,11.36,70,3,312,0
315,295,65,385,540,11.36,70,3,312,0
315,295,65,385,573,11.36,70,3,312,0
315,295,65,385,606,11.36,70,3,312,0
315,295,65,385,639,11.36,70,3,312,0
315,295,65,115,453,10.54,-200,3,312,0
315,295,65,115,486,10.54,-200,3,312,0
315,295,65,115,519,10.54,-200,3,312,0
315,295,65,115,552,10.54,-200,3,312,0
315,295,65,115,585,10.54,-200,3,312,0
315,295,65,115,618,10.54,-200,3,312,0
315,295,65,157,426,10.91,-158,2,312,0
315,295,65,157,459,10.91,-158,3,312,0
315,295,65,157,492,10.91,-158,3,312,0
315,295,65,157,525,10.91,-158,3,312,0
315,295,65,157,558,10.91,-158,3,312,0
315,295,65,157,591,10.91,-158,3,312,0
315,295,65,209,446,11.58,-106,3,312,0
315,295,65,209,482,11.58,-106,3,312,0
315,295,65,209,518,11.58,-106,3,312,0
315,295,65,209,554,11.58,-106,3,313,0
315,295,65,209,590,11.58,-106,3,313,0
315,295,65,209,626,11.58,-106,3,313,0
315,295,65,291,345,10.39,-24,2,313,0
315,295,65,291,375,10.39,-24,2,313,0
315,295,65,291,405,10.39,-24,3,313,0
315,295,65,291,435,10.39,-24,3,313,0
325,305,55,291,465,10.39,-34,3,313,1
340,320,40,291,495,10.39,-49,3,313,1
355,335,25,291,525,10.39,-64,3,313,1
355,335,25,291,555,10.39,-64,3,313,0
355,335,25,291,585,10.39,-64,3,313,0
355,335,25,291,615,10.39,-64,4,313,0
355,335,25,291,645,10.39,-64,4,313,0
355,335,25,118,478,10.33,-237,3,313,0
355,335,25,118,508,10.33,-237,3,313,0
355,335,25,118,538,10.33,-237,3,313,0
355,335,25,118,568,10.33,-237,3,313,0
355,335,25,118,598,10.33,-237,4,313,0
355,335,25,195,430,10.36,-160,4,313,0
355,335,25,195,460,10.36,-160,3,314,0
355,335,25,195,490,10.36,-160,3,314,0
350,330,30,195,520,10.36,-155,3,314,-1
335,315,45,195,550,10.36,-140,3,314,-1
320,300,60,195,580,10.36,-125,3,314,-1
305,285,75,342,449,11.37,37,4,314,-1
290,270,90,342,482,11.37,52,4,314,-1
275,255,105,342,515,11.37,67,3,314,-1
275,255,105,342,548,11.37,67,3,314,0
275,255,105,342,581,11.37,67,3,314,0
275,255,105,342,614,11.37,67,3,314,0
275,255,105,314,428,11.07,39,3,314,0
265,245,115,314,461,11.07,49,3,314,-1
250,230,130,314,494,11.07,64,3,314,-1
235,215,145,314,527,11.07,79,3,314,-1
225,205,155,314,560,11.07,89,3,314,0
225,205,155,314,593,11.07,89,3,314,0
225,205,155,178,446,11.58,-47,3,314,0
225,205,155,178,482,11.58,-47,3,314,0
225,205,155,178,518,11.58,-47,3,314,0
225,205,155,178,554,11.58,-47,3,315,0
225,205,155,178,590,11.58,-47,3,315,0
225,205,155,178,626,11.58,-47,3,315,0
225,205,155,196,419,11.74,-29,2,315,0
225,205,155,196,455,11.74,-29,2,315,0
225,205,155,196,491,11.74,-29,3,315,0
225,205,155,196,527,11.74,-29,3,315,0
200,180,180,200,-100,0.0,0,0,0,0
200,180,180,200,-100,0.0,0,0,0,0
200,180,180,200,-100,0.0,0,0,0,0
200,180,180,200,-100,0.0,0,0,0,0
200,180,180,200,-100,0.0,0,0,0,0
200,180,180,200,-100,0.0,0,0,0,0
200,180,180,200,-100,0.0,0,0,0,0
200,180,180,200,-100,0.0,0,0,0,0
200,180,180,200,-100,0.0,0,0,0,0
200,180,180,200,-100,0.0,0,0,0,0
200,180,180,200,-100,0.0,0,0,0,0
200,180,180,200,-100,0.0,0,0,0,0
200,180,180,200,-100,0.0,0,0,0,0
200,180,180,200,-100,0.0,0,0,0,0
200,180,180,200,-100,0.0,0,0,0,0
200,180,180,200,-100,0.0,0,0,0,0
200,180,180,200,-100,0.0,0,0,0,0
200,180,180,200,-100,0.0,0,0,0,0
200,180,180,200,-100,0.0,0,0,0,0
200,180,180,192,-8,3.02,-8,1,1,0
200,180,180,192,1,3.02,-8,1,1,0
200,180,180,192,10,3.02,-8,1,1,0
200,180,180,192,19,3.02,-8,1,1,0
200,180,180,192,28,3.02,-8,1,1,0
200,180,180,192,37,3.02,-8,1,1,0
200,180,180,192,46,3.02,-8,1,1,0
200,180,180,192,55,3.02,-8,1,1,0
200,180,180,192,64,3.02,-8,1,1,0
200,180,180,192,73,3.02,-8,1,1,0
200,180,180,192,82,3.02,-8,1,1,0
200,180,180,192,91,3.02,-8,1,1,0
200,180,180,192,100,3.02,-8,1,1,0
200,180,180,192,109,3.02,-8,1,1,0
200,180,180,192,118,3.02,-8,1,1,0
200,180,180,192,127,3.02,-8,1,1,0
200,180,180,192,136,3.02,-8,1,1,0
200,180,180,192,145,3.02,-8,1,1,0
200,180,180,192,154,3.02,-8,1,1,0
200,180,180,192,163,3.02,-8,1,1,0
200,180,180,192,172,3.02,-8,2,2,0
200,180,180,192,181,3.02,-8,2,2,0
200,180,180,192,190,3.02,-8,2,2,0
200,180,180,192,199,3.02,-8,2,2,0
200,180,180,192,208,3.02,-8,2,2,0
200,180,180,192,217,3.02,-8,2,2,0
200,180,180,192,226,3.02,-8,2,2,0
200,180,180,192,235,3.02,-8,2,2,0
200,180,180,192,244,3.02,-8,2,2,0
200,180,180,192,253,3.02,-8,2,2,0
200,180,180,192,262,3.02,-8,2,2,0
200,180,180,192,271,3.02,-8,2,2,0
200,180,180,192,280,3.02,-8,2,2,0
200,180,180,192,289,3.02,-8,2,2,0
200,180,180,192,298,3.02,-8,2,2,0
200,180,180,192,307,3.02,-8,2,2,0
200,180,180,192,316,3.02,-8,2,2,0
200,180,180,192,325,3.02,-8,2,2,0
200,180,180,192,334,3.02,-8,2,2,0
200,180,180,192,343,3.02,-8,2,2,0
200,180,180,192,352,3.02,-8,3,3,0
200,180,180,192,361,3.02,-8,3,3,0
200,180,180,192,370,3.02,-8,3,3,0
200,180,180,192,379,3.02,-8,3,3,0
200,180,180,192,388,3.02,-8,3,3,0
200,180,180,192,397,3.02,-8,3,3,0
200,180,180,192,406,3.02,-8,3,3,0
200,180,180,192,415,3.02,-8,3,3,0
200,180,180,192,424,3.02,-8,3,3,0
200,180,180,192,433,3.02,-8,3,3,0
200,180,180,192,442,3.02,-8,3,3,0
200,180,180,192,451,3.02,-8,3,3,0
200,180,180,192,460,3.02,-8,3,3,0
200,180,180,192,469,3.02,-8,3,3,0
200,180,180,192,478,3.02,-8,3,3,0
215,195,165,192,487,3.02,-23,3,3,1
230,210,150,192,496,3.02,-38,3,3,1
245,225,135,192,505,3.02,-53,3,3,1
245,225,135,192,514,3.02,-53,3,3,0
245,225,135,192,523,3.02,-53,3,3,0
245,225,135,192,532,3.02,-53,4,4,0
245,225,135,192,541,3.02,-53,4,4,0
245,225,135,192,550,3.02,-53,4,4,0
245,225,135,192,559,3.02,-53,4,4,0
245,225,135,192,568,3.02,-53,4,4,0
245,225,135,192,577,3.02,-53,4,4,0
245,225,135,192,586,3.02,-53,4,4,0
245,225,135,192,595,3.02,-53,4,4,0
245,225,135,192,604,3.02,-53,4,4,0
245,225,135,192,613,3.02,-53,4,4,0
245,225,135,192,622,3.02,-53,4,4,0
245,225,135,192,631,3.02,-53,4,4,0
245,225,135,192,640,3.02,-53,4,4,0
245,225,135,192,649,3.02,-53,4,4,0
245,225,135,340,642,3.6,95,3,4,0
245,225,135,329,413,3.6,84,2,4,0
245,225,135,329,425,3.6,84,2,4,0
245,225,135,329,437,3.6,84,2,4,0
245,225,135,329,449,3.6,84,2,4,0
245,225,135,329,461,3.6,84,2,4,0
245,225,135,329,473,3.6,84,3,5,0
245,225,135,329,485,3.6,84,3,5,0
245,225,135,329,497,3.6,84,3,5,0
245,225,135,329,509,3.6,84,3,5,0
245,225,135,329,521,3.6,84,3,5,0
245,225,135,329,533,3.6,84,3,5,0
235,215,145,329,545,3.6,94,3,5,-1
220,200,160,329,557,3.6,109,3,5,-1
205,185,175,329,569,3.6,124,3,5,-1
205,185,175,329,581,3.6,124,3,5,0
205,185,175,329,593,3.6,124,3,5,0
205,185,175,329,605,3.6,124,3,5,0
205,185,175,329,617,3.6,124,3,5,0
205,185,175,329,629,3.6,124,3,5,0
205,185,175,329,641,3.6,124,3,5,0
205,185,175,165,310,2.8,-40,2,5,0
205,185,175,165,319,2.8,-40,2,5,0
205,185,175,165,328,2.8,-40,2,5,0
205,185,175,165,337,2.8,-40,2,5,0
205,185,175,165,346,2.8,-40,3,5,0
205,185,175,165,355,2.8,-40,3,6,0
205,185,175,165,364,2.8,-40,3,6,0
205,185,175,165,373,2.8,-40,3,6,0
205,185,175,165,382,2.8,-40,3,6,0
205,185,175,165,391,2.8,-40,3,6,0
205,185,175,165,400,2.8,-40,3,6,0
205,185,175,165,409,2.8,-40,3,6,0
205,185,175,165,418,2.8,-40,3,6,0
205,185,175,165,427,2.8,-40,3,6,0
205,185,175,165,436,2.8,-40,3,6,0
205,185,175,165,445,2.8,-40,3,6,0
205,185,175,165,454,2.8,-40,3,6,0
205,185,175,165,463,2.8,-40,3,6,0
205,185,175,165,472,2.8,-40,3,6,0
205,185,175,165,481,2.8,-40,3,6,0
205,185,175,165,490,2.8,-40,3,6,0
205,185,175,165,499,2.8,-40,3,6,0
205,185,175,165,508,2.8,-40,3,6,0
205,185,175,165,517,2.8,-40,3,6,0
220,200,160,165,526,2.8,-55,4,6,1
235,215,145,165,535,2.8,-70,4,7,1
250,230,130,165,544,2.8,-85,4,7,1
250,230,130,165,553,2.8,-85,4,7,0
250,230,130,165,562,2.8,-85,4,7,0
250,230,130,165,571,2.8,-85,4,7,0
250,230,130,351,539,3.52,101,4,7,0
250,230,130,351,551,3.52,101,4,7,0
250,230,130,351,563,3.52,101,4,7,0
250,230,130,351,575,3.52,101,4,7,0
250,230,130,351,587,3.52,101,4,7,0
250,230,130,351,599,3.52,101,4,7,0
250,230,130,351,611,3.52,101,4,7,0
250,230,130,351,623,3.52,101,4,7,0
250,230,130,351,635,3.52,101,3,7,0
250,230,130,351,647,3.52,101,3,7,0
250,230,130,279,315,3.34,29,2,7,0
250,230,130,279,324,3.34,29,2,7,0
250,230,130,279,333,3.34,29,2,7,0
250,230,130,279,342,3.34,29,3,7,0
250,230,130,279,351,3.34,29,3,7,0
250,230,130,279,360,3.34,29,3,8,0
250,230,130,279,369,3.34,29,3,8,0
250,230,130,279,378,3.34,29,3,8,0
250,230,130,279,387,3.34,29,3,8,0
250,230,130,279,396,3.34,29,3,8,0
250,230,130,279,405,3.34,29,3,8,0
250,230,130,279,414,3.34,29,3,8,0
250,230,130,279,423,3.34,29,3,8,0
250,230,130,279,432,3.34,29,3,8,0
250,230,130,279,441,3.34,29,3,8,0
250,230,130,279,450,3.34,29,3,8,0
250,230,130,279,459,3.34,29,3,8,0
250,230,130,279,468,3.34,29,3,8,0
250,230,130,279,477,3.34,29,3,8,0
235,215,145,279,486,3.34,44,3,8,-1
220,200,160,279,495,3.34,59,3,8,-1
205,185,175,279,504,3.34,74,3,8,-1
190,170,190,279,513,3.34,89,4,8,-1
185,165,195,279,522,3.34,94,4,8,0
185,165,195,279,531,3.34,94,4,8,0
185,165,195,279,540,3.34,94,4,9,0
185,165,195,279,549,3.34,94,4,9,0
185,165,195,279,558,3.34,94,4,9,0
185,165,195,262,527,4.1,77,4,9,0
185,165,195,262,539,4.1,77,4,9,0
185,165,195,262,551,4.1,77,4,9,0
185,165,195,262,563,4.1,77,4,9,0
185,165,195,262,575,4.1,77,4,9,0
185,165,195,262,587,4.1,77,4,9,0
185,165,195,262,599,4.1,77,4,9,0
185,165,195,262,611,4.1,77,4,9,0
185,165,195,262,623,4.1,77,4,9,0
185,165,195,262,635,4.1,77,4,9,0
185,165,195,151,414,3.92,-34,3,9,0
185,165,195,151,426,3.92,-34,2,9,0
185,165,195,151,438,3.92,-34,2,9,0
185,165,195,151,450,3.92,-34,3,9,0
185,165,195,151,462,3.92,-34,3,9,0
185,165,195,151,474,3.92,-34,3,9,0
195,175,185,151,486,3.92,-44,3,9,1
210,190,170,151,498,3.92,-59,3,10,1
225,205,155,151,510,3.92,-74,3,10,1
235,215,145,151,522,3.92,-84,3,10,0
235,215,145,151,534,3.92,-84,3,10,0
235,215,145,151,546,3.92,-84,3,10,0
235,215,145,151,558,3.92,-84,3,10,0
235,215,145,151,570,3.92,-84,3,10,0
235,215,145,151,582,3.92,-84,3,10,0
235,215,145,151,594,3.92,-84,3,10,0
235,215,145,151,606,3.92,-84,3,10,0
235,215,145,151,618,3.92,-84,3,10,0
235,215,145,151,630,3.92,-84,3,10,0
235,215,145,151,642,3.92,-84,3,10,0
235,215,145,376,319,2.85,141,2,10,0
235,215,145,376,328,2.85,141,2,10,0
235,215,145,376,337,2.85,141,3,10,0
235,215,145,376,346,2.85,141,3,10,0
235,215,145,376,355,2.85,141,3,10,0
235,215,145,376,364,2.85,141,3,10,0
235,215,145,376,373,2.85,141,3,10,0
235,215,145,376,382,2.85,141,3,11,0
235,215,145,376,391,2.85,141,3,11,0
235,215,145,376,400,2.85,141,3,11,0
235,215,145,376,409,2.85,141,3,11,0
235,215,145,376,418,2.85,141,3,11,0
235,215,145,376,427,2.85,141,3,11,0
235,215,145,376,436,2.85,141,3,11,0
235,215,145,376,445,2.85,141,3,11,0
235,215,145,376,454,2.85,141,3,11,0
235,215,145,376,463,2.85,141,3,11,0
235,215,145,376,472,2.85,141,3,11,0
235,215,145,376,481,2.85,141,3,11,0
235,215,145,376,490,2.85,141,3,11,0
235,215,145,376,499,2.85,141,3,11,0
235,215,145,376,508,2.85,141,4,11,0
235,215,145,376,517,2.85,141,4,11,0
235,215,145,376,526,2.85,141,4,11,0
235,215,145,376,535,2.85,141,4,11,0
235,215,145,376,544,2.85,141,4,11,0
235,215,145,376,553,2.85,141,4,11,0
235,215,145,376,562,2.85,141,4,12,0
235,215,145,357,530,3.55,122,4,12,0
235,215,145,357,542,3.55,122,4,12,0
235,215,145,357,554,3.55,122,4,12,0
235,215,145,357,566,3.55,122,4,12,0
235,215,145,357,578,3.55,122,4,12,0
235,215,145,357,590,3.55,122,4,12,0
235,215,145,357,602,3.55,122,4,12,0
235,215,145,357,614,3.55,122,4,12,0
235,215,145,357,626,3.55,122,4,12,0
235,215,145,357,638,3.55,122,3,12,0
235,215,145,357,650,3.55,122,3,12,0
235,215,145,91,323,3.25,-144,2,12,0
235,215,145,91,332,3.25,-144,3,12,0
235,215,145,91,341,3.25,-144,3,12,0
235,215,145,91,350,3.25,-144,3,12,0
235,215,145,91,359,3.25,-144,3,12,0
235,215,145,91,368,3.25,-144,3,12,0
235,215,145,91,377,3.25,-144,3,12,0
235,215,145,91,386,3.25,-144,3,12,0
235,215,145,91,395,3.25,-144,3,13,0
235,215,145,91,404,3.25,-144,3,13,0
235,215,145,91,413,3.25,-144,3,13,0
235,215,145,91,422,3.25,-144,3,13,0
235,215,145,91,431,3.25,-144,3,13,0
235,215,145,91,440,3.25,-144,3,13,0
235,215,145,91,449,3.25,-144,3,13,0
235,215,145,91,458,3.25,-144,3,13,0
235,215,145,91,467,3.25,-144,3,13,0
235,215,145,91,476,3.25,-144,3,13,0
235,215,145,91,485,3.25,-144,3,13,0
235,215,145,91,494,3.25,-144,3,13,0
235,215,145,91,503,3.25,-144,4,13,0
235,215,145,91,512,3.25,-144,4,13,0
235,215,145,91,521,3.25,-144,4,13,0
235,215,145,91,530,3.25,-144,4,13,0
235,215,145,91,539,3.25,-144,4,13,0
235,215,145,91,548,3.25,-144,4,13,0
235,215,145,91,557,3.25,-144,4,13,0
235,215,145,109,531,3.7,-126,4,13,0
235,215,145,109,543,3.7,-126,4,14,0
235,215,145,109,555,3.7,-126,4,14,0
235,215,145,109,567,3.7,-126,4,14,0
235,215,145,109,579,3.7,-126,4,14,0
235,215,145,109,591,3.7,-126,4,14,0
235,215,145,109,603,3.7,-126,4,14,0
235,215,145,109,615,3.7,-126,4,14,0
235,215,145,109,627,3.7,-126,4,14,0
235,215,145,109,639,3.7,-126,4,14,0
235,215,145,109,651,3.7,-126,3,14,0
235,215,145,250,328,3.13,15,3,14,0
235,215,145,250,337,3.13,15,3,14,0
235,215,145,250,346,3.13,15,3,14,0
235,215,145,250,355,3.13,15,3,14,0
235,215,145,250,364,3.13,15,3,14,0
235,215,145,250,373,3.13,15,3,14,0
235,215,145,250,382,3.13,15,3,14,0
235,215,145,250,391,3.13,15,3,14,0
235,215,145,250,400,3.13,15,3,14,0
235,215,145,250,409,3.13,15,3,14,0
235,215,145,250,418,3.13,15,3,15,0
235,215,145,250,427,3.13,15,3,15,0
235,215,145,250,436,3.13,15,3,15,0
235,215,145,250,445,3.13,15,3,15,0
235,215,145,250,454,3.13,15,3,15,0
235,215,145,250,463,3.13,15,3,15,0
235,215,145,250,472,3.13,15,3,15,0
230,210,150,250,481,3.13,20,3,15,-1
215,195,165,250,490,3.13,35,3,15,-1
200,180,180,250,499,3.13,50,4,15,-1
185,165,195,250,508,3.13,65,4,15,-1
185,165,195,250,517,3.13,65,4,15,0
185,165,195,250,526,3.13,65,4,15,0
185,165,195,250,535,3.13,65,4,15,0
185,165,195,250,544,3.13,65,4,15,0
185,165,195,250,553,3.13,65,4,15,0
185,165,195,250,562,3.13,65,4,15,0
185,165,195,250,571,3.13,65,4,15,0
185,165,195,250,580,3.13,65,4,15,0
185,165,195,250,589,3.13,65,4,15,0
185,165,195,250,598,3.13,65,4,16,0
185,165,195,250,607,3.13,65,4,16,0
185,165,195,250,616,3.13,65,4,16,0
185,165,195,250,625,3.13,65,4,16,0
185,165,195,250,634,3.13,65,4,16,0
185,165,195,250,643,3.13,65,4,16,0
185,165,195,281,485,3.46,96,3,16,0
185,165,195,281,494,3.46,96,4,16,0
185,165,195,281,503,3.46,96,4,16,0
185,165,195,281,512,3.46,96,4,16,0
185,165,195,281,521,3.46,96,4,16,0
185,165,195,281,530,3.46,96,4,16,0
185,165,195,281,539,3.46,96,4,16,0
185,165,195,281,548,3.46,96,4,16,0
185,165,195,281,557,3.46,96,4,16,0
185,165,195,281,566,3.46,96,4,16,0
185,165,195,281,575,3.46,96,4,16,0
185,165,195,281,584,3.46,96,4,16,0
185,165,195,281,593,3.46,96,4,16,0
185,165,195,281,602,3.46,96,4,16,0
185,165,195,281,611,3.46,96,4,17,0
185,165,195,281,620,3.46,96,4,17,0
185,165,195,281,629,3.46,96,4,17,0
185,165,195,281,638,3.46,96,4,17,0
185,165,195,281,647,3.46,96,4,17,0
185,165,195,281,435,4.13,96,4,17,0
185,165,195,281,447,4.13,96,4,17,0
185,165,195,281,459,4.13,96,4,17,0
185,165,195,281,471,4.13,96,4,17,0
185,165,195,281,483,4.13,96,4,17,0
185,165,195,281,495,4.13,96,4,17,0
185,165,195,281,507,4.13,96,4,17,0
185,165,195,281,519,4.13,96,4,17,0
185,165,195,281,531,4.13,96,4,17,0
185,165,195,281,543,4.13,96,4,17,0
185,165,195,281,555,4.13,96,4,17,0
185,165,195,281,567,4.13,96,4,17,0
185,165,195,281,579,4.13,96,4,17,0
185,165,195,281,591,4.13,96,4,17,0
185,165,195,281,603,4.13,96,4,17,0
185,165,195,281,615,4.13,96,4,18,0
185,165,195,179,401,4.11,-6,4,18,0
185,165,195,179,413,4.11,-6,4,18,0
185,165,195,179,425,4.11,-6,3,18,0
185,165,195,179,437,4.11,-6,3,18,0
185,165,195,179,449,4.11,-6,3,18,0
185,165,195,179,461,4.11,-6,3,18,0
200,180,180,179,473,4.11,-21,3,18,1
215,195,165,179,485,4.11,-36,3,18,1
230,210,150,179,497,4.11,-51,3,18,1
240,220,140,179,509,4.11,-61,3,18,0
240,220,140,179,521,4.11,-61,3,18,0
240,220,140,179,533,4.11,-61,3,18,0
240,220,140,179,545,4.11,-61,3,18,0
240,220,140,179,557,4.11,-61,3,18,0
240,220,140,179,569,4.11,-61,3,18,0
240,220,140,179,581,4.11,-61,3,18,0
240,220,140,179,593,4.11,-61,3,18,0
240,220,140,179,605,4.11,-61,3,18,0
240,220,140,179,617,4.11,-61,3,18,0
240,220,140,179,629,4.11,-61,3,19,0
240,220,140,230,423,4.39,-10,4,19,0
240,220,140,230,435,4.39,-10,4,19,0
240,220,140,230,447,4.39,-10,3,19,0
240,220,140,230,459,4.39,-10,3,19,0
230,210,150,230,471,4.39,0,3,19,-1
215,195,165,230,483,4.39,15,3,19,-1
200,180,180,230,495,4.39,30,3,19,-1
185,165,195,230,507,4.39,45,3,19,-1
175,155,205,230,519,4.39,55,3,19,0
175,155,205,230,531,4.39,55,3,19,0
175,155,205,230,543,4.39,55,3,19,0
175,155,205,230,555,4.39,55,3,19,0
175,155,205,230,567,4.39,55,3,19,0
175,155,205,230,579,4.39,55,3,19,0
175,155,205,230,591,4.39,55,3,19,0
175,155,205,230,603,4.39,55,3,19,0
175,155,205,230,615,4.39,55,3,19,0
175,155,205,230,627,4.39,55,3,19,0
175,155,205,230,639,4.39,55,4,19,0
175,155,205,230,651,4.39,55,4,20,0
175,155,205,191,333,3.03,16,3,20,0
175,155,205,191,342,3.03,16,3,20,0
175,155,205,191,351,3.03,16,3,20,0
175,155,205,191,360,3.03,16,3,20,0
175,155,205,191,369,3.03,16,3,20,0
175,155,205,191,378,3.03,16,3,20,0
175,155,205,191,387,3.03,16,3,20,0
175,155,205,191,396,3.03,16,3,20,0
175,155,205,191,405,3.03,16,3,20,0
175,155,205,191,414,3.03,16,3,20,0
175,155,205,191,423,3.03,16,3,20,0
175,155,205,191,432,3.03,16,3,20,0
175,155,205,191,441,3.03,16,3,20,0
175,155,205,191,450,3.03,16,3,20,0
175,155,205,191,459,3.03,16,3,20,0
180,160,200,191,468,3.03,11,3,20,1
195,175,185,191,477,3.03,-4,4,20,1
210,190,170,191,486,3.03,-19,4,20,1
225,205,155,191,495,3.03,-34,4,20,1
240,220,140,191,504,3.03,-49,4,21,1
250,230,130,191,513,3.03,-59,4,21,0
250,230,130,191,522,3.03,-59,4,21,0
250,230,130,191,531,3.03,-59,4,21,0
250,230,130,191,540,3.03,-59,4,21,0
250,230,130,191,549,3.03,-59,4,21,0
250,230,130,191,558,3.03,-59,4,21,0
250,230,130,191,567,3.03,-59,4,21,0
250,230,130,191,576,3.03,-59,4,21,0
250,230,130,191,585,3.03,-59,4,21,0
250,230,130,191,594,3.03,-59,4,21,0
250,230,130,191,603,3.03,-59,4,21,0
250,230,130,191,612,3.03,-59,4,21,0
250,230,130,191,621,3.03,-59,4,21,0
250,230,130,191,630,3.03,-59,4,21,0
250,230,130,191,639,3.03,-59,5,21,0
250,230,130,191,648,3.03,-59,4,21,0
250,230,130,322,331,3.14,72,3,21,0
250,230,130,322,340,3.14,72,3,21,0
250,230,130,322,349,3.14,72,3,21,0
250,230,130,322,358,3.14,72,3,22,0
250,230,130,322,367,3.14,72,3,22,0
250,230,130,322,376,3.14,72,3,22,0
250,230,130,322,385,3.14,72,3,22,0
250,230,130,322,394,3.14,72,3,22,0
250,230,130,322,403,3.14,72,3,22,0
250,230,130,322,412,3.14,72,3,22,0
250,230,130,322,421,3.14,72,3,22,0
250,230,130,322,430,3.14,72,3,22,0
250,230,130,322,439,3.14,72,3,22,0
250,230,130,322,448,3.14,72,3,22,0
250,230,130,322,457,3.14,72,3,22,0
250,230,130,322,466,3.14,72,3,22,0
250,230,130,322,475,3.14,72,4,22,0
250,230,130,322,484,3.14,72,4,22,0
250,230,130,322,493,3.14,72,4,22,0
250,230,130,322,502,3.14,72,4,22,0
250,230,130,322,511,3.14,72,4,22,0
250,230,130,322,520,3.14,72,4,22,0
250,230,130,322,529,3.14,72,4,22,0
235,215,145,322,538,3.14,87,4,23,-1
220,200,160,322,547,3.14,102,4,23,-1
220,200,160,322,556,3.14,102,4,23,0
220,200,160,322,565,3.14,102,4,23,0
220,200,160,322,574,3.14,102,4,23,0
220,200,160,322,583,3.14,102,4,23,0
220,200,160,322,592,3.14,102,4,23,0
220,200,160,322,601,3.14,102,4,23,0
220,200,160,322,610,3.14,102,4,23,0
220,200,160,322,619,3.14,102,4,23,0
220,200,160,322,628,3.14,102,5,23,0
220,200,160,283,431,4.18,63,5,23,0
220,200,160,283,443,4.18,63,4,23,0
220,200,160,283,455,4.18,63,3,23,0
220,200,160,283,467,4.18,63,3,23,0
220,200,160,283,479,4.18,63,3,23,0
220,200,160,283,491,4.18,63,3,23,0
220,200,160,283,503,4.18,63,3,23,0
220,200,160,283,515,4.18,63,3,23,0
220,200,160,283,527,4.18,63,3,23,0
205,185,175,283,539,4.18,78,3,24,-1
190,170,190,283,551,4.18,93,3,24,-1
180,160,200,283,563,4.18,103,3,24,0
180,160,200,283,575,4.18,103,3,24,0
180,160,200,283,587,4.18,103,3,24,0
180,160,200,283,599,4.18,103,3,24,0
180,160,200,283,611,4.18,103,3,24,0
180,160,200,283,623,4.18,103,3,24,0
180,160,200,283,635,4.18,103,4,24,0
180,160,200,283,647,4.18,103,4,24,0
180,160,200,81,447,4.48,-99,3,24,0
180,160,200,81,459,4.48,-99,3,24,0
180,160,200,81,471,4.48,-99,3,24,0
180,160,200,81,483,4.48,-99,3,24,0
180,160,200,81,495,4.48,-99,3,24,0
180,160,200,81,507,4.48,-99,3,24,0
180,160,200,81,519,4.48,-99,3,24,0
180,160,200,81,531,4.48,-99,3,24,0
180,160,200,81,543,4.48,-99,3,24,0
180,160,200,81,555,4.48,-99,3,24,0
180,160,200,81,567,4.48,-99,3,25,0
180,160,200,81,579,4.48,-99,3,25,0
180,160,200,81,591,4.48,-99,3,25,0
180,160,200,81,603,4.48,-99,3,25,0
180,160,200,81,615,4.48,-99,3,25,0
180,160,200,81,627,4.48,-99,4,25,0
180,160,200,81,639,4.48,-99,4,25,0
180,160,200,59,437,4.33,-121,3,25,0
180,160,200,59,449,4.33,-121,3,25,0
180,160,200,59,461,4.33,-121,3,25,0
180,160,200,59,473,4.33,-121,3,25,0
180,160,200,59,485,4.33,-121,3,25,0
180,160,200,59,497,4.33,-121,3,25,0
180,160,200,59,509,4.33,-121,3,25,0
180,160,200,59,521,4.33,-121,3,25,0
180,160,200,59,533,4.33,-121,3,25,0
180,160,200,59,545,4.33,-121,3,25,0
180,160,200,59,557,4.33,-121,3,25,0
180,160,200,59,569,4.33,-121,3,25,0
180,160,200,59,581,4.33,-121,3,25,0
180,160,200,59,593,4.33,-121,3,26,0
180,160,200,59,605,4.33,-121,3,26,0
180,160,200,59,617,4.33,-121,4,26,0
180,160,200,59,629,4.33,-121,4,26,0
180,160,200,59,641,4.33,-121,4,26,0
180,160,200,96,327,3.23,-84,3,26,0
180,160,200,96,336,3.23,-84,3,26,0
180,160,200,96,345,3.23,-84,3,26,0
180,160,200,96,354,3.23,-84,3,26,0
180,160,200,96,363,3.23,-84,3,26,0
180,160,200,96,372,3.23,-84,3,26,0
180,160,200,96,381,3.23,-84,3,26,0
180,160,200,96,390,3.23,-84,3,26,0
180,160,200,96,399,3.23,-84,3,26,0
180,160,200,96,408,3.23,-84,3,26,0
180,160,200,96,417,3.23,-84,3,26,0
180,160,200,96,426,3.23,-84,3,26,0
180,160,200,96,435,3.23,-84,3,26,0
180,160,200,96,444,3.23,-84,3,26,0
180,160,200,96,453,3.23,-84,3,26,0
180,160,200,96,462,3.23,-84,4,27,0
180,160,200,96,471,3.23,-84,4,27,0
180,160,200,96,480,3.23,-84,4,27,0
180,160,200,96,489,3.23,-84,4,27,0
180,160,200,96,498,3.23,-84,4,27,0
180,160,200,96,507,3.23,-84,4,27,0
180,160,200,96,516,3.23,-84,4,27,0
180,160,200,96,525,3.23,-84,4,27,0
180,160,200,96,534,3.23,-84,4,27,0
180,160,200,96,543,3.23,-84,4,27,0
180,160,200,96,552,3.23,-84,4,27,0
180,160,200,96,561,3.23,-84,4,27,0
180,160,200,96,570,3.23,-84,4,27,0
180,160,200,96,579,3.23,-84,4,27,0
180,160,200,96,588,3.23,-84,4,27,0
180,160,200,96,597,3.23,-84,4,27,0
180,160,200,262,502,4.59,82,4,27,0
180,160,200,262,517,4.59,82,5,27,0
180,160,200,262,532,4.59,82,5,27,0
180,160,200,262,547,4.59,82,5,27,0
180,160,200,262,562,4.59,82,5,28,0
180,160,200,262,577,4.59,82,5,28,0
180,160,200,262,592,4.59,82,4,28,0
180,160,200,262,607,4.59,82,4,28,0
180,160,200,262,622,4.59,82,4,28,0
180,160,200,334,536,3.32,154,4,28,0
180,160,200,334,545,3.32,154,3,28,0
180,160,200,334,554,3.32,154,3,28,0
180,160,200,334,563,3.32,154,3,28,0
180,160,200,334,572,3.32,154,3,28,0
180,160,200,334,581,3.32,154,3,28,0
180,160,200,334,590,3.32,154,3,28,0
180,160,200,334,599,3.32,154,3,28,0
180,160,200,334,608,3.32,154,3,28,0
180,160,200,334,617,3.32,154,4,28,0
180,160,200,334,626,3.32,154,4,28,0
180,160,200,334,635,3.32,154,4,28,0
180,160,200,41,442,3.56,-139,4,28,0
180,160,200,41,454,3.56,-139,3,28,0
180,160,200,41,466,3.56,-139,3,28,0
180,160,200,41,478,3.56,-139,3,29,0
180,160,200,41,490,3.56,-139,3,29,0
180,160,200,41,502,3.56,-139,3,29,0
180,160,200,41,514,3.56,-139,3,29,0
180,160,200,41,526,3.56,-139,3,29,0
180,160,200,41,538,3.56,-139,3,29,0
180,160,200,41,550,3.56,-139,3,29,0
180,160,200,41,562,3.56,-139,3,29,0
180,160,200,41,574,3.56,-139,3,29,0
180,160,200,41,586,3.56,-139,3,29,0
180,160,200,41,598,3.56,-139,3,29,0
180,160,200,41,610,3.56,-139,4,29,0
180,160,200,41,622,3.56,-139,4,29,0
180,160,200,41,634,3.56,-139,4,29,0
180,160,200,41,646,3.56,-139,4,29,0
180,160,200,381,454,4.08,201,3,29,0
180,160,200,381,466,4.08,201,3,29,0
180,160,200,381,478,4.08,201,3,29,0
180,160,200,381,490,4.08,201,3,29,0
180,160,200,381,502,4.08,201,3,29,0
180,160,200,381,514,4.08,201,3,30,0
180,160,200,381,526,4.08,201,3,30,0
180,160,200,381,538,4.08,201,3,30,0
180,160,200,381,550,4.08,201,3,30,0
180,160,200,381,562,4.08,201,3,30,0
180,160,200,381,574,4.08,201,3,30,0
180,160,200,381,586,4.08,201,3,30,0
180,160,200,381,598,4.08,201,4,30,0
180,160,200,277,409,3.66,97,4,30,0
180,160,200,277,421,3.66,97,4,30,0
180,160,200,277,433,3.66,97,4,30,0
180,160,200,277,445,3.66,97,4,30,0
180,160,200,277,457,3.66,97,3,30,0
180,160,200,277,469,3.66,97,3,30,0
180,160,200,277,481,3.66,97,3,30,0
180,160,200,277,493,3.66,97,3,30,0
180,160,200,277,505,3.66,97,3,30,0
180,160,200,277,517,3.66,97,3,30,0
180,160,200,277,529,3.66,97,3,30,0
180,160,200,277,541,3.66,97,3,30,0
180,160,200,277,553,3.66,97,3,31,0
180,160,200,277,565,3.66,97,3,31,0
180,160,200,277,577,3.66,97,3,31,0
180,160,200,277,589,3.66,97,3,31,0
180,160,200,277,601,3.66,97,4,31,0
180,160,200,277,613,3.66,97,4,31,0
180,160,200,277,625,3.66,97,4,31,0
180,160,200,277,637,3.66,97,4,31,0
180,160,200,277,649,3.66,97,4,31,0
180,160,200,41,458,4.22,-139,3,31,0
180,160,200,41,470,4.22,-139,3,31,0
180,160,200,41,482,4.22,-139,3,31,0
180,160,200,41,494,4.22,-139,3,31,0
180,160,200,41,506,4.22,-139,3,31,0
180,160,200,41,518,4.22,-139,3,31,0
180,160,200,41,530,4.22,-139,3,31,0
180,160,200,41,542,4.22,-139,3,31,0
180,160,200,41,554,4.22,-139,3,31,0
180,160,200,41,566,4.22,-139,3,31,0
180,160,200,41,578,4.22,-139,3,31,0
180,160,200,185,386,4.05,5,3,32,0
180,160,200,185,398,4.05,5,4,32,0
180,160,200,185,410,4.05,5,4,32,0
180,160,200,185,422,4.05,5,4,32,0
180,160,200,185,434,4.05,5,4,32,0
180,160,200,185,446,4.05,5,3,32,0
175,155,205,185,458,4.05,10,3,32,-1
160,140,220,185,470,4.05,25,3,32,-1
145,125,235,185,482,4.05,40,3,32,-1
130,110,250,185,494,4.05,55,3,32,-1
125,105,255,185,506,4.05,60,3,32,0
125,105,255,185,518,4.05,60,3,32,0
125,105,255,185,530,4.05,60,3,32,0
125,105,255,185,542,4.05,60,3,32,0
125,105,255,185,554,4.05,60,3,32,0
125,105,255,185,566,4.05,60,3,32,0
125,105,255,185,578,4.05,60,3,32,0
125,105,255,185,590,4.05,60,4,32,0
125,105,255,185,602,4.05,60,4,32,0
125,105,255,185,614,4.05,60,4,32,0
125,105,255,185,626,4.05,60,4,33,0
125,105,255,185,638,4.05,60,4,33,0
125,105,255,185,650,4.05,60,4,33,0
125,105,255,382,461,3.62,257,3,33,0
125,105,255,382,473,3.62,257,3,33,0
125,105,255,382,485,3.62,257,3,33,0
125,105,255,382,497,3.62,257,3,33,0
125,105,255,382,509,3.62,257,3,33,0
125,105,255,382,521,3.62,257,3,33,0
125,105,255,382,533,3.62,257,3,33,0
125,105,255,382,545,3.62,257,3,33,0
125,105,255,382,557,3.62,257,3,33,0
125,105,255,382,569,3.62,257,3,33,0
125,105,255,382,581,3.62,257,3,33,0
125,105,255,382,593,3.62,257,4,33,0
125,105,255,108,266,4.67,-17,4,33,0
125,105,255,108,281,4.67,-17,4,33,0
125,105,255,108,296,4.67,-17,4,33,0
125,105,255,108,311,4.67,-17,4,33,0
125,105,255,108,326,4.67,-17,4,33,0
125,105,255,108,341,4.67,-17,3,34,0
125,105,255,108,356,4.67,-17,3,34,0
125,105,255,108,371,4.67,-17,3,34,0
125,105,255,108,386,4.67,-17,3,34,0
125,105,255,108,401,4.67,-17,3,34,0
125,105,255,108,416,4.67,-17,3,34,0
125,105,255,108,431,4.67,-17,3,34,0
125,105,255,108,446,4.67,-17,3,34,0
125,105,255,108,461,4.67,-17,3,34,0
135,115,245,108,476,4.67,-27,3,34,1
150,130,230,108,491,4.67,-42,4,34,1
165,145,215,108,506,4.67,-57,4,34,1
170,150,210,108,521,4.67,-62,4,34,0
170,150,210,108,536,4.67,-62,4,34,0
170,150,210,108,551,4.67,-62,4,34,0
170,150,210,108,566,4.67,-62,4,34,0
170,150,210,108,581,4.67,-62,3,34,0
170,150,210,108,596,4.67,-62,3,34,0
170,150,210,108,611,4.67,-62,3,34,0
170,150,210,108,626,4.67,-62,3,34,0
170,150,210,108,641,4.67,-62,3,35,0
170,150,210,331,322,4.11,161,2,35,0
170,150,210,331,334,4.11,161,2,35,0
170,150,210,331,346,4.11,161,2,35,0
170,150,210,331,358,4.11,161,2,35,0
170,150,210,331,370,4.11,161,2,35,0
170,150,210,331,382,4.11,161,3,35,0
170,150,210,331,394,4.11,161,3,35,0
170,150,210,331,406,4.11,161,3,35,0
170,150,210,331,418,4.11,161,3,35,0
170,150,210,331,430,4.11,161,3,35,0
170,150,210,331,442,4.11,161,3,35,0
170,150,210,331,454,4.11,161,3,35,0
170,150,210,331,466,4.11,161,3,35,0
170,150,210,331,478,4.11,161,3,35,0
170,150,210,331,490,4.11,161,3,35,0
170,150,210,331,502,4.11,161,3,35,0
170,150,210,331,514,4.11,161,3,35,0
170,150,210,331,526,4.11,161,3,35,0
170,150,210,331,538,4.11,161,3,35,0
170,150,210,331,550,4.11,161,3,36,0
170,150,210,331,562,4.11,161,3,36,0
170,150,210,331,574,4.11,161,4,36,0
170,150,210,331,586,4.11,161,4,36,0
170,150,210,331,598,4.11,161,4,36,0
170,150,210,331,610,4.11,161,4,36,0
170,150,210,331,622,4.11,161,4,36,0
170,150,210,50,439,3.54,-120,4,36,0
170,150,210,50,451,3.54,-120,4,36,0
170,150,210,50,463,3.54,-120,3,36,0
170,150,210,50,475,3.54,-120,3,36,0
170,150,210,50,487,3.54,-120,3,36,0
170,150,210,50,499,3.54,-120,3,36,0
170,150,210,50,511,3.54,-120,3,36,0
170,150,210,50,523,3.54,-120,3,36,0
170,150,210,50,535,3.54,-120,3,36,0
170,150,210,50,547,3.54,-120,3,36,0
170,150,210,50,559,3.54,-120,3,36,0
170,150,210,213,474,4.65,43,4,36,0
170,150,210,213,489,4.65,43,4,36,0
160,140,220,213,504,4.65,53,4,37,-1
145,125,235,213,519,4.65,68,4,37,-1
135,115,245,213,534,4.65,78,4,37,0
135,115,245,213,549,4.65,78,4,37,0
135,115,245,213,564,4.65,78,4,37,0
135,115,245,213,579,4.65,78,3,37,0
135,115,245,213,594,4.65,78,3,37,0
135,115,245,213,609,4.65,78,3,37,0
135,115,245,213,624,4.65,78,3,37,0
135,115,245,213,639,4.65,78,3,37,0
135,115,245,30,413,4.63,-105,2,37,0
135,115,245,30,428,4.63,-105,2,37,0
135,115,245,30,443,4.63,-105,2,37,0
135,115,245,30,458,4.63,-105,2,37,0
135,115,245,30,473,4.63,-105,3,37,0
135,115,245,30,488,4.63,-105,3,37,0
135,115,245,30,503,4.63,-105,3,37,0
135,115,245,30,518,4.63,-105,3,37,0
135,115,245,30,533,4.63,-105,3,37,0
135,115,245,30,548,4.63,-105,3,37,0
135,115,245,30,563,4.63,-105,3,38,0
135,115,245,30,578,4.63,-105,3,38,0
135,115,245,30,593,4.63,-105,3,38,0
135,115,245,30,608,4.63,-105,3,38,0
135,115,245,30,623,4.63,-105,3,38,0
135,115,245,30,638,4.63,-105,3,38,0
135,115,245,215,331,3.66,80,2,38,0
135,115,245,215,343,3.66,80,2,38,0
135,115,245,215,355,3.66,80,2,38,0
135,115,245,215,367,3.66,80,2,38,0
135,115,245,215,379,3.66,80,3,38,0
135,115,245,215,391,3.66,80,3,38,0
135,115,245,215,403,3.66,80,3,38,0
135,115,245,215,415,3.66,80,3,38,0
135,115,245,215,427,3.66,80,3,38,0
135,115,245,215,439,3.66,80,3,38,0
135,115,245,215,451,3.66,80,3,38,0
135,115,245,215,463,3.66,80,3,38,0
135,115,245,215,475,3.66,80,3,38,0
135,115,245,215,487,3.66,80,3,38,0
135,115,245,215,499,3.66,80,3,39,0
135,115,245,215,511,3.66,80,3,39,0
135,115,245,215,523,3.66,80,3,39,0
135,115,245,215,535,3.66,80,3,39,0
125,105,255,215,547,3.66,90,3,39,-1
110,90,270,215,559,3.66,105,3,39,-1
95,75,285,215,571,3.66,120,4,39,-1
90,70,290,215,583,3.66,125,4,39,0
90,70,290,215,595,3.66,125,4,39,0
90,70,290,215,607,3.66,125,4,39,0
90,70,290,215,619,3.66,125,4,39,0
90,70,290,215,631,3.66,125,4,39,0
90,70,290,215,643,3.66,125,4,39,0
90,70,290,78,268,4.45,-12,3,39,0
90,70,290,78,280,4.45,-12,3,39,0
90,70,290,78,292,4.45,-12,3,39,0
90,70,290,78,304,4.45,-12,3,39,0
90,70,290,78,316,4.45,-12,3,39,0
90,70,290,78,328,4.45,-12,3,39,0
90,70,290,78,340,4.45,-12,3,39,0
90,70,290,78,352,4.45,-12,3,40,0
90,70,290,78,364,4.45,-12,3,40,0
90,70,290,78,376,4.45,-12,4,40,0
90,70,290,78,388,4.45,-12,4,40,0
90,70,290,78,400,4.45,-12,4,40,0
90,70,290,78,412,4.45,-12,4,40,0
90,70,290,78,424,4.45,-12,4,40,0
90,70,290,78,436,4.45,-12,4,40,0
90,70,290,78,448,4.45,-12,4,40,0
90,70,290,78,460,4.45,-12,4,40,0
90,70,290,78,472,4.45,-12,3,40,0
100,80,280,78,484,4.45,-22,3,40,1
115,95,265,78,496,4.45,-37,3,40,1
130,110,250,78,508,4.45,-52,3,40,1
140,120,240,78,520,4.45,-62,3,40,0
140,120,240,78,532,4.45,-62,3,40,0
140,120,240,78,544,4.45,-62,3,40,0
140,120,240,78,556,4.45,-62,4,40,0
140,120,240,78,568,4.45,-62,4,40,0
140,120,240,78,580,4.45,-62,4,40,0
140,120,240,78,592,4.45,-62,4,41,0
140,120,240,78,604,4.45,-62,4,41,0
140,120,240,78,616,4.45,-62,4,41,0
140,120,240,78,628,4.45,-62,4,41,0
140,120,240,78,640,4.45,-62,4,41,0
140,120,240,364,465,4.14,224,3,41,0
140,120,240,364,477,4.14,224,3,41,0
140,120,240,364,489,4.14,224,3,41,0
140,120,240,364,501,4.14,224,3,41,0
140,120,240,364,513,4.14,224,3,41,0
140,120,240,364,525,4.14,224,3,41,0
140,120,240,364,537,4.14,224,3,41,0
140,120,240,364,549,4.14,224,3,41,0
140,120,240,364,561,4.14,224,4,41,0
140,120,240,364,573,4.14,224,4,41,0
140,120,240,364,585,4.14,224,4,41,0
140,120,240,364,597,4.14,224,4,41,0
140,120,240,389,531,4.82,249,4,41,0
140,120,240,389,546,4.82,249,4,41,0
140,120,240,389,561,4.82,249,4,41,0
140,120,240,389,576,4.82,249,4,42,0
140,120,240,389,591,4.82,249,3,42,0
140,120,240,389,606,4.82,249,3,42,0
140,120,240,389,621,4.82,249,3,42,0
140,120,240,389,636,4.82,249,3,42,0
140,120,240,22,325,3.95,-118,2,42,0
140,120,240,22,337,3.95,-118,2,42,0
140,120,240,22,349,3.95,-118,2,42,0
140,120,240,22,361,3.95,-118,3,42,0
140,120,240,22,373,3.95,-118,3,42,0
140,120,240,22,385,3.95,-118,3,42,0
140,120,240,22,397,3.95,-118,3,42,0
140,120,240,22,409,3.95,-118,3,42,0
140,120,240,22,421,3.95,-118,3,42,0
140,120,240,22,433,3.95,-118,3,42,0
140,120,240,22,445,3.95,-118,3,42,0
140,120,240,22,457,3.95,-118,3,42,0
140,120,240,22,469,3.95,-118,3,42,0
140,120,240,22,481,3.95,-118,3,42,0
140,120,240,22,493,3.95,-118,3,42,0
140,120,240,22,505,3.95,-118,3,43,0
140,120,240,22,517,3.95,-118,3,43,0
140,120,240,22,529,3.95,-118,3,43,0
140,120,240,22,541,3.95,-118,3,43,0
140,120,240,22,553,3.95,-118,4,43,0
140,120,240,22,565,3.95,-118,4,43,0
140,120,240,22,577,3.95,-118,4,43,0
140,120,240,22,589,3.95,-118,4,43,0
140,120,240,22,601,3.95,-118,4,43,0
140,120,240,22,613,3.95,-118,4,43,0
140,120,240,22,625,3.95,-118,4,43,0
140,120,240,22,637,3.95,-118,4,43,0
140,120,240,22,649,3.95,-118,4,43,0
140,120,240,361,597,4.68,221,3,43,0
140,120,240,361,612,4.68,221,3,43,0
140,120,240,83,318,4.49,-57,3,43,0
140,120,240,83,330,4.49,-57,3,43,0
140,120,240,83,342,4.49,-57,2,43,0
140,120,240,83,354,4.49,-57,2,43,0
140,120,240,83,366,4.49,-57,3,43,0
140,120,240,83,378,4.49,-57,3,44,0
140,120,240,83,390,4.49,-57,3,44,0
140,120,240,83,402,4.49,-57,3,44,0
140,120,240,83,414,4.49,-57,3,44,0
140,120,240,83,426,4.49,-57,3,44,0
140,120,240,83,438,4.49,-57,3,44,0
140,120,240,83,450,4.49,-57,3,44,0
140,120,240,83,462,4.49,-57,3,44,0
140,120,240,83,474,4.49,-57,3,44,0
140,120,240,83,486,4.49,-57,3,44,0
140,120,240,83,498,4.49,-57,3,44,0
140,120,240,83,510,4.49,-57,3,44,0
140,120,240,83,522,4.49,-57,3,44,0
140,120,240,83,534,4.49,-57,3,44,0
140,120,240,83,546,4.49,-57,4,44,0
155,135,225,83,558,4.49,-72,4,44,1
170,150,210,83,570,4.49,-87,4,44,1
170,150,210,83,582,4.49,-87,4,44,0
170,150,210,238,514,4.96,68,4,44,0
170,150,210,238,529,4.96,68,4,44,0
170,150,210,238,544,4.96,68,4,45,0
155,135,225,238,559,4.96,83,4,45,-1
140,120,240,238,574,4.96,98,4,45,-1
135,115,245,238,589,4.96,103,3,45,0
135,115,245,238,604,4.96,103,3,45,0
135,115,245,238,619,4.96,103,3,45,0
135,115,245,238,634,4.96,103,3,45,0
135,115,245,238,649,4.96,103,3,45,0
135,115,245,227,436,4.56,92,2,45,0
135,115,245,227,451,4.56,92,3,45,0
135,115,245,227,466,4.56,92,3,45,0
135,115,245,227,481,4.56,92,3,45,0
135,115,245,227,496,4.56,92,3,45,0
135,115,245,227,511,4.56,92,3,45,0
135,115,245,227,526,4.56,92,3,45,0
135,115,245,227,541,4.56,92,3,45,0
135,115,245,227,556,4.56,92,3,45,0
135,115,245,227,571,4.56,92,3,45,0
135,115,245,227,586,4.56,92,3,45,0
135,115,245,227,601,4.56,92,3,45,0
135,115,245,227,616,4.56,92,3,46,0
135,115,245,227,631,4.56,92,3,46,0
135,115,245,227,646,4.56,92,3,46,0
135,115,245,18,426,4.56,-117,2,46,0
135,115,245,18,441,4.56,-117,3,46,0
135,115,245,18,456,4.56,-117,3,46,0
135,115,245,18,471,4.56,-117,3,46,0
135,115,245,18,486,4.56,-117,3,46,0
135,115,245,18,501,4.56,-117,3,46,0
135,115,245,18,516,4.56,-117,3,46,0
135,115,245,18,531,4.56,-117,3,46,0
135,115,245,18,546,4.56,-117,3,46,0
135,115,245,18,561,4.56,-117,3,46,0
135,115,245,18,576,4.56,-117,3,46,0
135,115,245,18,591,4.56,-117,3,46,0
135,115,245,18,606,4.56,-117,3,46,0
135,115,245,18,621,4.56,-117,3,46,0
135,115,245,18,636,4.56,-117,3,46,0
135,115,245,18,651,4.56,-117,3,46,0
135,115,245,53,354,3.9,-82,3,46,0
135,115,245,53,366,3.9,-82,3,47,0
135,115,245,53,378,3.9,-82,3,47,0
135,115,245,53,390,3.9,-82,3,47,0
135,115,245,53,402,3.9,-82,3,47,0
135,115,245,53,414,3.9,-82,3,47,0
135,115,245,53,426,3.9,-82,3,47,0
135,115,245,53,438,3.9,-82,3,47,0
135,115,245,53,450,3.9,-82,3,47,0
135,115,245,53,462,3.9,-82,3,47,0
135,115,245,53,474,3.9,-82,3,47,0
135,115,245,53,486,3.9,-82,3,47,0
135,115,245,53,498,3.9,-82,3,47,0
135,115,245,53,510,3.9,-82,3,47,0
135,115,245,53,522,3.9,-82,3,47,0
135,115,245,53,534,3.9,-82,4,47,0
135,115,245,53,546,3.9,-82,4,47,0
135,115,245,53,558,3.9,-82,4,47,0
135,115,245,53,570,3.9,-82,4,47,0
135,115,245,53,582,3.9,-82,4,47,0
135,115,245,53,594,3.9,-82,4,47,0
135,115,245,53,606,3.9,-82,4,48,0
135,115,245,53,618,3.9,-82,4,48,0
135,115,245,192,449,4.18,57,4,48,0
135,115,245,192,461,4.18,57,4,48,0
135,115,245,192,473,4.18,57,3,48,0
135,115,245,192,485,4.18,57,3,48,0
135,115,245,192,497,4.18,57,3,48,0
135,115,245,192,509,4.18,57,3,48,0
135,115,245,192,521,4.18,57,3,48,0
135,115,245,192,533,4.18,57,4,48,0
135,115,245,192,545,4.18,57,4,48,0
135,115,245,192,557,4.18,57,4,48,0
135,115,245,192,569,4.18,57,4,48,0
135,115,245,192,581,4.18,57,4,48,0
140,120,240,87,518,4.83,-53,4,48,1
155,135,225,87,533,4.83,-68,4,48,1
170,150,210,87,548,4.83,-83,4,48,1
175,155,205,192,629,4.18,17,4,48,0
175,155,205,192,641,4.18,17,4,48,0
175,155,205,87,593,4.83,-88,3,48,0
175,155,205,87,608,4.83,-88,3,49,0
175,155,205,87,623,4.83,-88,3,49,0
175,155,205,155,413,4.56,-20,3,49,0
175,155,205,155,428,4.56,-20,2,49,0
175,155,205,155,443,4.56,-20,3,49,0
175,155,205,155,458,4.56,-20,3,49,0
190,170,190,155,473,4.56,-35,3,49,1
205,185,175,155,488,4.56,-50,3,49,1
220,200,160,155,503,4.56,-65,3,49,1
225,205,155,155,518,4.56,-70,3,49,0
225,205,155,155,533,4.56,-70,3,49,0
225,205,155,155,548,4.56,-70,3,49,0
225,205,155,155,563,4.56,-70,3,49,0
225,205,155,155,578,4.56,-70,3,49,0
225,205,155,155,593,4.56,-70,3,49,0
225,205,155,155,608,4.56,-70,3,49,0
225,205,155,155,623,4.56,-70,3,49,0
225,205,155,155,638,4.56,-70,3,49,0
225,205,155,195,432,4.95,-30,3,49,0
225,205,155,195,447,4.95,-30,3,49,0
225,205,155,195,462,4.95,-30,3,50,0
225,205,155,195,477,4.95,-30,3,50,0
240,220,140,195,492,4.95,-45,3,50,1
255,235,125,195,507,4.95,-60,3,50,1
265,245,115,195,522,4.95,-70,3,50,0
265,245,115,195,537,4.95,-70,3,50,0
265,245,115,195,552,4.95,-70,3,50,0
265,245,115,195,567,4.95,-70,3,50,0
265,245,115,195,582,4.95,-70,3,50,0
265,245,115,195,597,4.95,-70,3,50,0
265,245,115,195,612,4.95,-70,3,50,0
265,245,115,195,627,4.95,-70,3,50,0
265,245,115,195,642,4.95,-70,3,50,0
265,245,115,305,435,4.55,40,3,50,0
265,245,115,305,450,4.55,40,3,50,0
265,245,115,305,465,4.55,40,3,50,0
265,245,115,305,480,4.55,40,3,50,0
260,240,120,305,495,4.55,45,3,50,-1
245,225,135,305,510,4.55,60,3,50,-1
230,210,150,305,525,4.55,75,3,50,-1
225,205,155,305,540,4.55,80,3,51,0
225,205,155,305,555,4.55,80,3,51,0
225,205,155,305,570,4.55,80,3,51,0
225,205,155,305,585,4.55,80,3,51,0
225,205,155,305,600,4.55,80,3,51,0
225,205,155,305,615,4.55,80,3,51,0
225,205,155,305,630,4.55,80,3,51,0
225,205,155,305,645,4.55,80,4,51,0
225,205,155,355,350,4.07,130,3,51,0
225,205,155,355,362,4.07,130,3,51,0
225,205,155,355,374,4.07,130,3,51,0
225,205,155,355,386,4.07,130,3,51,0
225,205,155,355,398,4.07,130,3,51,0
225,205,155,355,410,4.07,130,3,51,0
225,205,155,355,422,4.07,130,3,51,0
225,205,155,355,434,4.07,130,3,51,0
225,205,155,355,446,4.07,130,3,51,0
225,205,155,355,458,4.07,130,3,51,0
225,205,155,355,470,4.07,130,3,51,0
225,205,155,355,482,4.07,130,3,51,0
225,205,155,355,494,4.07,130,3,52,0
225,205,155,355,506,4.07,130,3,52,0
225,205,155,355,518,4.07,130,4,52,0
225,205,155,355,530,4.07,130,4,52,0
225,205,155,355,542,4.07,130,4,52,0
225,205,155,355,554,4.07,130,4,52,0
225,205,155,355,566,4.07,130,4,52,0
225,205,155,355,578,4.07,130,4,52,0
225,205,155,355,590,4.07,130,4,52,0
225,205,155,276,432,4.06,51,4,52,0
225,205,155,276,444,4.06,51,4,52,0
225,205,155,276,456,4.06,51,4,52,0
225,205,155,276,468,4.06,51,4,52,0
225,205,155,276,480,4.06,51,4,52,0
210,190,170,276,492,4.06,66,3,52,-1
195,175,185,276,504,4.06,81,3,52,-1
190,170,190,276,516,4.06,86,4,52,0
190,170,190,276,528,4.06,86,4,52,0
190,170,190,276,540,4.06,86,4,52,0
190,170,190,199,472,4.63,9,4,52,0
180,160,200,199,487,4.63,19,4,53,-1
165,145,215,199,502,4.63,34,4,53,-1
150,130,230,199,517,4.63,49,4,53,-1
150,130,230,199,532,4.63,49,4,53,0
150,130,230,199,547,4.63,49,4,53,0
150,130,230,199,562,4.63,49,4,53,0
150,130,230,199,577,4.63,49,4,53,0
150,130,230,199,592,4.63,49,3,53,0
150,130,230,199,607,4.63,49,3,53,0
150,130,230,199,622,4.63,49,3,53,0
150,130,230,199,637,4.63,49,4,53,0
150,130,230,95,350,4.13,-55,3,53,0
150,130,230,95,362,4.13,-55,3,53,0
150,130,230,95,374,4.13,-55,3,53,0
150,130,230,95,386,4.13,-55,3,53,0
150,130,230,95,398,4.13,-55,3,53,0
150,130,230,95,410,4.13,-55,3,53,0
150,130,230,95,422,4.13,-55,3,53,0
150,130,230,95,434,4.13,-55,3,53,0
150,130,230,95,446,4.13,-55,3,53,0
150,130,230,95,458,4.13,-55,3,54,0
150,130,230,95,470,4.13,-55,3,54,0
150,130,230,95,482,4.13,-55,3,54,0
150,130,230,95,494,4.13,-55,3,54,0
150,130,230,95,506,4.13,-55,4,54,0
150,130,230,95,518,4.13,-55,4,54,0
150,130,230,95,530,4.13,-55,4,54,0
165,145,215,95,542,4.13,-70,4,54,1
180,160,200,95,554,4.13,-85,4,54,1
185,165,195,95,566,4.13,-90,4,54,0
185,165,195,95,578,4.13,-90,4,54,0
185,165,195,95,590,4.13,-90,4,54,0
185,165,195,95,602,4.13,-90,4,54,0
185,165,195,95,614,4.13,-90,4,54,0
185,165,195,95,626,4.13,-90,4,54,0
185,165,195,95,638,4.13,-90,4,54,0
185,165,195,63,473,4.12,-122,3,54,0
185,165,195,63,485,4.12,-122,3,54,0
185,165,195,63,497,4.12,-122,4,54,0
185,165,195,63,509,4.12,-122,4,54,0
185,165,195,63,521,4.12,-122,4,55,0
185,165,195,63,533,4.12,-122,4,55,0
185,165,195,63,545,4.12,-122,4,55,0
185,165,195,63,557,4.12,-122,4,55,0
185,165,195,63,569,4.12,-122,4,55,0
185,165,195,63,581,4.12,-122,4,55,0
185,165,195,63,593,4.12,-122,4,55,0
185,165,195,63,605,4.12,-122,4,55,0
185,165,195,63,617,4.12,-122,4,55,0
185,165,195,63,629,4.12,-122,4,55,0
185,165,195,141,384,4.85,-44,4,55,0
185,165,195,141,399,4.85,-44,4,55,0
185,165,195,141,414,4.85,-44,4,55,0
185,165,195,141,429,4.85,-44,4,55,0
185,165,195,141,444,4.85,-44,4,55,0
185,165,195,141,459,4.85,-44,4,55,0
190,170,190,141,474,4.85,-49,4,55,1
205,185,175,141,489,4.85,-64,4,55,1
220,200,160,141,504,4.85,-79,4,55,1
220,200,160,141,519,4.85,-79,4,55,0
220,200,160,141,534,4.85,-79,4,56,0
220,200,160,141,549,4.85,-79,4,56,0
220,200,160,141,564,4.85,-79,4,56,0
220,200,160,141,579,4.85,-79,4,56,0
220,200,160,141,594,4.85,-79,4,56,0
220,200,160,141,609,4.85,-79,3,56,0
220,200,160,141,624,4.85,-79,4,56,0
220,200,160,141,639,4.85,-79,4,56,0
220,200,160,324,355,4.15,104,3,56,0
220,200,160,324,367,4.15,104,3,56,0
220,200,160,324,379,4.15,104,3,56,0
220,200,160,324,391,4.15,104,3,56,0
220,200,160,324,403,4.15,104,3,56,0
220,200,160,324,415,4.15,104,3,56,0
220,200,160,324,427,4.15,104,3,56,0
220,200,160,324,439,4.15,104,3,56,0
220,200,160,218,350,4.71,-2,3,56,0
220,200,160,218,365,4.71,-2,3,56,0
220,200,160,218,380,4.71,-2,3,56,0
220,200,160,218,395,4.71,-2,3,56,0
220,200,160,218,410,4.71,-2,4,57,0
220,200,160,218,425,4.71,-2,4,57,0
220,200,160,218,440,4.71,-2,4,57,0
220,200,160,218,455,4.71,-2,4,57,0
205,185,175,218,470,4.71,13,4,57,-1
190,170,190,218,485,4.71,28,4,57,-1
175,155,205,218,500,4.71,43,4,57,-1
165,145,215,218,515,4.71,53,4,57,0
165,145,215,218,530,4.71,53,4,57,0
165,145,215,218,545,4.71,53,4,57,0
165,145,215,218,560,4.71,53,4,57,0
165,145,215,218,575,4.71,53,4,57,0
165,145,215,218,590,4.71,53,4,57,0
165,145,215,218,605,4.71,53,3,57,0
165,145,215,218,620,4.71,53,4,57,0
165,145,215,218,635,4.71,53,4,57,0
165,145,215,123,445,5.37,-42,4,57,0
165,145,215,123,460,5.37,-42,3,57,0
165,145,215,123,475,5.37,-42,3,57,0
180,160,200,123,490,5.37,-57,3,57,1
195,175,185,123,505,5.37,-72,3,58,1
205,185,175,123,520,5.37,-82,3,58,0
205,185,175,123,535,5.37,-82,3,58,0
205,185,175,123,550,5.37,-82,3,58,0
205,185,175,123,565,5.37,-82,3,58,0
205,185,175,123,580,5.37,-82,3,58,0
205,185,175,123,595,5.37,-82,3,58,0
205,185,175,123,610,5.37,-82,3,58,0
205,185,175,123,625,5.37,-82,4,58,0
205,185,175,123,640,5.37,-82,4,58,0
205,185,175,351,446,4.54,146,3,58,0
205,185,175,351,461,4.54,146,3,58,0
205,185,175,351,476,4.54,146,3,58,0
205,185,175,351,491,4.54,146,3,58,0
205,185,175,351,506,4.54,146,3,58,0
205,185,175,351,521,4.54,146,3,58,0
205,185,175,351,536,4.54,146,3,58,0
205,185,175,351,551,4.54,146,3,58,0
205,185,175,351,566,4.54,146,3,58,0
205,185,175,351,581,4.54,146,3,58,0
205,185,175,351,596,4.54,146,3,59,0
205,185,175,351,611,4.54,146,4,59,0
205,185,175,351,626,4.54,146,4,59,0
205,185,175,351,641,4.54,146,4,59,0
205,185,175,130,356,4.19,-75,3,59,0
205,185,175,130,368,4.19,-75,3,59,0
205,185,175,130,380,4.19,-75,3,59,0
205,185,175,130,392,4.19,-75,3,59,0
205,185,175,130,404,4.19,-75,3,59,0
205,185,175,130,416,4.19,-75,3,59,0
205,185,175,130,428,4.19,-75,3,59,0
205,185,175,130,440,4.19,-75,3,59,0
205,185,175,130,452,4.19,-75,3,59,0
205,185,175,130,464,4.19,-75,3,59,0
205,185,175,130,476,4.19,-75,3,59,0
205,185,175,130,488,4.19,-75,4,59,0
205,185,175,130,500,4.19,-75,4,59,0
205,185,175,130,512,4.19,-75,4,59,0
205,185,175,130,524,4.19,-75,4,59,0
215,195,165,197,471,5.11,-18,4,59,1
230,210,150,197,486,5.11,-33,4,60,1
245,225,135,197,501,5.11,-48,4,60,1
250,230,130,197,516,5.11,-53,4,60,0
250,230,130,197,531,5.11,-53,4,60,0
250,230,130,197,546,5.11,-53,4,60,0
250,230,130,197,561,5.11,-53,4,60,0
250,230,130,197,576,5.11,-53,4,60,0
250,230,130,197,591,5.11,-53,4,60,0
250,230,130,197,606,5.11,-53,5,60,0
250,230,130,197,621,5.11,-53,4,60,0
250,230,130,261,431,5.21,11,4,60,0
250,230,130,261,446,5.21,11,3,60,0
235,215,145,261,461,5.21,26,3,60,-1
220,200,160,261,476,5.21,41,3,60,-1
205,185,175,261,491,5.21,56,3,60,-1
195,175,185,261,506,5.21,66,3,60,0
195,175,185,261,521,5.21,66,3,60,0
195,175,185,261,536,5.21,66,3,60,0
195,175,185,261,551,5.21,66,3,60,0
195,175,185,261,566,5.21,66,3,60,0
195,175,185,261,581,5.21,66,3,61,0
195,175,185,261,596,5.21,66,3,61,0
195,175,185,261,611,5.21,66,4,61,0
195,175,185,261,626,5.21,66,4,61,0
195,175,185,261,641,5.21,66,4,61,0
195,175,185,233,355,4.16,38,3,61,0
195,175,185,233,367,4.16,38,3,61,0
195,175,185,233,379,4.16,38,3,61,0
195,175,185,233,391,4.16,38,3,61,0
195,175,185,233,403,4.16,38,3,61,0
195,175,185,233,415,4.16,38,3,61,0
195,175,185,233,427,4.16,38,3,61,0
195,175,185,233,439,4.16,38,3,61,0
195,175,185,233,451,4.16,38,3,61,0
180,160,200,233,463,4.16,53,3,61,-1
165,145,215,233,475,4.16,68,4,61,-1
150,130,230,233,487,4.16,83,4,61,-1
145,125,235,233,499,4.16,88,4,61,0
145,125,235,233,511,4.16,88,4,61,0
145,125,235,233,523,4.16,88,4,61,0
145,125,235,233,535,4.16,88,4,62,0
145,125,235,233,547,4.16,88,4,62,0
145,125,235,233,559,4.16,88,4,62,0
145,125,235,233,571,4.16,88,4,62,0
145,125,235,233,583,4.16,88,4,62,0
145,125,235,135,437,4.14,-10,4,62,0
145,125,235,135,449,4.14,-10,4,62,0
145,125,235,135,461,4.14,-10,4,62,0
150,130,230,135,473,4.14,-15,5,62,1
165,145,215,135,485,4.14,-30,5,62,1
180,160,200,135,497,4.14,-45,4,62,1
185,165,195,135,509,4.14,-50,4,62,0
185,165,195,135,521,4.14,-50,4,62,0
185,165,195,135,533,4.14,-50,4,62,0
185,165,195,135,545,4.14,-50,4,62,0
185,165,195,135,557,4.14,-50,4,62,0
185,165,195,135,569,4.14,-50,4,62,0
185,165,195,135,581,4.14,-50,4,62,0
185,165,195,114,546,4.89,-71,4,62,0
185,165,195,114,561,4.89,-71,4,62,0
185,165,195,114,576,4.89,-71,4,63,0
185,165,195,114,591,4.89,-71,5,63,0
185,165,195,114,606,4.89,-71,5,63,0
185,165,195,114,621,4.89,-71,4,63,0
185,165,195,114,636,4.89,-71,4,63,0
185,165,195,294,450,5.01,109,3,63,0
185,165,195,294,465,5.01,109,3,63,0
185,165,195,294,480,5.01,109,3,63,0
185,165,195,294,495,5.01,109,3,63,0
185,165,195,294,510,5.01,109,3,63,0
185,165,195,294,525,5.01,109,3,63,0
185,165,195,294,540,5.01,109,3,63,0
185,165,195,294,555,5.01,109,3,63,0
185,165,195,294,570,5.01,109,3,63,0
185,165,195,294,585,5.01,109,4,63,0
185,165,195,294,600,5.01,109,4,63,0
185,165,195,294,615,5.01,109,4,63,0
185,165,195,294,630,5.01,109,4,63,0
185,165,195,294,645,5.01,109,4,63,0
185,165,195,111,365,4.19,-74,3,63,0
185,165,195,111,377,4.19,-74,3,64,0
185,165,195,111,389,4.19,-74,3,64,0
185,165,195,111,401,4.19,-74,3,64,0
185,165,195,111,413,4.19,-74,3,64,0
185,165,195,111,425,4.19,-74,3,64,0
185,165,195,111,437,4.19,-74,3,64,0
185,165,195,111,449,4.19,-74,3,64,0
185,165,195,111,461,4.19,-74,4,64,0
185,165,195,111,473,4.19,-74,4,64,0
185,165,195,111,485,4.19,-74,4,64,0
185,165,195,111,497,4.19,-74,4,64,0
185,165,195,111,509,4.19,-74,4,64,0
185,165,195,111,521,4.19,-74,4,64,0
185,165,195,111,533,4.19,-74,4,64,0
195,175,185,111,545,4.19,-84,4,64,1
210,190,170,111,557,4.19,-99,4,64,1
220,200,160,111,569,4.19,-109,4,64,0
220,200,160,111,581,4.19,-109,4,64,0
220,200,160,111,593,4.19,-109,4,64,0
220,200,160,111,605,4.19,-109,4,64,0
220,200,160,111,617,4.19,-109,5,65,0
220,200,160,111,629,4.19,-109,5,65,0
220,200,160,111,641,4.19,-109,5,65,0
220,200,160,382,623,5.24,162,4,65,0
220,200,160,382,638,5.24,162,4,65,0
220,200,160,285,260,5.43,65,3,65,0
220,200,160,285,275,5.43,65,3,65,0
220,200,160,285,290,5.43,65,3,65,0
220,200,160,285,305,5.43,65,3,65,0
220,200,160,285,320,5.43,65,3,65,0
220,200,160,285,335,5.43,65,3,65,0
220,200,160,285,350,5.43,65,3,65,0
220,200,160,285,365,5.43,65,3,65,0
220,200,160,285,380,5.43,65,4,65,0
220,200,160,285,395,5.43,65,4,65,0
220,200,160,285,410,5.43,65,4,65,0
220,200,160,285,425,5.43,65,4,65,0
220,200,160,285,440,5.43,65,4,65,0
220,200,160,285,455,5.43,65,4,65,0
220,200,160,285,470,5.43,65,4,65,0
220,200,160,285,485,5.43,65,4,66,0
220,200,160,285,500,5.43,65,4,66,0
220,200,160,285,515,5.43,65,4,66,0
220,200,160,285,530,5.43,65,4,66,0
205,185,175,285,545,5.43,80,4,66,-1
190,170,190,285,560,5.43,95,4,66,-1
185,165,195,285,575,5.43,100,5,66,0
185,165,195,285,590,5.43,100,5,66,0
185,165,195,285,605,5.43,100,5,66,0
185,165,195,143,429,4.64,-42,4,66,0
185,165,195,143,444,4.64,-42,4,66,0
185,165,195,143,459,4.64,-42,4,66,0
185,165,195,143,474,4.64,-42,3,66,0
185,165,195,143,489,4.64,-42,3,66,0
190,170,190,143,504,4.64,-47,3,66,1
205,185,175,143,519,4.64,-62,3,66,1
220,200,160,143,534,4.64,-77,3,66,1
220,200,160,143,549,4.64,-77,3,66,0
220,200,160,143,564,4.64,-77,3,66,0
220,200,160,143,579,4.64,-77,4,66,0
220,200,160,143,594,4.64,-77,4,67,0
220,200,160,143,609,4.64,-77,4,67,0
220,200,160,143,624,4.64,-77,4,67,0
220,200,160,143,639,4.64,-77,4,67,0
220,200,160,247,362,4.17,27,3,67,0
220,200,160,247,374,4.17,27,3,67,0
220,200,160,247,386,4.17,27,3,67,0
220,200,160,247,398,4.17,27,3,67,0
220,200,160,247,410,4.17,27,3,67,0
220,200,160,247,422,4.17,27,3,67,0
220,200,160,247,434,4.17,27,3,67,0
220,200,160,247,446,4.17,27,4,67,0
220,200,160,247,458,4.17,27,4,67,0
220,200,160,247,470,4.17,27,4,67,0
215,195,165,247,482,4.17,32,4,67,-1
200,180,180,247,494,4.17,47,4,67,-1
185,165,195,247,506,4.17,62,4,67,-1
180,160,200,247,518,4.17,67,4,67,0
180,160,200,247,530,4.17,67,4,67,0
180,160,200,247,542,4.17,67,4,67,0
180,160,200,247,554,4.17,67,4,68,0
180,160,200,247,566,4.17,67,4,68,0
180,160,200,247,578,4.17,67,4,68,0
180,160,200,247,590,4.17,67,4,68,0
180,160,200,247,602,4.17,67,5,68,0
180,160,200,247,614,4.17,67,5,68,0
180,160,200,247,626,4.17,67,5,68,0
180,160,200,247,638,4.17,67,5,68,0
180,160,200,247,650,4.17,67,5,68,0
180,160,200,75,452,5.25,-105,4,68,0
180,160,200,75,467,5.25,-105,3,68,0
180,160,200,75,482,5.25,-105,3,68,0
180,160,200,75,497,5.25,-105,3,68,0
180,160,200,75,512,5.25,-105,3,68,0
180,160,200,75,527,5.25,-105,3,68,0
180,160,200,75,542,5.25,-105,3,68,0
180,160,200,75,557,5.25,-105,3,68,0
180,160,200,75,572,5.25,-105,4,68,0
180,160,200,75,587,5.25,-105,4,68,0
180,160,200,75,602,5.25,-105,4,68,0
180,160,200,75,617,5.25,-105,4,69,0
180,160,200,105,444,4.75,-75,4,69,0
180,160,200,105,459,4.75,-75,4,69,0
180,160,200,105,474,4.75,-75,3,69,0
180,160,200,105,489,4.75,-75,3,69,0
180,160,200,105,504,4.75,-75,3,69,0
180,160,200,105,519,4.75,-75,3,69,0
180,160,200,105,534,4.75,-75,3,69,0
180,160,200,105,549,4.75,-75,3,69,0
180,160,200,105,564,4.75,-75,4,69,0
180,160,200,105,579,4.75,-75,4,69,0
180,160,200,105,594,4.75,-75,4,69,0
180,160,200,105,609,4.75,-75,4,69,0
180,160,200,175,433,5.0,-5,4,69,0
180,160,200,175,448,5.0,-5,4,69,0
190,170,190,175,463,5.0,-15,3,69,1
205,185,175,175,478,5.0,-30,3,69,1
220,200,160,175,493,5.0,-45,3,69,1
225,205,155,175,508,5.0,-50,3,69,0
225,205,155,175,523,5.0,-50,3,69,0
225,205,155,175,538,5.0,-50,3,70,0
225,205,155,175,553,5.0,-50,4,70,0
225,205,155,175,568,5.0,-50,4,70,0
225,205,155,175,583,5.0,-50,4,70,0
225,205,155,175,598,5.0,-50,4,70,0
225,205,155,175,613,5.0,-50,4,70,0
225,205,155,175,628,5.0,-50,4,70,0
225,205,155,249,453,4.86,24,4,70,0
210,190,170,249,468,4.86,39,3,70,-1
195,175,185,249,483,4.86,54,3,70,-1
180,160,200,249,498,4.86,69,3,70,-1
180,160,200,249,513,4.86,69,3,70,0
180,160,200,249,528,4.86,69,3,70,0
180,160,200,249,543,4.86,69,3,70,0
180,160,200,249,558,4.86,69,4,70,0
180,160,200,249,573,4.86,69,4,70,0
180,160,200,249,588,4.86,69,4,70,0
180,160,200,249,603,4.86,69,4,70,0
180,160,200,249,618,4.86,69,4,70,0
180,160,200,146,452,5.0,-34,4,70,0
180,160,200,146,467,5.0,-34,4,71,0
180,160,200,146,482,5.0,-34,3,71,0
180,160,200,146,497,5.0,-34,3,71,0
195,175,185,146,512,5.0,-49,3,71,1
210,190,170,146,527,5.0,-64,3,71,1
220,200,160,146,542,5.0,-74,3,71,0
220,200,160,146,557,5.0,-74,4,71,0
220,200,160,146,572,5.0,-74,4,71,0
220,200,160,146,587,5.0,-74,4,71,0
220,200,160,146,602,5.0,-74,4,71,0
220,200,160,146,617,5.0,-74,4,71,0
220,200,160,355,534,5.51,135,4,71,0
220,200,160,355,552,5.51,135,4,71,0
220,200,160,355,570,5.51,135,3,71,0
220,200,160,355,588,5.51,135,3,71,0
220,200,160,355,606,5.51,135,3,71,0
220,200,160,355,624,5.51,135,3,71,0
220,200,160,355,642,5.51,135,3,71,0
220,200,160,288,289,4.49,68,3,71,0
220,200,160,288,301,4.49,68,3,71,0
220,200,160,288,313,4.49,68,3,72,0
220,200,160,288,325,4.49,68,3,72,0
220,200,160,288,337,4.49,68,3,72,0
220,200,160,288,349,4.49,68,3,72,0
220,200,160,288,361,4.49,68,3,72,0
220,200,160,288,373,4.49,68,3,72,0
220,200,160,288,385,4.49,68,3,72,0
220,200,160,288,397,4.49,68,3,72,0
220,200,160,288,409,4.49,68,3,72,0
220,200,160,288,421,4.49,68,3,72,0
220,200,160,288,433,4.49,68,4,72,0
220,200,160,288,445,4.49,68,4,72,0
220,200,160,288,457,4.49,68,4,72,0
220,200,160,288,469,4.49,68,4,72,0
220,200,160,288,481,4.49,68,4,72,0
220,200,160,288,493,4.49,68,4,72,0
220,200,160,288,505,4.49,68,4,72,0
220,200,160,288,517,4.49,68,4,72,0
220,200,160,288,529,4.49,68,4,72,0
220,200,160,288,541,4.49,68,4,72,0
220,200,160,288,553,4.49,68,4,73,0
220,200,160,288,565,4.49,68,4,73,0
220,200,160,289,537,5.21,69,5,73,0
220,200,160,289,552,5.21,69,5,73,0
220,200,160,289,567,5.21,69,5,73,0
220,200,160,289,582,5.21,69,5,73,0
220,200,160,289,597,5.21,69,5,73,0
220,200,160,289,612,5.21,69,5,73,0
220,200,160,289,627,5.21,69,5,73,0
220,200,160,289,642,5.21,69,4,73,0
220,200,160,340,473,4.52,120,3,73,0
220,200,160,340,488,4.52,120,3,73,0
220,200,160,340,503,4.52,120,3,73,0
220,200,160,340,518,4.52,120,3,73,0
220,200,160,340,533,4.52,120,4,73,0
220,200,160,340,548,4.52,120,4,73,0
220,200,160,340,563,4.52,120,4,73,0
220,200,160,340,578,4.52,120,4,73,0
220,200,160,340,593,4.52,120,4,73,0
220,200,160,340,608,4.52,120,4,73,0
220,200,160,155,443,5.04,-65,4,74,0
220,200,160,155,458,5.04,-65,4,74,0
220,200,160,155,473,5.04,-65,3,74,0
220,200,160,155,488,5.04,-65,3,74,0
220,200,160,155,503,5.04,-65,3,74,0
220,200,160,155,518,5.04,-65,3,74,0
220,200,160,155,533,5.04,-65,4,74,0
220,200,160,155,548,5.04,-65,4,74,0
220,200,160,155,563,5.04,-65,4,74,0
220,200,160,155,578,5.04,-65,4,74,0
220,200,160,155,593,5.04,-65,4,74,0
220,200,160,155,608,5.04,-65,4,74,0
220,200,160,333,538,5.73,113,4,74,0
220,200,160,333,556,5.73,113,4,74,0
220,200,160,333,574,5.73,113,3,74,0
220,200,160,333,592,5.73,113,3,74,0
220,200,160,333,610,5.73,113,3,74,0
220,200,160,333,628,5.73,113,3,74,0
220,200,160,333,646,5.73,113,4,74,0
220,200,160,109,444,5.8,-111,3,74,0
220,200,160,109,462,5.8,-111,3,75,0
220,200,160,109,480,5.8,-111,3,75,0
220,200,160,109,498,5.8,-111,3,75,0
220,200,160,109,516,5.8,-111,3,75,0
220,200,160,109,534,5.8,-111,3,75,0
220,200,160,109,552,5.8,-111,3,75,0
220,200,160,109,570,5.8,-111,3,75,0
220,200,160,109,588,5.8,-111,3,75,0
220,200,160,109,606,5.8,-111,3,75,0
220,200,160,109,624,5.8,-111,3,75,0
220,200,160,109,642,5.8,-111,4,75,0
220,200,160,89,442,5.73,-131,3,75,0
220,200,160,89,460,5.73,-131,3,75,0
220,200,160,89,478,5.73,-131,3,75,0
220,200,160,89,496,5.73,-131,3,75,0
220,200,160,89,514,5.73,-131,3,75,0
220,200,160,89,532,5.73,-131,3,75,0
220,200,160,89,550,5.73,-131,3,75,0
220,200,160,89,568,5.73,-131,3,75,0
220,200,160,89,586,5.73,-131,3,75,0
220,200,160,89,604,5.73,-131,3,76,0
220,200,160,89,622,5.73,-131,3,76,0
220,200,160,89,640,5.73,-131,4,76,0
220,200,160,91,370,4.81,-129,3,76,0
220,200,160,91,385,4.81,-129,3,76,0
220,200,160,91,400,4.81,-129,3,76,0
220,200,160,91,415,4.81,-129,3,76,0
220,200,160,91,430,4.81,-129,3,76,0
220,200,160,91,445,4.81,-129,3,76,0
220,200,160,91,460,4.81,-129,3,76,0
220,200,160,91,475,4.81,-129,3,76,0
220,200,160,91,490,4.81,-129,3,76,0
220,200,160,91,505,4.81,-129,3,76,0
220,200,160,91,520,4.81,-129,4,76,0
220,200,160,91,535,4.81,-129,4,76,0
220,200,160,91,550,4.81,-129,4,76,0
220,200,160,91,565,4.81,-129,4,76,0
220,200,160,91,580,4.81,-129,4,76,0
220,200,160,252,421,5.32,32,4,76,0
220,200,160,252,436,5.32,32,4,76,0
220,200,160,252,451,5.32,32,4,77,0
210,190,170,252,466,5.32,42,4,77,-1
195,175,185,252,481,5.32,57,3,77,-1
180,160,200,252,496,5.32,72,3,77,-1
175,155,205,252,511,5.32,77,3,77,0
175,155,205,252,526,5.32,77,4,77,0
175,155,205,252,541,5.32,77,4,77,0
175,155,205,252,556,5.32,77,4,77,0
175,155,205,252,571,5.32,77,4,77,0
175,155,205,252,586,5.32,77,4,77,0
175,155,205,252,601,5.32,77,4,77,0
175,155,205,252,616,5.32,77,4,77,0
175,155,205,252,631,5.32,77,4,77,0
175,155,205,252,646,5.32,77,4,77,0
175,155,205,387,585,5.6,212,3,77,0
175,155,205,75,389,5.62,-100,3,77,0
175,155,205,75,407,5.62,-100,3,77,0
175,155,205,75,425,5.62,-100,4,77,0
175,155,205,75,443,5.62,-100,3,77,0
175,155,205,75,461,5.62,-100,3,77,0
175,155,205,75,479,5.62,-100,3,78,0
175,155,205,75,497,5.62,-100,3,78,0
175,155,205,75,515,5.62,-100,3,78,0
175,155,205,75,533,5.62,-100,3,78,0
175,155,205,75,551,5.62,-100,3,78,0
175,155,205,75,569,5.62,-100,3,78,0
175,155,205,75,587,5.62,-100,3,78,0
175,155,205,75,605,5.62,-100,3,78,0
175,155,205,75,623,5.62,-100,4,78,0
175,155,205,75,641,5.62,-100,4,78,0
175,155,205,355,452,5.68,180,3,78,0
175,155,205,355,470,5.68,180,3,78,0
175,155,205,355,488,5.68,180,3,78,0
175,155,205,355,506,5.68,180,3,78,0
175,155,205,355,524,5.68,180,3,78,0
175,155,205,355,542,5.68,180,3,78,0
175,155,205,355,560,5.68,180,3,78,0
175,155,205,355,578,5.68,180,3,78,0
175,155,205,355,596,5.68,180,3,78,0
175,155,205,355,614,5.68,180,4,78,0
175,155,205,355,632,5.68,180,4,79,0
175,155,205,78,360,5.26,-97,3,79,0
175,155,205,78,375,5.26,-97,3,79,0
175,155,205,78,390,5.26,-97,3,79,0
175,155,205,78,405,5.26,-97,3,79,0
175,155,205,78,420,5.26,-97,3,79,0
175,155,205,78,435,5.26,-97,3,79,0
175,155,205,78,450,5.26,-97,3,79,0
175,155,205,78,465,5.26,-97,3,79,0
175,155,205,78,480,5.26,-97,3,79,0
175,155,205,78,495,5.26,-97,3,79,0
175,155,205,78,510,5.26,-97,4,79,0
175,155,205,78,525,5.26,-97,4,79,0
175,155,205,78,540,5.26,-97,4,79,0
175,155,205,78,555,5.26,-97,4,79,0
175,155,205,78,570,5.26,-97,4,79,0
175,155,205,78,585,5.26,-97,4,79,0
175,155,205,78,600,5.26,-97,4,79,0
175,155,205,78,615,5.26,-97,4,79,0
175,155,205,78,630,5.26,-97,4,79,0
175,155,205,78,645,5.26,-97,4,80,0
175,155,205,335,490,5.02,160,3,80,0
175,155,205,335,505,5.02,160,4,80,0
175,155,205,335,520,5.02,160,4,80,0
175,155,205,335,535,5.02,160,4,80,0
175,155,205,335,550,5.02,160,4,80,0
175,155,205,335,565,5.02,160,4,80,0
175,155,205,335,580,5.02,160,4,80,0
175,155,205,335,595,5.02,160,4,80,0
175,155,205,349,535,5.77,174,4,80,0
175,155,205,349,553,5.77,174,4,80,0
175,155,205,349,571,5.77,174,4,80,0
175,155,205,349,589,5.77,174,3,80,0
175,155,205,349,607,5.77,174,4,80,0
175,155,205,349,625,5.77,174,4,80,0
175,155,205,302,435,5.89,127,4,80,0
175,155,205,302,453,5.89,127,3,80,0
175,155,205,302,471,5.89,127,3,80,0
175,155,205,302,489,5.89,127,3,80,0
175,155,205,302,507,5.89,127,3,80,0
175,155,205,302,525,5.89,127,3,81,0
175,155,205,302,543,5.89,127,3,81,0
175,155,205,302,561,5.89,127,3,81,0
175,155,205,302,579,5.89,127,3,81,0
175,155,205,302,597,5.89,127,4,81,0
175,155,205,302,615,5.89,127,4,81,0
175,155,205,302,633,5.89,127,4,81,0
175,155,205,302,651,5.89,127,4,81,0
175,155,205,381,466,5.83,206,3,81,0
175,155,205,381,484,5.83,206,3,81,0
175,155,205,381,502,5.83,206,3,81,0
175,155,205,381,520,5.83,206,3,81,0
175,155,205,381,538,5.83,206,3,81,0
175,155,205,381,556,5.83,206,3,81,0
175,155,205,381,574,5.83,206,3,81,0
175,155,205,381,592,5.83,206,4,81,0
175,155,205,272,409,5.54,97,4,81,0
175,155,205,272,427,5.54,97,4,81,0
175,155,205,272,445,5.54,97,4,81,0
175,155,205,272,463,5.54,97,3,81,0
175,155,205,272,481,5.54,97,3,82,0
175,155,205,272,499,5.54,97,3,82,0
175,155,205,272,517,5.54,97,3,82,0
175,155,205,272,535,5.54,97,3,82,0
175,155,205,272,553,5.54,97,3,82,0
175,155,205,272,571,5.54,97,3,82,0
175,155,205,272,589,5.54,97,4,82,0
175,155,205,272,607,5.54,97,4,82,0
175,155,205,272,625,5.54,97,4,82,0
175,155,205,272,643,5.54,97,4,82,0
175,155,205,126,380,4.88,-49,3,82,0
175,155,205,126,395,4.88,-49,3,82,0
175,155,205,126,410,4.88,-49,3,82,0
175,155,205,126,425,4.88,-49,3,82,0
175,155,205,126,440,4.88,-49,3,82,0
175,155,205,126,455,4.88,-49,3,82,0
175,155,205,126,470,4.88,-49,3,82,0
175,155,205,126,485,4.88,-49,4,82,0
175,155,205,126,500,4.88,-49,4,82,0
175,155,205,126,515,4.88,-49,4,82,0
175,155,205,126,530,4.88,-49,4,83,0
175,155,205,126,545,4.88,-49,4,83,0
175,155,205,126,560,4.88,-49,4,83,0
175,155,205,126,575,4.88,-49,4,83,0
175,155,205,126,590,4.88,-49,4,83,0
175,155,205,126,605,4.88,-49,4,83,0
175,155,205,126,620,4.88,-49,4,83,0
175,155,205,126,635,4.88,-49,4,83,0
175,155,205,253,488,4.83,78,5,83,0
175,155,205,253,503,4.83,78,4,83,0
175,155,205,253,518,4.83,78,4,83,0
175,155,205,253,533,4.83,78,4,83,0
175,155,205,253,548,4.83,78,4,83,0
175,155,205,253,563,4.83,78,4,83,0
175,155,205,253,578,4.83,78,4,83,0
175,155,205,253,593,4.83,78,4,83,0
175,155,205,253,608,4.83,78,4,83,0
175,155,205,253,623,4.83,78,4,83,0
175,155,205,253,638,4.83,78,4,83,0
175,155,205,48,490,4.87,-127,4,83,0
175,155,205,48,505,4.87,-127,4,84,0
175,155,205,48,520,4.87,-127,4,84,0
175,155,205,48,535,4.87,-127,4,84,0
175,155,205,48,550,4.87,-127,4,84,0
175,155,205,48,565,4.87,-127,4,84,0
175,155,205,48,580,4.87,-127,4,84,0
175,155,205,48,595,4.87,-127,4,84,0
175,155,205,48,610,4.87,-127,4,84,0
175,155,205,48,625,4.87,-127,4,84,0
175,155,205,48,640,4.87,-127,4,84,0
175,155,205,343,487,5.29,168,4,84,0
175,155,205,343,502,5.29,168,4,84,0
175,155,205,343,517,5.29,168,4,84,0
175,155,205,343,532,5.29,168,4,84,0
175,155,205,343,547,5.29,168,4,84,0
175,155,205,343,562,5.29,168,4,84,0
175,155,205,343,577,5.29,168,4,84,0
175,155,205,319,516,5.89,144,4,84,0
175,155,205,319,534,5.89,144,4,84,0
175,155,205,319,552,5.89,144,4,84,0
175,155,205,319,570,5.89,144,4,85,0
175,155,205,319,588,5.89,144,4,85,0
175,155,205,319,606,5.89,144,4,85,0
175,155,205,319,624,5.89,144,4,85,0
175,155,205,129,371,5.25,-46,4,85,0
175,155,205,129,386,5.25,-46,3,85,0
175,155,205,129,401,5.25,-46,3,85,0
175,155,205,129,416,5.25,-46,3,85,0
175,155,205,129,431,5.25,-46,3,85,0
175,155,205,129,446,5.25,-46,3,85,0
175,155,205,129,461,5.25,-46,3,85,0
175,155,205,129,476,5.25,-46,4,85,0
175,155,205,129,491,5.25,-46,4,85,0
185,165,195,129,506,5.25,-56,4,85,1
200,180,180,129,521,5.25,-71,4,85,1
210,190,170,129,536,5.25,-81,4,85,0
210,190,170,129,551,5.25,-81,4,85,0
210,190,170,129,566,5.25,-81,4,85,0
210,190,170,129,581,5.25,-81,4,85,0
210,190,170,129,596,5.25,-81,4,85,0
210,190,170,129,611,5.25,-81,4,86,0
210,190,170,129,626,5.25,-81,4,86,0
210,190,170,129,641,5.25,-81,5,86,0
210,190,170,100,496,4.88,-110,4,86,0
210,190,170,100,511,4.88,-110,4,86,0
210,190,170,100,526,4.88,-110,4,86,0
210,190,170,100,541,4.88,-110,4,86,0
210,190,170,100,556,4.88,-110,4,86,0
210,190,170,100,571,4.88,-110,4,86,0
210,190,170,100,586,4.88,-110,4,86,0
210,190,170,100,601,4.88,-110,4,86,0
210,190,170,287,455,5.39,77,4,86,0
210,190,170,287,470,5.39,77,4,86,0
210,190,170,287,485,5.39,77,5,86,0
210,190,170,287,500,5.39,77,4,86,0
210,190,170,287,515,5.39,77,4,86,0
210,190,170,287,530,5.39,77,4,86,0
210,190,170,287,545,5.39,77,4,86,0
210,190,170,287,560,5.39,77,4,86,0
210,190,170,287,575,5.39,77,4,86,0
210,190,170,287,590,5.39,77,4,87,0
210,190,170,287,605,5.39,77,4,87,0
210,190,170,287,620,5.39,77,4,87,0
210,190,170,287,635,5.39,77,5,87,0
210,190,170,116,491,4.7,-94,4,87,0
210,190,170,116,506,4.7,-94,4,87,0
210,190,170,116,521,4.7,-94,4,87,0
210,190,170,116,536,4.7,-94,4,87,0
210,190,170,116,551,4.7,-94,4,87,0
210,190,170,116,566,4.7,-94,4,87,0
210,190,170,157,508,6.11,-53,4,87,0
210,190,170,157,526,6.11,-53,4,87,0
220,200,160,157,544,6.11,-63,4,87,1
235,215,145,157,562,6.11,-78,5,87,1
245,225,135,157,580,6.11,-88,5,87,0
245,225,135,157,598,6.11,-88,4,87,0
245,225,135,157,616,6.11,-88,4,87,0
245,225,135,157,634,6.11,-88,4,87,0
245,225,135,21,456,5.67,-224,3,87,0
245,225,135,21,474,5.67,-224,3,87,0
245,225,135,21,492,5.67,-224,3,88,0
245,225,135,21,510,5.67,-224,3,88,0
245,225,135,21,528,5.67,-224,3,88,0
245,225,135,21,546,5.67,-224,3,88,0
245,225,135,21,564,5.67,-224,4,88,0
245,225,135,21,582,5.67,-224,4,88,0
245,225,135,295,346,5.18,50,4,88,0
245,225,135,295,361,5.18,50,4,88,0
245,225,135,295,376,5.18,50,4,88,0
245,225,135,295,391,5.18,50,3,88,0
245,225,135,295,406,5.18,50,3,88,0
245,225,135,295,421,5.18,50,3,88,0
245,225,135,295,436,5.18,50,3,88,0
245,225,135,295,451,5.18,50,3,88,0
245,225,135,295,466,5.18,50,4,88,0
245,225,135,295,481,5.18,50,4,88,0
245,225,135,295,496,5.18,50,4,88,0
235,215,145,295,511,5.18,60,4,88,-1
220,200,160,295,526,5.18,75,4,88,-1
205,185,175,295,541,5.18,90,4,88,-1
205,185,175,295,556,5.18,90,4,89,0
205,185,175,295,571,5.18,90,4,89,0
205,185,175,295,586,5.18,90,4,89,0
205,185,175,295,601,5.18,90,4,89,0
205,185,175,259,461,5.16,54,5,89,0
205,185,175,259,476,5.16,54,5,89,0
200,180,180,259,491,5.16,59,5,89,-1
185,165,195,259,506,5.16,74,4,89,-1
170,150,210,259,521,5.16,89,4,89,-1
165,145,215,259,536,5.16,94,4,89,0
165,145,215,259,551,5.16,94,4,89,0
165,145,215,259,566,5.16,94,4,89,0
165,145,215,259,581,5.16,94,4,89,0
165,145,215,259,596,5.16,94,4,89,0
165,145,215,290,548,5.95,125,4,89,0
165,145,215,290,566,5.95,125,5,89,0
165,145,215,290,584,5.95,125,5,89,0
165,145,215,146,411,6.2,-19,4,89,0
165,145,215,146,429,6.2,-19,4,89,0
165,145,215,146,447,6.2,-19,4,89,0
170,150,210,146,465,6.2,-24,3,90,1
185,165,195,146,483,6.2,-39,3,90,1
200,180,180,146,501,6.2,-54,3,90,1
210,190,170,146,519,6.2,-64,3,90,0
210,190,170,146,537,6.2,-64,3,90,0
210,190,170,146,555,6.2,-64,4,90,0
210,190,170,146,573,6.2,-64,4,90,0
210,190,170,146,591,6.2,-64,4,90,0
210,190,170,146,609,6.2,-64,4,90,0
210,190,170,146,627,6.2,-64,4,90,0
210,190,170,146,645,6.2,-64,4,90,0
210,190,170,120,398,5.17,-90,3,90,0
210,190,170,120,413,5.17,-90,3,90,0
210,190,170,120,428,5.17,-90,3,90,0
210,190,170,120,443,5.17,-90,3,90,0
210,190,170,120,458,5.17,-90,4,90,0
210,190,170,120,473,5.17,-90,4,90,0
210,190,170,120,488,5.17,-90,4,90,0
210,190,170,120,503,5.17,-90,4,90,0
210,190,170,120,518,5.17,-90,4,90,0
205,185,175,120,533,5.17,-85,4,91,-1
190,170,190,120,548,5.17,-70,4,91,-1
180,160,200,120,563,5.17,-60,4,91,0
180,160,200,120,578,5.17,-60,4,91,0
180,160,200,232,530,5.57,52,4,91,0
180,160,200,232,548,5.57,52,5,91,0
180,160,200,232,566,5.57,52,5,91,0
180,160,200,232,584,5.57,52,5,91,0
180,160,200,232,602,5.57,52,4,91,0
180,160,200,232,620,5.57,52,4,91,0
180,160,200,232,638,5.57,52,4,91,0
180,160,200,139,394,5.17,-41,3,91,0
180,160,200,139,409,5.17,-41,3,91,0
180,160,200,139,424,5.17,-41,3,91,0
180,160,200,139,439,5.17,-41,3,91,0
180,160,200,139,454,5.17,-41,4,91,0
180,160,200,139,469,5.17,-41,4,91,0
190,170,190,139,484,5.17,-51,4,91,1
205,185,175,139,499,5.17,-66,4,91,1
220,200,160,139,514,5.17,-81,4,91,1
225,205,155,139,529,5.17,-86,4,92,0
225,205,155,139,544,5.17,-86,4,92,0
225,205,155,139,559,5.17,-86,4,92,0
225,205,155,139,574,5.17,-86,4,92,0
225,205,155,139,589,5.17,-86,4,92,0
225,205,155,139,604,5.17,-86,5,92,0
225,205,155,139,619,5.17,-86,5,92,0
225,205,155,139,634,5.17,-86,5,92,0
225,205,155,139,649,5.17,-86,5,92,0
225,205,155,73,436,6.15,-152,4,92,0
225,205,155,73,454,6.15,-152,4,92,0
225,205,155,73,472,6.15,-152,3,92,0
225,205,155,73,490,6.15,-152,3,92,0
225,205,155,73,508,6.15,-152,3,92,0
225,205,155,73,526,6.15,-152,3,92,0
225,205,155,73,544,6.15,-152,4,92,0
225,205,155,73,562,6.15,-152,4,92,0
225,205,155,73,580,6.15,-152,4,92,0
225,205,155,73,598,6.15,-152,4,92,0
225,205,155,73,616,6.15,-152,4,92,0
225,205,155,196,376,4.9,-29,4,93,0
225,205,155,196,391,4.9,-29,4,93,0
225,205,155,196,406,4.9,-29,3,93,0
225,205,155,196,421,4.9,-29,3,93,0
225,205,155,196,436,4.9,-29,4,93,0
225,205,155,196,451,4.9,-29,4,93,0
225,205,155,196,466,4.9,-29,4,93,0
240,220,140,196,481,4.9,-44,4,93,1
255,235,125,196,496,4.9,-59,4,93,1
270,250,110,196,511,4.9,-74,4,93,1
270,250,110,196,526,4.9,-74,4,93,0
270,250,110,196,541,4.9,-74,4,93,0
285,265,95,260,495,6.15,-25,4,93,1
300,280,80,260,513,6.15,-40,4,93,1
315,295,65,260,531,6.15,-55,5,93,1
315,295,65,260,549,6.15,-55,5,93,0
315,295,65,260,567,6.15,-55,5,93,0
315,295,65,260,585,6.15,-55,5,93,0
315,295,65,260,603,6.15,-55,5,93,0
315,295,65,260,621,6.15,-55,4,93,0
315,295,65,260,639,6.15,-55,4,94,0
315,295,65,205,393,5.49,-110,3,94,0
315,295,65,205,408,5.49,-110,3,94,0
315,295,65,205,423,5.49,-110,3,94,0
315,295,65,205,438,5.49,-110,4,94,0
315,295,65,205,453,5.49,-110,4,94,0
315,295,65,205,468,5.49,-110,4,94,0
315,295,65,205,483,5.49,-110,4,94,0
315,295,65,205,498,5.49,-110,4,94,0
315,295,65,205,513,5.49,-110,4,94,0
315,295,65,205,528,5.49,-110,4,94,0
315,295,65,205,543,5.49,-110,4,94,0
315,295,65,205,558,5.49,-110,4,94,0
315,295,65,205,573,5.49,-110,5,94,0
315,295,65,302,443,5.09,-13,5,94,0
315,295,65,302,458,5.09,-13,5,94,0
315,295,65,302,473,5.09,-13,5,94,0
325,305,55,302,488,5.09,-23,5,94,1
340,320,40,302,503,5.09,-38,5,94,1
355,335,25,302,518,5.09,-53,4,94,1
355,335,25,302,533,5.09,-53,4,95,0
355,335,25,302,548,5.09,-53,4,95,0
355,335,25,302,563,5.09,-53,4,95,0
355,335,25,302,578,5.09,-53,5,95,0
355,335,25,302,593,5.09,-53,5,95,0
355,335,25,302,608,5.09,-53,5,95,0
355,335,25,302,623,5.09,-53,5,95,0
355,335,25,302,638,5.09,-53,5,95,0
355,335,25,250,506,4.9,-105,4,95,0
355,335,25,250,521,4.9,-105,4,95,0
355,335,25,250,536,4.9,-105,4,95,0
355,335,25,250,551,4.9,-105,4,95,0
355,335,25,250,566,4.9,-105,4,95,0
355,335,25,250,581,4.9,-105,5,95,0
355,335,25,250,596,4.9,-105,5,95,0
355,335,25,250,611,4.9,-105,5,95,0
355,335,25,250,626,4.9,-105,5,95,0
355,335,25,250,641,4.9,-105,5,95,0
355,335,25,295,367,4.88,-60,4,95,0
355,335,25,295,382,4.88,-60,4,95,0
355,335,25,295,397,4.88,-60,3,96,0
355,335,25,295,412,4.88,-60,3,96,0
355,335,25,295,427,4.88,-60,4,96,0
355,335,25,295,442,4.88,-60,4,96,0
355,335,25,295,457,4.88,-60,4,96,0
355,335,25,295,472,4.88,-60,4,96,0
355,335,25,295,487,4.88,-60,4,96,0
355,335,25,295,502,4.88,-60,4,96,0
355,335,25,295,517,4.88,-60,4,96,0
355,335,25,295,532,4.88,-60,4,96,0
355,335,25,295,547,4.88,-60,4,96,0
355,335,25,295,562,4.88,-60,5,96,0
355,335,25,295,577,4.88,-60,5,96,0
355,335,25,295,592,4.88,-60,5,96,0
355,335,25,295,607,4.88,-60,5,96,0
355,335,25,295,622,4.88,-60,5,96,0
355,335,25,295,637,4.88,-60,5,96,0
355,335,25,322,439,6.13,-33,4,96,0
355,335,25,322,457,6.13,-33,4,96,0
360,340,20,322,475,6.13,-38,4,96,1
375,355,5,322,493,6.13,-53,3,97,1
380,360,0,322,511,6.13,-58,4,97,1
380,360,0,322,529,6.13,-58,4,97,0
380,360,0,322,547,6.13,-58,4,97,0
380,360,0,322,565,6.13,-58,4,97,0
380,360,0,322,583,6.13,-58,4,97,0
380,360,0,322,601,6.13,-58,4,97,0
380,360,0,322,619,6.13,-58,4,97,0
380,360,0,322,637,6.13,-58,4,97,0
380,360,0,304,484,5.64,-76,3,97,0
380,360,0,304,502,5.64,-76,4,97,0
380,360,0,304,520,5.64,-76,4,97,0
380,360,0,304,538,5.64,-76,4,97,0
380,360,0,304,556,5.64,-76,4,97,0
380,360,0,304,574,5.64,-76,4,97,0
380,360,0,304,592,5.64,-76,4,97,0
380,360,0,304,610,5.64,-76,4,97,0
380,360,0,338,463,6.05,-42,4,97,1
380,360,0,338,481,6.05,-42,4,97,1
380,360,0,338,499,6.05,-42,4,97,1
380,360,0,338,517,6.05,-42,4,98,1
380,360,0,338,535,6.05,-42,4,98,1
380,360,0,338,553,6.05,-42,4,98,1
380,360,0,338,571,6.05,-42,4,98,1
380,360,0,338,589,6.05,-42,4,98,1
380,360,0,338,607,6.05,-42,4,98,1
380,360,0,338,625,6.05,-42,4,98,1
380,360,0,338,643,6.05,-42,4,98,1
380,360,0,99,494,6.09,-281,3,98,0
380,360,0,99,512,6.09,-281,4,98,0
380,360,0,99,530,6.09,-281,4,98,0
380,360,0,99,548,6.09,-281,4,98,0
380,360,0,99,566,6.09,-281,4,98,0
380,360,0,99,584,6.09,-281,4,98,0
380,360,0,99,602,6.09,-281,4,98,0
380,360,0,99,620,6.09,-281,4,98,0
380,360,0,99,638,6.09,-281,4,98,0
380,360,0,84,484,6.16,-296,3,98,0
380,360,0,84,502,6.16,-296,4,98,0
380,360,0,84,520,6.16,-296,4,98,0
380,360,0,84,538,6.16,-296,4,99,0
380,360,0,84,556,6.16,-296,4,99,0
380,360,0,84,574,6.16,-296,4,99,0
380,360,0,350,255,6.42,-30,4,99,0
380,360,0,350,273,6.42,-30,4,99,0
380,360,0,350,291,6.42,-30,4,99,0
380,360,0,350,309,6.42,-30,4,99,0
380,360,0,350,327,6.42,-30,4,99,0
380,360,0,350,345,6.42,-30,4,99,0
380,360,0,350,363,6.42,-30,4,99,0
380,360,0,350,381,6.42,-30,4,99,0
370,350,10,350,399,6.42,-20,4,99,-1
355,335,25,350,417,6.42,-5,4,99,-1
340,320,40,350,435,6.42,10,4,99,-1
325,305,55,350,453,6.42,25,4,99,-1
310,290,70,350,471,6.42,40,4,99,-1
295,275,85,350,489,6.42,55,4,99,-1
280,260,100,350,507,6.42,70,4,99,-1
270,250,110,350,525,6.42,80,4,99,0
270,250,110,350,543,6.42,80,4,99,0
270,250,110,350,561,6.42,80,4,100,0
270,250,110,350,579,6.42,80,4,100,0
270,250,110,350,597,6.42,80,4,100,0
270,250,110,350,615,6.42,80,4,100,0
270,250,110,350,633,6.42,80,4,100,0
270,250,110,350,651,6.42,80,5,100,0
270,250,110,110,501,5.61,-160,4,100,0
270,250,110,110,519,5.61,-160,4,100,0
270,250,110,110,537,5.61,-160,4,100,0
270,250,110,110,555,5.61,-160,4,100,0
270,250,110,110,573,5.61,-160,4,100,0
270,250,110,110,591,5.61,-160,4,100,0
270,250,110,365,451,5.66,95,4,100,0
270,250,110,365,469,5.66,95,4,100,0
270,250,110,365,487,5.66,95,5,100,0
270,250,110,365,505,5.66,95,4,100,0
270,250,110,365,523,5.66,95,4,100,0
270,250,110,365,541,5.66,95,4,100,0
270,250,110,365,559,5.66,95,4,100,0
270,250,110,365,577,5.66,95,4,100,0
270,250,110,365,595,5.66,95,4,101,0
270,250,110,365,613,5.66,95,4,101,0
270,250,110,365,631,5.66,95,4,101,0
270,250,110,315,406,5.16,45,5,101,0
270,250,110,315,421,5.16,45,4,101,0
270,250,110,315,436,5.16,45,4,101,0
270,250,110,315,451,5.16,45,4,101,0
270,250,110,315,466,5.16,45,4,101,0
270,250,110,315,481,5.16,45,4,101,0
270,250,110,315,496,5.16,45,4,101,0
265,245,115,315,511,5.16,50,4,101,-1
250,230,130,315,526,5.16,65,4,101,-1
235,215,145,315,541,5.16,80,5,101,-1
230,210,150,315,556,5.16,85,5,101,0
230,210,150,315,571,5.16,85,5,101,0
230,210,150,315,586,5.16,85,5,101,0
230,210,150,315,601,5.16,85,5,101,0
230,210,150,315,616,5.16,85,5,101,0
230,210,150,275,435,6.21,45,5,101,0
230,210,150,275,453,6.21,45,5,101,0
230,210,150,275,471,6.21,45,4,102,0
220,200,160,275,489,6.21,55,5,102,-1
205,185,175,275,507,6.21,70,4,102,-1
190,170,190,275,525,6.21,85,4,102,-1
190,170,190,275,543,6.21,85,4,102,0
190,170,190,275,561,6.21,85,4,102,0
190,170,190,275,579,6.21,85,4,102,0
190,170,190,186,433,6.05,-4,4,102,0
190,170,190,186,451,6.05,-4,4,102,0
190,170,190,186,469,6.05,-4,5,102,0
200,180,180,186,487,6.05,-14,4,102,1
215,195,165,186,505,6.05,-29,4,102,1
230,210,150,186,523,6.05,-44,4,102,1
235,215,145,186,541,6.05,-49,4,102,0
235,215,145,186,559,6.05,-49,4,102,0
235,215,145,186,577,6.05,-49,4,102,0
235,215,145,186,595,6.05,-49,4,102,0
235,215,145,186,613,6.05,-49,4,102,0
235,215,145,186,631,6.05,-49,5,102,0
235,215,145,186,649,6.05,-49,5,102,0
235,215,145,156,288,5.22,-79,4,103,0
235,215,145,156,303,5.22,-79,4,103,0
235,215,145,156,318,5.22,-79,4,103,0
235,215,145,156,333,5.22,-79,4,103,0
235,215,145,156,348,5.22,-79,4,103,0
235,215,145,156,363,5.22,-79,4,103,0
235,215,145,156,378,5.22,-79,4,103,0
235,215,145,156,393,5.22,-79,5,103,0
235,215,145,156,408,5.22,-79,5,103,0
235,215,145,156,423,5.22,-79,5,103,0
235,215,145,156,438,5.22,-79,5,103,0
235,215,145,156,453,5.22,-79,5,103,0
235,215,145,156,468,5.22,-79,5,103,0
235,215,145,156,483,5.22,-79,5,103,0
235,215,145,156,498,5.22,-79,5,103,0
235,215,145,156,513,5.22,-79,6,103,0
235,215,145,156,528,5.22,-79,5,103,0
235,215,145,156,543,5.22,-79,5,103,0
235,215,145,156,558,5.22,-79,5,103,0
235,215,145,156,573,5.22,-79,5,103,0
235,215,145,217,461,5.2,-18,5,104,0
235,215,145,217,476,5.2,-18,5,104,0
250,230,130,217,491,5.2,-33,5,104,1
265,245,115,217,506,5.2,-48,5,104,1
275,255,105,217,521,5.2,-58,6,104,0
275,255,105,217,536,5.2,-58,5,104,0
275,255,105,217,551,5.2,-58,5,104,0
275,255,105,217,566,5.2,-58,5,104,0
275,255,105,217,581,5.2,-58,5,104,0
275,255,105,217,596,5.2,-58,5,104,0
275,255,105,217,611,5.2,-58,5,104,0
275,255,105,264,440,6.03,-11,5,104,0
285,265,95,264,458,6.03,-21,5,104,1
300,280,80,264,476,6.03,-36,5,104,1
315,295,65,264,494,6.03,-51,5,104,1
315,295,65,264,512,6.03,-51,4,104,0
315,295,65,264,530,6.03,-51,4,104,0
315,295,65,264,548,6.03,-51,4,104,0
315,295,65,264,566,6.03,-51,4,104,0
315,295,65,264,584,6.03,-51,4,104,0
315,295,65,264,602,6.03,-51,4,105,0
315,295,65,264,620,6.03,-51,5,105,0
315,295,65,264,638,6.03,-51,5,105,0
315,295,65,380,411,5.26,65,4,105,0
315,295,65,380,426,5.26,65,4,105,0
315,295,65,380,441,5.26,65,4,105,0
315,295,65,380,456,5.26,65,4,105,0
315,295,65,380,471,5.26,65,4,105,0
315,295,65,380,486,5.26,65,4,105,0
315,295,65,380,501,5.26,65,5,105,0
315,295,65,380,516,5.26,65,5,105,0
315,295,65,380,531,5.26,65,5,105,0
315,295,65,380,546,5.26,65,5,105,0
315,295,65,380,561,5.26,65,5,105,0
310,290,70,380,576,5.26,70,5,105,-1
295,275,85,380,591,5.26,85,5,105,-1
280,260,100,169,575,6.24,-111,5,105,-1
275,255,105,169,593,6.24,-106,5,105,0
275,255,105,169,611,6.24,-106,6,105,0
275,255,105,200,476,6.33,-75,6,105,0
275,255,105,200,494,6.33,-75,5,106,0
275,255,105,200,512,6.33,-75,4,106,0
275,255,105,200,530,6.33,-75,4,106,0
275,255,105,200,548,6.33,-75,4,106,0
275,255,105,200,566,6.33,-75,4,106,0
275,255,105,200,584,6.33,-75,4,106,0
285,265,95,258,453,6.34,-27,5,106,1
300,280,80,258,471,6.34,-42,5,106,1
315,295,65,258,489,6.34,-57,5,106,1
315,295,65,258,507,6.34,-57,4,106,0
315,295,65,258,525,6.34,-57,4,106,0
315,295,65,258,543,6.34,-57,4,106,0
315,295,65,258,561,6.34,-57,4,106,0
315,295,65,258,579,6.34,-57,4,106,0
315,295,65,258,597,6.34,-57,5,106,0
315,295,65,258,615,6.34,-57,5,106,0
315,295,65,258,633,6.34,-57,5,106,0
315,295,65,375,410,5.15,60,4,106,0
315,295,65,375,425,5.15,60,4,106,0
315,295,65,375,440,5.15,60,4,106,0
315,295,65,375,455,5.15,60,4,107,0
315,295,65,375,470,5.15,60,4,107,0
315,295,65,375,485,5.15,60,4,107,0
315,295,65,375,500,5.15,60,5,107,0
315,295,65,375,515,5.15,60,5,107,0
315,295,65,375,530,5.15,60,5,107,0
315,295,65,375,545,5.15,60,5,107,0
315,295,65,375,560,5.15,60,5,107,0
315,295,65,375,575,5.15,60,5,107,0
315,295,65,375,590,5.15,60,5,107,0
315,295,65,375,605,5.15,60,5,107,0
315,295,65,375,620,5.15,60,6,107,0
315,295,65,375,635,5.15,60,6,107,0
315,295,65,375,650,5.15,60,6,107,0
315,295,65,89,501,5.92,-226,4,107,0
315,295,65,89,519,5.92,-226,4,107,0
315,295,65,89,537,5.92,-226,4,107,0
315,295,65,89,555,5.92,-226,4,107,0
315,295,65,89,573,5.92,-226,4,107,0
315,295,65,89,591,5.92,-226,5,107,0
315,295,65,89,609,5.92,-226,5,108,0
315,295,65,89,627,5.92,-226,5,108,0
315,295,65,89,645,5.92,-226,5,108,0
315,295,65,35,516,5.92,-280,4,108,0
315,295,65,35,534,5.92,-280,4,108,0
315,295,65,35,552,5.92,-280,4,108,0
315,295,65,153,418,5.87,-162,4,108,0
315,295,65,153,436,5.87,-162,5,108,0
315,295,65,153,454,5.87,-162,5,108,0
315,295,65,153,472,5.87,-162,5,108,0
315,295,65,153,490,5.87,-162,5,108,0
315,295,65,153,508,5.87,-162,4,108,0
315,295,65,153,526,5.87,-162,4,108,0
315,295,65,153,544,5.87,-162,4,108,0
315,295,65,153,562,5.87,-162,4,108,0
315,295,65,262,430,6.37,-53,5,108,0
315,295,65,262,448,6.37,-53,5,108,0
315,295,65,262,466,6.37,-53,5,108,0
315,295,65,262,484,6.37,-53,5,108,0
315,295,65,262,502,6.37,-53,5,108,0
315,295,65,262,520,6.37,-53,4,109,0
315,295,65,262,538,6.37,-53,4,109,0
315,295,65,262,556,6.37,-53,4,109,0
315,295,65,262,574,6.37,-53,5,109,0
315,295,65,262,592,6.37,-53,5,109,0
315,295,65,236,544,6.54,-79,5,109,0
315,295,65,236,565,6.54,-79,5,109,0
315,295,65,236,586,6.54,-79,5,109,0
315,295,65,236,607,6.54,-79,4,109,0
315,295,65,236,628,6.54,-79,4,109,0
315,295,65,216,409,5.57,-99,3,109,0
315,295,65,216,427,5.57,-99,4,109,0
315,295,65,216,445,5.57,-99,4,109,0
315,295,65,216,463,5.57,-99,4,109,0
315,295,65,216,481,5.57,-99,4,109,0
315,295,65,216,499,5.57,-99,4,109,0
315,295,65,216,517,5.57,-99,4,109,0
315,295,65,216,535,5.57,-99,4,109,0
315,295,65,216,553,5.57,-99,4,109,0
315,295,65,216,571,5.57,-99,5,109,0
315,295,65,216,589,5.57,-99,5,110,0
315,295,65,216,607,5.57,-99,5,110,0
315,295,65,216,625,5.57,-99,5,110,0
315,295,65,268,415,5.48,-47,5,110,0
315,295,65,268,430,5.48,-47,4,110,0
315,295,65,268,445,5.48,-47,4,110,0
315,295,65,268,460,5.48,-47,4,110,0
315,295,65,268,475,5.48,-47,5,110,0
315,295,65,268,490,5.48,-47,5,110,0
315,295,65,268,505,5.48,-47,5,110,0
315,295,65,268,520,5.48,-47,5,110,0
315,295,65,268,535,5.48,-47,5,110,0
315,295,65,268,550,5.48,-47,5,110,0
315,295,65,268,565,5.48,-47,5,110,0
315,295,65,268,580,5.48,-47,5,110,0
315,295,65,268,595,5.48,-47,6,110,0
315,295,65,268,610,5.48,-47,6,110,0
315,295,65,268,625,5.48,-47,6,110,0
315,295,65,268,640,5.48,-47,6,110,0
315,295,65,140,645,5.65,-175,5,110,0
315,295,65,12,602,6.63,-303,4,111,0
315,295,65,12,623,6.63,-303,4,111,0
315,295,65,64,407,5.65,-251,4,111,0
315,295,65,64,425,5.65,-251,4,111,0
315,295,65,64,443,5.65,-251,4,111,0
315,295,65,64,461,5.65,-251,4,111,0
315,295,65,64,479,5.65,-251,4,111,0
315,295,65,64,497,5.65,-251,4,111,0
315,295,65,64,515,5.65,-251,4,111,0
315,295,65,64,533,5.65,-251,4,111,0
315,295,65,64,551,5.65,-251,4,111,0
315,295,65,350,330,6.63,35,5,111,0
315,295,65,350,351,6.63,35,5,111,0
315,295,65,350,372,6.63,35,5,111,0
315,295,65,350,393,6.63,35,5,111,0
315,295,65,350,414,6.63,35,5,111,0
315,295,65,350,435,6.63,35,4,111,0
315,295,65,350,456,6.63,35,4,111,0
310,290,70,350,477,6.63,40,5,111,-1
295,275,85,350,498,6.63,55,5,111,-1
280,260,100,350,519,6.63,70,5,112,-1
280,260,100,350,540,6.63,70,5,112,0
280,260,100,350,561,6.63,70,5,112,0
280,260,100,350,582,6.63,70,5,112,0
280,260,100,350,603,6.63,70,5,112,0
280,260,100,350,624,6.63,70,5,112,0
280,260,100,350,645,6.63,70,6,112,0
280,260,100,141,507,6.65,-139,5,112,0
280,260,100,141,528,6.65,-139,5,112,0
280,260,100,141,549,6.65,-139,5,112,0
280,260,100,141,570,6.65,-139,5,112,0
280,260,100,141,591,6.65,-139,4,112,0
280,260,100,141,612,6.65,-139,4,112,0
280,260,100,141,633,6.65,-139,4,112,0
280,260,100,103,419,5.8,-177,4,112,0
280,260,100,103,437,5.8,-177,4,112,0
280,260,100,103,455,5.8,-177,4,112,0
280,260,100,103,473,5.8,-177,4,112,0
280,260,100,103,491,5.8,-177,4,112,0
280,260,100,103,509,5.8,-177,4,112,0
280,260,100,103,527,5.8,-177,4,113,0
280,260,100,103,545,5.8,-177,5,113,0
280,260,100,103,563,5.8,-177,5,113,0
280,260,100,103,581,5.8,-177,5,113,0
280,260,100,103,599,5.8,-177,5,113,0
280,260,100,103,617,5.8,-177,5,113,0
280,260,100,171,411,5.43,-109,5,113,0
280,260,100,171,426,5.43,-109,4,113,0
280,260,100,171,441,5.43,-109,4,113,0
280,260,100,171,456,5.43,-109,5,113,0
280,260,100,171,471,5.43,-109,5,113,0
280,260,100,171,486,5.43,-109,5,113,0
280,260,100,209,466,6.4,-71,5,113,0
280,260,100,209,484,6.4,-71,5,113,0
280,260,100,209,502,6.4,-71,5,113,0
280,260,100,209,520,6.4,-71,5,113,0
280,260,100,209,538,6.4,-71,5,113,0
280,260,100,209,556,6.4,-71,6,113,0
280,260,100,209,574,6.4,-71,6,113,0
280,260,100,209,592,6.4,-71,6,113,0
280,260,100,209,610,6.4,-71,6,114,0
280,260,100,209,628,6.4,-71,6,114,0
280,260,100,209,646,6.4,-71,6,114,0
280,260,100,324,389,5.81,44,4,114,0
280,260,100,324,407,5.81,44,5,114,0
280,260,100,324,425,5.81,44,5,114,0
280,260,100,324,443,5.81,44,5,114,0
280,260,100,324,461,5.81,44,5,114,0
280,260,100,324,479,5.81,44,5,114,0
265,245,115,324,497,5.81,59,5,114,-1
250,230,130,324,515,5.81,74,5,114,-1
240,220,140,324,533,5.81,84,5,114,0
240,220,140,324,551,5.81,84,5,114,0
240,220,140,324,569,5.81,84,5,114,0
240,220,140,324,587,5.81,84,5,114,0
240,220,140,270,466,6.28,30,5,114,0
230,210,150,270,484,6.28,40,5,114,-1
215,195,165,270,502,6.28,55,5,114,-1
200,180,180,270,520,6.28,70,4,114,-1
200,180,180,270,538,6.28,70,5,114,0
200,180,180,270,556,6.28,70,5,115,0
200,180,180,270,574,6.28,70,5,115,0
200,180,180,270,592,6.28,70,5,115,0
200,180,180,220,474,5.78,20,5,115,0
185,165,195,220,492,5.78,35,5,115,-1
170,150,210,220,510,5.78,50,5,115,-1
155,135,225,220,528,5.78,65,5,115,-1
155,135,225,220,546,5.78,65,5,115,0
155,135,225,220,564,5.78,65,5,115,0
155,135,225,220,582,5.78,65,5,115,0
155,135,225,220,600,5.78,65,5,115,0
155,135,225,220,618,5.78,65,5,115,0
155,135,225,220,636,5.78,65,5,115,0
155,135,225,321,523,5.96,166,5,115,0
155,135,225,321,541,5.96,166,5,115,0
155,135,225,321,559,5.96,166,5,115,0
155,135,225,321,577,5.96,166,5,115,0
155,135,225,321,595,5.96,166,5,115,0
155,135,225,19,483,5.74,-136,5,115,0
155,135,225,19,501,5.74,-136,5,115,0
155,135,225,19,519,5.74,-136,5,116,0
155,135,225,19,537,5.74,-136,5,116,0
155,135,225,19,555,5.74,-136,5,116,0
155,135,225,19,573,5.74,-136,5,116,0
155,135,225,19,591,5.74,-136,5,116,0
155,135,225,62,472,5.89,-93,5,116,0
155,135,225,62,490,5.89,-93,5,116,0
155,135,225,62,508,5.89,-93,5,116,0
155,135,225,62,526,5.89,-93,5,116,0
155,135,225,62,544,5.89,-93,5,116,0
155,135,225,62,562,5.89,-93,5,116,0
155,135,225,62,580,5.89,-93,5,116,0
155,135,225,62,598,5.89,-93,5,116,0
155,135,225,62,616,5.89,-93,5,116,0
155,135,225,254,506,6.37,99,5,116,0
155,135,225,254,524,6.37,99,6,116,0
155,135,225,254,542,6.37,99,5,116,0
155,135,225,254,560,6.37,99,5,116,0
155,135,225,254,578,6.37,99,5,116,0
155,135,225,254,596,6.37,99,5,116,0
155,135,225,254,614,6.37,99,5,117,0
155,135,225,254,632,6.37,99,5,117,0
155,135,225,386,516,5.98,231,5,117,0
155,135,225,386,534,5.98,231,5,117,0
155,135,225,386,552,5.98,231,5,117,0
155,135,225,155,307,6.21,0,5,117,0
155,135,225,155,325,6.21,0,5,117,0
155,135,225,155,343,6.21,0,5,117,0
155,135,225,155,361,6.21,0,5,117,0
155,135,225,155,379,6.21,0,6,117,0
155,135,225,155,397,6.21,0,5,117,0
155,135,225,155,415,6.21,0,5,117,0
155,135,225,155,433,6.21,0,5,117,0
155,135,225,155,451,6.21,0,5,117,0
155,135,225,155,469,6.21,0,5,117,0
160,140,220,155,487,6.21,-5,5,117,1
175,155,205,155,505,6.21,-20,6,117,1
190,170,190,155,523,6.21,-35,6,117,1
190,170,190,155,541,6.21,-35,6,117,0
190,170,190,155,559,6.21,-35,6,117,0
190,170,190,155,577,6.21,-35,6,118,0
190,170,190,155,595,6.21,-35,6,118,0
190,170,190,155,613,6.21,-35,6,118,0
190,170,190,155,631,6.21,-35,7,118,0
190,170,190,155,649,6.21,-35,6,118,0
190,170,190,310,480,6.69,120,5,118,0
190,170,190,310,501,6.69,120,5,118,0
190,170,190,310,522,6.69,120,5,118,0
190,170,190,310,543,6.69,120,5,118,0
190,170,190,310,564,6.69,120,5,118,0
190,170,190,310,585,6.69,120,6,118,0
190,170,190,310,606,6.69,120,6,118,0
190,170,190,310,627,6.69,120,5,118,0
190,170,190,27,497,6.73,-163,5,118,0
190,170,190,27,518,6.73,-163,4,118,0
190,170,190,27,539,6.73,-163,4,118,0
190,170,190,27,560,6.73,-163,4,118,0
190,170,190,27,581,6.73,-163,5,118,0
190,170,190,27,602,6.73,-163,5,118,0
190,170,190,27,623,6.73,-163,5,118,0
190,170,190,74,428,5.95,-116,5,119,0
190,170,190,74,446,5.95,-116,4,119,0
190,170,190,74,464,5.95,-116,4,119,0
190,170,190,74,482,5.95,-116,4,119,0
190,170,190,74,500,5.95,-116,5,119,0
190,170,190,74,518,5.95,-116,5,119,0
190,170,190,74,536,5.95,-116,5,119,0
190,170,190,74,554,5.95,-116,5,119,0
190,170,190,112,518,6.56,-78,5,119,0
190,170,190,112,539,6.56,-78,5,119,0
190,170,190,112,560,6.56,-78,5,119,0
190,170,190,112,581,6.56,-78,6,119,0
190,170,190,112,602,6.56,-78,6,119,0
190,170,190,112,623,6.56,-78,5,119,0
190,170,190,165,429,6.49,-25,5,119,0
190,170,190,165,447,6.49,-25,4,119,0
190,170,190,165,465,6.49,-25,4,119,0
190,170,190,165,483,6.49,-25,4,119,0
205,185,175,165,501,6.49,-40,5,119,1
220,200,160,165,519,6.49,-55,5,119,1
230,210,150,165,537,6.49,-65,5,120,0
230,210,150,165,555,6.49,-65,5,120,0
230,210,150,165,573,6.49,-65,5,120,0
230,210,150,165,591,6.49,-65,5,120,0
230,210,150,165,609,6.49,-65,5,120,0
230,210,150,165,627,6.49,-65,6,120,0
230,210,150,322,514,5.75,92,6,120,0
230,210,150,322,532,5.75,92,5,120,0
230,210,150,322,550,5.75,92,5,120,0
230,210,150,322,568,5.75,92,5,120,0
230,210,150,322,586,5.75,92,5,120,0
230,210,150,158,477,6.18,-72,5,120,0
230,210,150,158,495,6.18,-72,6,120,0
230,210,150,158,513,6.18,-72,6,120,0
230,210,150,158,531,6.18,-72,5,120,0
230,210,150,158,549,6.18,-72,5,120,0
230,210,150,158,567,6.18,-72,5,120,0
230,210,150,158,585,6.18,-72,5,120,0
230,210,150,158,603,6.18,-72,6,120,0
230,210,150,232,433,6.97,2,6,120,0
245,225,135,232,454,6.97,-13,6,121,1
260,240,120,232,475,6.97,-28,5,121,1
275,255,105,232,496,6.97,-43,5,121,1
285,265,95,232,517,6.97,-53,5,121,0
285,265,95,232,538,6.97,-53,5,121,0
285,265,95,232,559,6.97,-53,6,121,0
285,265,95,232,580,6.97,-53,6,121,0
285,265,95,232,601,6.97,-53,6,121,0
285,265,95,232,622,6.97,-53,5,121,0
285,265,95,232,643,6.97,-53,5,121,0
285,265,95,141,453,5.83,-144,4,121,0
285,265,95,141,471,5.83,-144,4,121,0
285,265,95,141,489,5.83,-144,5,121,0
285,265,95,141,507,5.83,-144,5,121,0
285,265,95,141,525,5.83,-144,5,121,0
285,265,95,141,543,5.83,-144,5,121,0
285,265,95,141,561,5.83,-144,5,121,0
285,265,95,237,458,5.69,-48,5,121,0
285,265,95,237,476,5.69,-48,6,121,0
290,270,90,237,494,5.69,-53,6,121,1
305,285,75,237,512,5.69,-68,6,122,1
320,300,60,237,530,5.69,-83,5,122,1
310,290,70,237,548,5.69,-73,5,122,-1
295,275,85,237,566,5.69,-58,5,122,-1
280,260,100,237,584,5.69,-43,5,122,-1
265,245,115,237,602,5.69,-28,6,122,-1
260,240,120,237,620,5.69,-23,6,122,0
255,235,125,249,463,6.84,-6,6,122,-1
240,220,140,249,484,6.84,9,5,122,-1
225,205,155,249,505,6.84,24,5,122,-1
210,190,170,249,526,6.84,39,5,122,-1
205,185,175,249,547,6.84,44,5,122,0
205,185,175,249,568,6.84,44,6,122,0
205,185,175,249,589,6.84,44,6,122,0
205,185,175,249,610,6.84,44,6,122,0
205,185,175,249,631,6.84,44,5,122,0
205,185,175,249,652,6.84,44,5,122,0
205,185,175,382,534,6.91,177,4,122,0
205,185,175,382,555,6.91,177,5,122,0
205,185,175,382,576,6.91,177,5,122,0
205,185,175,382,597,6.91,177,5,123,0
205,185,175,382,618,6.91,177,5,123,0
205,185,175,382,639,6.91,177,5,123,0
205,185,175,351,444,5.91,146,4,123,0
205,185,175,351,462,5.91,146,4,123,0
205,185,175,351,480,5.91,146,5,123,0
205,185,175,351,498,5.91,146,5,123,0
205,185,175,351,516,5.91,146,5,123,0
205,185,175,351,534,5.91,146,5,123,0
205,185,175,351,552,5.91,146,5,123,0
205,185,175,145,447,5.66,-60,5,123,0
205,185,175,145,465,5.66,-60,5,123,0
205,185,175,145,483,5.66,-60,6,123,0
205,185,175,145,501,5.66,-60,6,123,0
205,185,175,145,519,5.66,-60,6,123,0
215,195,165,145,537,5.66,-70,5,123,1
230,210,150,145,555,5.66,-85,5,123,1
240,220,140,145,573,5.66,-95,5,123,0
240,220,140,145,591,5.66,-95,6,123,0
240,220,140,145,609,5.66,-95,6,123,0
240,220,140,145,627,5.66,-95,6,124,0
240,220,140,80,526,6.24,-160,6,124,0
240,220,140,80,544,6.24,-160,5,124,0
240,220,140,80,562,6.24,-160,5,124,0
240,220,140,80,580,6.24,-160,5,124,0
240,220,140,255,360,6.07,15,6,124,0
240,220,140,255,378,6.07,15,6,124,0
240,220,140,255,396,6.07,15,6,124,0
235,215,145,255,414,6.07,20,6,124,-1
220,200,160,95,550,6.2,-125,5,124,-1
205,185,175,95,568,6.2,-110,5,124,-1
200,180,180,255,468,6.07,55,5,124,0
200,180,180,255,486,6.07,55,6,124,0
195,175,185,255,504,6.07,60,6,124,-1
180,160,200,255,522,6.07,75,6,124,-1
165,145,215,255,540,6.07,90,5,124,-1
155,135,225,210,516,6.89,55,5,124,0
155,135,225,210,537,6.89,55,5,124,0
155,135,225,210,558,6.89,55,6,124,0
155,135,225,210,579,6.89,55,6,124,0
155,135,225,210,600,6.89,55,6,125,0
155,135,225,210,621,6.89,55,6,125,0
155,135,225,210,642,6.89,55,5,125,0
155,135,225,358,518,6.79,203,4,125,0
155,135,225,358,539,6.79,203,4,125,0
155,135,225,358,560,6.79,203,5,125,0
155,135,225,358,581,6.79,203,5,125,0
155,135,225,217,395,5.7,62,5,125,0
155,135,225,217,413,5.7,62,5,125,0
155,135,225,217,431,5.7,62,5,125,0
155,135,225,217,449,5.7,62,4,125,0
155,135,225,217,467,5.7,62,4,125,0
155,135,225,217,485,5.7,62,5,125,0
155,135,225,217,503,5.7,62,5,125,0
155,135,225,217,521,5.7,62,5,125,0
155,135,225,217,539,5.7,62,5,125,0
155,135,225,217,557,5.7,62,5,125,0
155,135,225,217,575,5.7,62,5,125,0
155,135,225,217,593,5.7,62,6,125,0
160,140,220,112,490,6.11,-48,6,125,1
175,155,205,112,508,6.11,-63,6,126,1
190,170,190,112,526,6.11,-78,6,126,1
195,175,185,112,544,6.11,-83,5,126,0
195,175,185,112,562,6.11,-83,5,126,0
195,175,185,112,580,6.11,-83,5,126,0
195,175,185,112,598,6.11,-83,6,126,0
195,175,185,112,616,6.11,-83,6,126,0
195,175,185,112,634,6.11,-83,6,126,0
195,175,185,112,652,6.11,-83,6,126,0
195,175,185,305,431,6.47,110,5,126,0
195,175,185,305,449,6.47,110,4,126,0
195,175,185,305,467,6.47,110,4,126,0
195,175,185,305,485,6.47,110,5,126,0
195,175,185,305,503,6.47,110,5,126,0
195,175,185,305,521,6.47,110,5,126,0
195,175,185,305,539,6.47,110,5,126,0
195,175,185,133,510,6.68,-62,5,126,0
195,175,185,133,531,6.68,-62,5,126,0
195,175,185,133,552,6.68,-62,6,126,0
195,175,185,133,573,6.68,-62,6,126,0
205,185,175,133,594,6.68,-72,6,127,1
220,200,160,133,615,6.68,-87,6,127,1
230,210,150,133,636,6.68,-97,5,127,0
230,210,150,88,518,6.68,-142,4,127,0
230,210,150,88,539,6.68,-142,4,127,0
230,210,150,88,560,6.68,-142,5,127,0
230,210,150,88,581,6.68,-142,5,127,0
230,210,150,88,602,6.68,-142,5,127,0
230,210,150,88,623,6.68,-142,5,127,0
230,210,150,88,644,6.68,-142,5,127,0
230,210,150,371,452,6.44,141,4,127,0
230,210,150,371,470,6.44,141,4,127,0
230,210,150,371,488,6.44,141,5,127,0
230,210,150,371,506,6.44,141,5,127,0
230,210,150,371,524,6.44,141,5,127,0
230,210,150,371,542,6.44,141,5,127,0
230,210,150,371,560,6.44,141,5,127,0
230,210,150,371,578,6.44,141,5,127,0
230,210,150,151,477,6.48,-79,6,127,0
230,210,150,151,495,6.48,-79,6,127,0
230,210,150,151,513,6.48,-79,6,128,0
230,210,150,151,531,6.48,-79,5,128,0
230,210,150,151,549,6.48,-79,5,128,0
230,210,150,151,567,6.48,-79,5,128,0
230,210,150,151,585,6.48,-79,5,128,0
230,210,150,151,603,6.48,-79,6,128,0
230,210,150,151,621,6.48,-79,6,128,0
230,210,150,333,517,5.71,103,6,128,0
230,210,150,333,535,5.71,103,5,128,0
230,210,150,333,553,5.71,103,5,128,0
230,210,150,333,571,5.71,103,5,128,0
230,210,150,341,550,6.78,111,5,128,0
230,210,150,341,571,6.78,111,6,128,0
230,210,150,341,592,6.78,111,6,128,0
230,210,150,341,613,6.78,111,6,128,0
230,210,150,341,634,6.78,111,5,128,0
230,210,150,44,441,5.93,-186,4,128,0
230,210,150,44,459,5.93,-186,4,128,0
230,210,150,106,418,6.9,-124,5,128,0
230,210,150,106,439,6.9,-124,5,128,0
230,210,150,106,460,6.9,-124,5,129,0
230,210,150,106,481,6.9,-124,5,129,0
230,210,150,106,502,6.9,-124,5,129,0
230,210,150,106,523,6.9,-124,5,129,0
230,210,150,106,544,6.9,-124,5,129,0
230,210,150,106,565,6.9,-124,6,129,0
230,210,150,106,586,6.9,-124,6,129,0
230,210,150,146,465,6.94,-84,6,129,0
230,210,150,146,486,6.94,-84,5,129,0
230,210,150,146,507,6.94,-84,4,129,0
230,210,150,146,528,6.94,-84,4,129,0
230,210,150,146,549,6.94,-84,4,129,0
230,210,150,146,570,6.94,-84,5,129,0
230,210,150,146,591,6.94,-84,5,129,0
230,210,150,146,612,6.94,-84,5,129,0
230,210,150,146,633,6.94,-84,5,129,0
230,210,150,175,437,6.07,-55,4,129,0
230,210,150,175,455,6.07,-55,4,129,0
245,225,135,175,473,6.07,-70,5,129,1
260,240,120,175,491,6.07,-85,5,129,1
270,250,110,175,509,6.07,-95,5,130,0
270,250,110,175,527,6.07,-95,5,130,0
270,250,110,175,545,6.07,-95,5,130,0
270,250,110,175,563,6.07,-95,5,130,0
270,250,110,238,461,6.11,-32,5,130,0
270,250,110,238,479,6.11,-32,6,130,0
285,265,95,238,497,6.11,-47,6,130,1
300,280,80,238,515,6.11,-62,6,130,1
305,285,75,238,533,6.11,-67,5,130,0
305,285,75,238,551,6.11,-67,5,130,0
305,285,75,238,569,6.11,-67,5,130,0
305,285,75,238,587,6.11,-67,5,130,0
305,285,75,238,605,6.11,-67,6,130,0
305,285,75,232,504,6.07,-73,6,130,0
305,285,75,232,522,6.07,-73,6,130,0
305,285,75,232,540,6.07,-73,5,130,0
305,285,75,232,558,6.07,-73,5,130,0
305,285,75,232,576,6.07,-73,5,130,0
305,285,75,232,594,6.07,-73,6,130,0
305,285,75,244,490,5.78,-61,6,130,0
305,285,75,244,508,5.78,-61,6,131,0
305,285,75,244,526,5.78,-61,6,131,0
305,285,75,244,544,5.78,-61,5,131,0
305,285,75,244,562,5.78,-61,5,131,0
305,285,75,244,580,5.78,-61,5,131,0
305,285,75,340,479,6.46,35,6,131,0
305,285,75,340,497,6.46,35,6,131,0
305,285,75,340,515,6.46,35,6,131,0
305,285,75,340,533,6.46,35,6,131,0
305,285,75,340,551,6.46,35,5,131,0
305,285,75,340,569,6.46,35,5,131,0
305,285,75,340,587,6.46,35,5,131,0
305,285,75,340,605,6.46,35,6,131,0
305,285,75,340,623,6.46,35,6,131,0
305,285,75,340,641,6.46,35,6,131,0
305,285,75,299,349,6.97,-6,5,131,0
305,285,75,299,370,6.97,-6,5,131,0
305,285,75,299,391,6.97,-6,5,131,0
305,285,75,299,412,6.97,-6,6,131,0
305,285,75,299,433,6.97,-6,6,131,0
305,285,75,299,454,6.97,-6,6,132,0
305,285,75,299,475,6.97,-6,6,132,0
290,270,90,299,496,6.97,9,5,132,-1
275,255,105,299,517,6.97,24,5,132,-1
200,180,180,200,-100,0.0,0,0,0,0
200,180,180,200,-100,0.0,0,0,0,0
200,180,180,200,-100,0.0,0,0,0,0
200,180,180,200,-100,0.0,0,0,0,0
200,180,180,200,-100,0.0,0,0,0,0
200,180,180,200,-100,0.0,0,0,0,0
200,180,180,200,-100,0.0,0,0,0,0
200,180,180,200,-100,0.0,0,0,0,0
200,180,180,200,-100,0.0,0,0,0,0
200,180,180,200,-100,0.0,0,0,0,0
200,180,180,200,-100,0.0,0,0,0,0
200,180,180,200,-100,0.0,0,0,0,0
200,180,180,200,-100,0.0,0,0,0,0
200,180,180,200,-100,0.0,0,0,0,0
200,180,180,200,-100,0.0,0,0,0,0
200,180,180,200,-100,0.0,0,0,0,0
200,180,180,200,-100,0.0,0,0,0,0
200,180,180,200,-100,0.0,0,0,0,0
200,180,180,200,-100,0.0,0,0,0,0
200,180,180,85,-6,2.86,-115,1,1,0
200,180,180,85,3,2.86,-115,1,1,0
200,180,180,85,12,2.86,-115,1,1,0
200,180,180,85,21,2.86,-115,1,1,0
200,180,180,85,30,2.86,-115,1,1,0
200,180,180,85,39,2.86,-115,1,1,0
200,180,180,85,48,2.86,-115,1,1,0
200,180,180,85,57,2.86,-115,1,1,0
200,180,180,85,66,2.86,-115,1,1,0
200,180,180,85,75,2.86,-115,1,1,0
200,180,180,85,84,2.86,-115,1,1,0
200,180,180,85,93,2.86,-115,1,1,0
200,180,180,85,102,2.86,-115,1,1,0
200,180,180,85,111,2.86,-115,1,1,0
200,180,180,85,120,2.86,-115,1,1,0
200,180,180,85,129,2.86,-115,1,1,0
200,180,180,85,138,2.86,-115,1,1,0
200,180,180,85,147,2.86,-115,1,1,0
200,180,180,85,156,2.86,-115,1,1,0
200,180,180,85,165,2.86,-115,1,1,0
200,180,180,85,174,2.86,-115,2,2,0
200,180,180,85,183,2.86,-115,2,2,0
200,180,180,85,192,2.86,-115,2,2,0
200,180,180,85,201,2.86,-115,2,2,0
200,180,180,85,210,2.86,-115,2,2,0
200,180,180,85,219,2.86,-115,2,2,0
200,180,180,85,228,2.86,-115,2,2,0
200,180,180,85,237,2.86,-115,2,2,0
200,180,180,85,246,2.86,-115,2,2,0
200,180,180,85,255,2.86,-115,2,2,0
200,180,180,85,264,2.86,-115,2,2,0
200,180,180,85,273,2.86,-115,2,2,0
200,180,180,85,282,2.86,-115,2,2,0
200,180,180,85,291,2.86,-115,2,2,0
200,180,180,85,300,2.86,-115,2,2,0
200,180,180,85,309,2.86,-115,2,2,0
200,180,180,85,318,2.86,-115,2,2,0
200,180,180,85,327,2.86,-115,2,2,0
200,180,180,85,336,2.86,-115,2,2,0
200,180,180,85,345,2.86,-115,2,2,0
200,180,180,85,354,2.86,-115,3,3,0
200,180,180,85,363,2.86,-115,3,3,0
200,180,180,85,372,2.86,-115,3,3,0
200,180,180,85,381,2.86,-115,3,3,0
200,180,180,85,390,2.86,-115,3,3,0
200,180,180,85,399,2.86,-115,3,3,0
200,180,180,85,408,2.86,-115,3,3,0
200,180,180,85,417,2.86,-115,3,3,0
200,180,180,85,426,2.86,-115,3,3,0
200,180,180,85,435,2.86,-115,3,3,0
200,180,180,85,444,2.86,-115,3,3,0
200,180,180,85,453,2.86,-115,3,3,0
200,180,180,85,462,2.86,-115,3,3,0
200,180,180,85,471,2.86,-115,3,3,0
200,180,180,85,480,2.86,-115,3,3,0
200,180,180,85,489,2.86,-115,3,3,0
200,180,180,85,498,2.86,-115,3,3,0
200,180,180,85,507,2.86,-115,3,3,0
200,180,180,85,516,2.86,-115,3,3,0
200,180,180,85,525,2.86,-115,3,3,0
200,180,180,85,534,2.86,-115,4,4,0
200,180,180,85,543,2.86,-115,4,4,0
200,180,180,85,552,2.86,-115,4,4,0
200,180,180,85,561,2.86,-115,4,4,0
200,180,180,85,570,2.86,-115,4,4,0
200,180,180,85,579,2.86,-115,4,4,0
200,180,180,85,588,2.86,-115,4,4,0
200,180,180,85,597,2.86,-115,4,4,0
200,180,180,85,606,2.86,-115,4,4,0
200,180,180,85,615,2.86,-115,4,4,0
200,180,180,85,624,2.86,-115,4,4,0
200,180,180,85,633,2.86,-115,4,4,0
200,180,180,85,642,2.86,-115,4,4,0
200,180,180,377,466,3.08,177,3,4,0
200,180,180,377,475,3.08,177,3,4,0
200,180,180,377,484,3.08,177,3,4,0
200,180,180,377,493,3.08,177,3,4,0
200,180,180,377,502,3.08,177,3,4,0
200,180,180,377,511,3.08,177,3,4,0
200,180,180,377,520,3.08,177,3,4,0
200,180,180,377,529,3.08,177,4,5,0
200,180,180,377,538,3.08,177,4,5,0
200,180,180,377,547,3.08,177,4,5,0
200,180,180,377,556,3.08,177,4,5,0
200,180,180,377,565,3.08,177,4,5,0
200,180,180,377,574,3.08,177,4,5,0
200,180,180,12,542,3.82,-188,4,5,0
200,180,180,12,554,3.82,-188,4,5,0
200,180,180,12,566,3.82,-188,4,5,0
200,180,180,12,578,3.82,-188,4,5,0
200,180,180,12,590,3.82,-188,4,5,0
200,180,180,12,602,3.82,-188,4,5,0
200,180,180,12,614,3.82,-188,4,5,0
200,180,180,12,626,3.82,-188,4,5,0
200,180,180,12,638,3.82,-188,3,5,0
200,180,180,156,308,3.49,-44,3,5,0
200,180,180,156,317,3.49,-44,2,5,0
200,180,180,156,326,3.49,-44,2,5,0
200,180,180,156,335,3.49,-44,2,5,0
200,180,180,156,344,3.49,-44,3,5,0
200,180,180,156,353,3.49,-44,3,6,0
200,180,180,156,362,3.49,-44,3,6,0
200,180,180,156,371,3.49,-44,3,6,0
200,180,180,156,380,3.49,-44,3,6,0
200,180,180,156,389,3.49,-44,3,6,0
200,180,180,156,398,3.49,-44,3,6,0
200,180,180,156,407,3.49,-44,3,6,0
200,180,180,156,416,3.49,-44,3,6,0
200,180,180,156,425,3.49,-44,3,6,0
200,180,180,156,434,3.49,-44,3,6,0
200,180,180,156,443,3.49,-44,3,6,0
200,180,180,156,452,3.49,-44,3,6,0
200,180,180,156,461,3.49,-44,3,6,0
200,180,180,156,470,3.49,-44,3,6,0
200,180,180,156,479,3.49,-44,3,6,0
200,180,180,156,488,3.49,-44,3,6,0
200,180,180,156,497,3.49,-44,3,6,0
205,185,175,156,506,3.49,-49,3,6,1
220,200,160,156,515,3.49,-64,3,6,1
235,215,145,156,524,3.49,-79,4,6,1
245,225,135,156,533,3.49,-89,4,7,0
245,225,135,156,542,3.49,-89,4,7,0
245,225,135,156,551,3.49,-89,4,7,0
245,225,135,156,560,3.49,-89,4,7,0
245,225,135,156,569,3.49,-89,4,7,0
245,225,135,156,578,3.49,-89,4,7,0
245,225,135,156,587,3.49,-89,4,7,0
245,225,135,156,596,3.49,-89,4,7,0
245,225,135,156,605,3.49,-89,4,7,0
245,225,135,156,614,3.49,-89,4,7,0
245,225,135,156,623,3.49,-89,4,7,0
245,225,135,156,632,3.49,-89,4,7,0
245,225,135,156,641,3.49,-89,4,7,0
245,225,135,156,650,3.49,-89,4,7,0
245,225,135,379,645,3.76,134,3,7,0
245,225,135,315,317,3.41,70,2,7,0
245,225,135,315,326,3.41,70,2,7,0
245,225,135,315,335,3.41,70,2,7,0
245,225,135,315,344,3.41,70,3,7,0
245,225,135,315,353,3.41,70,3,7,0
245,225,135,315,362,3.41,70,3,8,0
245,225,135,315,371,3.41,70,3,8,0
245,225,135,315,380,3.41,70,3,8,0
245,225,135,315,389,3.41,70,3,8,0
245,225,135,315,398,3.41,70,3,8,0
245,225,135,315,407,3.41,70,3,8,0
245,225,135,315,416,3.41,70,3,8,0
245,225,135,315,425,3.41,70,3,8,0
245,225,135,315,434,3.41,70,3,8,0
245,225,135,315,443,3.41,70,3,8,0
245,225,135,315,452,3.41,70,3,8,0
245,225,135,315,461,3.41,70,3,8,0
245,225,135,315,470,3.41,70,3,8,0
245,225,135,315,479,3.41,70,3,8,0
245,225,135,315,488,3.41,70,3,8,0
245,225,135,315,497,3.41,70,3,8,0
245,225,135,315,506,3.41,70,3,8,0
245,225,135,315,515,3.41,70,4,8,0
245,225,135,315,524,3.41,70,4,8,0
230,210,150,315,533,3.41,85,4,8,-1
215,195,165,315,542,3.41,100,4,9,-1
200,180,180,315,551,3.41,115,4,9,-1
200,180,180,315,560,3.41,115,4,9,0
200,180,180,315,569,3.41,115,4,9,0
200,180,180,315,578,3.41,115,4,9,0
200,180,180,315,587,3.41,115,4,9,0
200,180,180,178,419,2.96,-22,4,9,0
200,180,180,178,428,2.96,-22,4,9,0
200,180,180,178,437,2.96,-22,4,9,0
200,180,180,178,446,2.96,-22,4,9,0
200,180,180,178,455,2.96,-22,4,9,0
200,180,180,178,464,2.96,-22,4,9,0
200,180,180,178,473,2.96,-22,3,9,0
200,180,180,178,482,2.96,-22,3,9,0
210,190,170,178,491,2.96,-32,3,9,1
225,205,155,178,500,2.96,-47,3,9,1
240,220,140,178,509,2.96,-62,4,9,1
250,230,130,178,518,2.96,-72,4,9,0
250,230,130,178,527,2.96,-72,4,9,0
250,230,130,178,536,2.96,-72,4,9,0
250,230,130,178,545,2.96,-72,4,10,0
250,230,130,178,554,2.96,-72,4,10,0
250,230,130,178,563,2.96,-72,4,10,0
250,230,130,178,572,2.96,-72,4,10,0
250,230,130,178,581,2.96,-72,4,10,0
250,230,130,178,590,2.96,-72,4,10,0
250,230,130,178,599,2.96,-72,4,10,0
250,230,130,178,608,2.96,-72,4,10,0
250,230,130,178,617,2.96,-72,4,10,0
250,230,130,178,626,2.96,-72,4,10,0
250,230,130,178,635,2.96,-72,4,10,0
250,230,130,178,644,2.96,-72,4,10,0
250,230,130,148,478,2.68,-102,3,10,0
250,230,130,148,487,2.68,-102,3,10,0
250,230,130,148,496,2.68,-102,3,10,0
250,230,130,148,505,2.68,-102,4,10,0
250,230,130,148,514,2.68,-102,4,10,0
250,230,130,148,523,2.68,-102,4,10,0
250,230,130,148,532,2.68,-102,4,10,0
250,230,130,148,541,2.68,-102,4,10,0
250,230,130,148,550,2.68,-102,4,11,0
250,230,130,148,559,2.68,-102,4,11,0
250,230,130,148,568,2.68,-102,4,11,0
250,230,130,148,577,2.68,-102,4,11,0
250,230,130,148,586,2.68,-102,4,11,0
250,230,130,148,595,2.68,-102,4,11,0
250,230,130,148,604,2.68,-102,4,11,0
250,230,130,148,613,2.68,-102,4,11,0
250,230,130,148,622,2.68,-102,4,11,0
250,230,130,148,631,2.68,-102,4,11,0
250,230,130,148,640,2.68,-102,4,11,0
250,230,130,148,649,2.68,-102,4,11,0
250,230,130,76,422,4.13,-174,3,11,0
250,230,130,76,434,4.13,-174,2,11,0
250,230,130,76,446,4.13,-174,3,11,0
250,230,130,76,458,4.13,-174,3,11,0
250,230,130,76,470,4.13,-174,3,11,0
250,230,130,76,482,4.13,-174,3,11,0
250,230,130,76,494,4.13,-174,3,11,0
250,230,130,76,506,4.13,-174,3,11,0
250,230,130,76,518,4.13,-174,3,12,0
250,230,130,76,530,4.13,-174,3,12,0
250,230,130,76,542,4.13,-174,3,12,0
250,230,130,76,554,4.13,-174,3,12,0
250,230,130,76,566,4.13,-174,3,12,0
250,230,130,76,578,4.13,-174,3,12,0
250,230,130,76,590,4.13,-174,3,12,0
250,230,130,76,602,4.13,-174,3,12,0
250,230,130,76,614,4.13,-174,3,12,0
250,230,130,76,626,4.13,-174,3,12,0
250,230,130,133,409,4.11,-117,3,12,0
250,230,130,133,421,4.11,-117,3,12,0
250,230,130,133,433,4.11,-117,2,12,0
250,230,130,133,445,4.11,-117,3,12,0
250,230,130,133,457,4.11,-117,3,12,0
250,230,130,133,469,4.11,-117,3,12,0
250,230,130,133,481,4.11,-117,3,12,0
250,230,130,133,493,4.11,-117,3,12,0
250,230,130,133,505,4.11,-117,3,12,0
250,230,130,133,517,4.11,-117,3,12,0
250,230,130,133,529,4.11,-117,3,13,0
250,230,130,133,541,4.11,-117,3,13,0
250,230,130,133,553,4.11,-117,3,13,0
250,230,130,133,565,4.11,-117,3,13,0
250,230,130,133,577,4.11,-117,3,13,0
250,230,130,133,589,4.11,-117,3,13,0
250,230,130,133,601,4.11,-117,3,13,0
250,230,130,133,613,4.11,-117,3,13,0
250,230,130,133,625,4.11,-117,3,13,0
250,230,130,133,637,4.11,-117,3,13,0
250,230,130,133,649,4.11,-117,3,13,0
250,230,130,221,324,2.95,-29,2,13,0
250,230,130,221,333,2.95,-29,3,13,0
250,230,130,221,342,2.95,-29,3,13,0
250,230,130,221,351,2.95,-29,3,13,0
250,230,130,221,360,2.95,-29,3,13,0
250,230,130,221,369,2.95,-29,3,13,0
250,230,130,221,378,2.95,-29,3,13,0
250,230,130,221,387,2.95,-29,3,13,0
250,230,130,221,396,2.95,-29,3,13,0
250,230,130,221,405,2.95,-29,3,14,0
250,230,130,221,414,2.95,-29,3,14,0
250,230,130,221,423,2.95,-29,3,14,0
250,230,130,221,432,2.95,-29,3,14,0
250,230,130,221,441,2.95,-29,3,14,0
250,230,130,221,450,2.95,-29,3,14,0
250,230,130,221,459,2.95,-29,3,14,0
250,230,130,221,468,2.95,-29,3,14,0
265,245,115,221,477,2.95,-44,3,14,1
280,260,100,221,486,2.95,-59,3,14,1
295,275,85,221,495,2.95,-74,4,14,1
295,275,85,221,504,2.95,-74,4,14,0
295,275,85,221,513,2.95,-74,4,14,0
295,275,85,221,522,2.95,-74,4,14,0
295,275,85,221,531,2.95,-74,4,14,0
295,275,85,221,540,2.95,-74,4,14,0
295,275,85,221,549,2.95,-74,4,14,0
295,275,85,221,558,2.95,-74,4,14,0
295,275,85,221,567,2.95,-74,4,14,0
295,275,85,221,576,2.95,-74,4,14,0
295,275,85,221,585,2.95,-74,4,15,0
295,275,85,221,594,2.95,-74,4,15,0
295,275,85,221,603,2.95,-74,4,15,0
295,275,85,221,612,2.95,-74,4,15,0
295,275,85,221,621,2.95,-74,4,15,0
295,275,85,221,630,2.95,-74,4,15,0
295,275,85,221,639,2.95,-74,4,15,0
295,275,85,269,423,4.22,-26,4,15,0
295,275,85,269,435,4.22,-26,2,15,0
295,275,85,269,447,4.22,-26,3,15,0
295,275,85,269,459,4.22,-26,3,15,0
295,275,85,269,471,4.22,-26,3,15,0
295,275,85,269,483,4.22,-26,3,15,0
310,290,70,269,495,4.22,-41,3,15,1
325,305,55,269,507,4.22,-56,3,15,1
340,320,40,269,519,4.22,-71,3,15,1
340,320,40,269,531,4.22,-71,3,15,0
340,320,40,269,543,4.22,-71,3,15,0
340,320,40,269,555,4.22,-71,3,15,0
340,320,40,269,567,4.22,-71,3,15,0
340,320,40,269,579,4.22,-71,3,16,0
340,320,40,269,591,4.22,-71,3,16,0
340,320,40,269,603,4.22,-71,3,16,0
340,320,40,269,615,4.22,-71,3,16,0
340,320,40,269,627,4.22,-71,3,16,0
340,320,40,269,639,4.22,-71,3,16,0
340,320,40,237,312,3.36,-103,2,16,0
340,320,40,237,321,3.36,-103,3,16,0
340,320,40,237,330,3.36,-103,3,16,0
340,320,40,237,339,3.36,-103,3,16,0
340,320,40,237,348,3.36,-103,3,16,0
340,320,40,237,357,3.36,-103,3,16,0
340,320,40,237,366,3.36,-103,3,16,0
340,320,40,237,375,3.36,-103,3,16,0
340,320,40,237,384,3.36,-103,3,16,0
340,320,40,237,393,3.36,-103,3,16,0
340,320,40,237,402,3.36,-103,3,16,0
340,320,40,237,411,3.36,-103,3,16,0
340,320,40,237,420,3.36,-103,3,16,0
340,320,40,237,429,3.36,-103,3,16,0
340,320,40,237,438,3.36,-103,3,17,0
340,320,40,237,447,3.36,-103,3,17,0
340,320,40,237,456,3.36,-103,3,17,0
340,320,40,237,465,3.36,-103,3,17,0
340,320,40,237,474,3.36,-103,3,17,0
340,320,40,237,483,3.36,-103,4,17,0
340,320,40,237,492,3.36,-103,4,17,0
340,320,40,237,501,3.36,-103,4,17,0
340,320,40,237,510,3.36,-103,4,17,0
340,320,40,237,519,3.36,-103,4,17,0
340,320,40,237,528,3.36,-103,4,17,0
340,320,40,237,537,3.36,-103,4,17,0
340,320,40,237,546,3.36,-103,4,17,0
340,320,40,237,555,3.36,-103,4,17,0
340,320,40,237,564,3.36,-103,4,17,0
340,320,40,237,573,3.36,-103,4,17,0
340,320,40,237,582,3.36,-103,4,17,0
340,320,40,237,591,3.36,-103,4,17,0
340,320,40,237,600,3.36,-103,4,17,0
340,320,40,237,609,3.36,-103,4,17,0
340,320,40,237,618,3.36,-103,4,18,0
340,320,40,254,466,3.0,-86,4,18,0
340,320,40,254,475,3.0,-86,4,18,0
340,320,40,254,484,3.0,-86,5,18,0
340,320,40,254,493,3.0,-86,5,18,0
340,320,40,254,502,3.0,-86,4,18,0
340,320,40,254,511,3.0,-86,4,18,0
340,320,40,254,520,3.0,-86,4,18,0
340,320,40,254,529,3.0,-86,4,18,0
340,320,40,254,538,3.0,-86,4,18,0
340,320,40,254,547,3.0,-86,4,18,0
340,320,40,254,556,3.0,-86,4,18,0
340,320,40,254,565,3.0,-86,4,18,0
340,320,40,254,574,3.0,-86,4,18,0
340,320,40,254,583,3.0,-86,4,18,0
340,320,40,342,430,3.41,2,4,18,0
340,320,40,342,439,3.41,2,4,18,0
340,320,40,342,448,3.41,2,4,18,0
340,320,40,342,457,3.41,2,4,18,0
340,320,40,342,466,3.41,2,4,18,0
330,310,50,342,475,3.41,12,4,19,-1
315,295,65,342,484,3.41,27,5,19,-1
300,280,80,342,493,3.41,42,4,19,-1
285,265,95,342,502,3.41,57,4,19,-1
275,255,105,342,511,3.41,67,4,19,0
275,255,105,342,520,3.41,67,4,19,0
275,255,105,342,529,3.41,67,4,19,0
275,255,105,342,538,3.41,67,4,19,0
275,255,105,342,547,3.41,67,4,19,0
275,255,105,342,556,3.41,67,4,19,0
275,255,105,342,565,3.41,67,4,19,0
275,255,105,342,574,3.41,67,4,19,0
275,255,105,342,583,3.41,67,4,19,0
275,255,105,342,592,3.41,67,4,19,0
275,255,105,342,601,3.41,67,4,19,0
275,255,105,342,610,3.41,67,4,19,0
275,255,105,237,454,3.31,-38,4,19,0
275,255,105,237,463,3.31,-38,4,19,0
275,255,105,237,472,3.31,-38,4,19,0
275,255,105,237,481,3.31,-38,5,19,0
275,255,105,237,490,3.31,-38,4,20,0
275,255,105,237,499,3.31,-38,4,20,0
280,260,100,237,508,3.31,-43,4,20,1
295,275,85,237,517,3.31,-58,4,20,1
310,290,70,237,526,3.31,-73,4,20,1
320,300,60,237,535,3.31,-83,4,20,0
320,300,60,237,544,3.31,-83,4,20,0
320,300,60,237,553,3.31,-83,4,20,0
320,300,60,237,562,3.31,-83,4,20,0
320,300,60,237,571,3.31,-83,4,20,0
320,300,60,237,580,3.31,-83,4,20,0
320,300,60,237,589,3.31,-83,4,20,0
320,300,60,237,598,3.31,-83,4,20,0
320,300,60,237,607,3.31,-83,4,20,0
320,300,60,237,616,3.31,-83,4,20,0
320,300,60,237,625,3.31,-83,4,20,0
320,300,60,237,634,3.31,-83,4,20,0
320,300,60,293,422,3.84,-27,5,20,0
320,300,60,293,434,3.84,-27,4,20,0
320,300,60,293,446,3.84,-27,4,20,0
320,300,60,293,458,3.84,-27,4,21,0
320,300,60,293,470,3.84,-27,4,21,0
335,315,45,293,482,3.84,-42,4,21,1
350,330,30,293,494,3.84,-57,4,21,1
355,335,25,293,506,3.84,-62,4,21,0
355,335,25,293,518,3.84,-62,4,21,0
355,335,25,293,530,3.84,-62,4,21,0
355,335,25,293,542,3.84,-62,4,21,0
355,335,25,293,554,3.84,-62,4,21,0
355,335,25,293,566,3.84,-62,4,21,0
355,335,25,293,578,3.84,-62,4,21,0
355,335,25,293,590,3.84,-62,4,21,0
355,335,25,293,602,3.84,-62,4,21,0
355,335,25,293,614,3.84,-62,4,21,0
355,335,25,293,626,3.84,-62,4,21,0
355,335,25,293,638,3.84,-62,5,21,0
355,335,25,293,650,3.84,-62,4,21,0
355,335,25,210,336,3.34,-145,3,21,0
355,335,25,210,345,3.34,-145,3,21,0
355,335,25,210,354,3.34,-145,3,21,0
355,335,25,210,363,3.34,-145,3,22,0
355,335,25,210,372,3.34,-145,3,22,0
355,335,25,210,381,3.34,-145,3,22,0
355,335,25,210,390,3.34,-145,3,22,0
355,335,25,210,399,3.34,-145,3,22,0
355,335,25,210,408,3.34,-145,3,22,0
355,335,25,210,417,3.34,-145,3,22,0
355,335,25,210,426,3.34,-145,3,22,0
355,335,25,210,435,3.34,-145,3,22,0
355,335,25,210,444,3.34,-145,3,22,0
355,335,25,210,453,3.34,-145,3,22,0
355,335,25,210,462,3.34,-145,3,22,0
355,335,25,210,471,3.34,-145,3,22,0
355,335,25,210,480,3.34,-145,4,22,0
355,335,25,210,489,3.34,-145,4,22,0
355,335,25,210,498,3.34,-145,4,22,0
355,335,25,210,507,3.34,-145,4,22,0
355,335,25,210,516,3.34,-145,4,22,0
355,335,25,210,525,3.34,-145,4,22,0
355,335,25,210,534,3.34,-145,4,22,0
355,335,25,210,543,3.34,-145,4,23,0
355,335,25,210,552,3.34,-145,4,23,0
355,335,25,210,561,3.34,-145,4,23,0
355,335,25,210,570,3.34,-145,4,23,0
355,335,25,210,579,3.34,-145,4,23,0
355,335,25,210,588,3.34,-145,4,23,0
355,335,25,210,597,3.34,-145,4,23,0
355,335,25,210,606,3.34,-145,4,23,0
340,320,40,210,615,3.34,-130,4,23,-1
325,305,55,210,624,3.34,-115,4,23,-1
310,290,70,210,633,3.34,-100,5,23,-1
295,275,85,210,642,3.34,-85,5,23,-1
280,260,100,136,438,4.05,-144,3,23,-1
265,245,115,136,450,4.05,-129,3,23,-1
255,235,125,136,462,4.05,-119,3,23,0
255,235,125,136,474,4.05,-119,3,23,0
255,235,125,136,486,4.05,-119,3,23,0
255,235,125,136,498,4.05,-119,3,23,0
255,235,125,136,510,4.05,-119,3,23,0
255,235,125,136,522,4.05,-119,3,23,0
255,235,125,136,534,4.05,-119,3,24,0
255,235,125,136,546,4.05,-119,3,24,0
255,235,125,136,558,4.05,-119,3,24,0
255,235,125,136,570,4.05,-119,3,24,0
255,235,125,136,582,4.05,-119,3,24,0
255,235,125,136,594,4.05,-119,3,24,0
255,235,125,136,606,4.05,-119,3,24,0
255,235,125,231,407,3.8,-24,3,24,0
255,235,125,231,419,3.8,-24,4,24,0
255,235,125,231,431,3.8,-24,4,24,0
255,235,125,231,443,3.8,-24,3,24,0
255,235,125,231,455,3.8,-24,3,24,0
260,240,120,231,467,3.8,-29,3,24,1
275,255,105,231,479,3.8,-44,3,24,1
290,270,90,231,491,3.8,-59,3,24,1
295,275,85,231,503,3.8,-64,3,24,0
295,275,85,231,515,3.8,-64,3,24,0
295,275,85,231,527,3.8,-64,3,24,0
295,275,85,231,539,3.8,-64,3,24,0
295,275,85,231,551,3.8,-64,3,24,0
295,275,85,231,563,3.8,-64,3,25,0
295,275,85,231,575,3.8,-64,3,25,0
295,275,85,231,587,3.8,-64,3,25,0
295,275,85,231,599,3.8,-64,3,25,0
295,275,85,231,611,3.8,-64,3,25,0
295,275,85,231,623,3.8,-64,4,25,0
295,275,85,231,635,3.8,-64,4,25,0
295,275,85,231,647,3.8,-64,4,25,0
295,275,85,380,451,3.82,85,3,25,0
295,275,85,380,463,3.82,85,3,25,0
295,275,85,380,475,3.82,85,3,25,0
295,275,85,380,487,3.82,85,3,25,0
295,275,85,380,499,3.82,85,3,25,0
295,275,85,380,511,3.82,85,3,25,0
295,275,85,380,523,3.82,85,3,25,0
295,275,85,380,535,3.82,85,3,25,0
295,275,85,380,547,3.82,85,3,25,0
295,275,85,380,559,3.82,85,3,25,0
295,275,85,380,571,3.82,85,3,25,0
295,275,85,380,583,3.82,85,3,25,0
295,275,85,380,595,3.82,85,3,26,0
295,275,85,380,607,3.82,85,3,26,0
295,275,85,380,619,3.82,85,4,26,0
295,275,85,380,631,3.82,85,4,26,0
295,275,85,380,643,3.82,85,4,26,0
295,275,85,367,445,3.64,72,3,26,0
295,275,85,367,457,3.64,72,3,26,0
295,275,85,367,469,3.64,72,3,26,0
295,275,85,367,481,3.64,72,3,26,0
295,275,85,367,493,3.64,72,3,26,0
295,275,85,367,505,3.64,72,3,26,0
295,275,85,367,517,3.64,72,3,26,0
295,275,85,367,529,3.64,72,3,26,0
295,275,85,367,541,3.64,72,3,26,0
295,275,85,367,553,3.64,72,3,26,0
295,275,85,367,565,3.64,72,3,26,0
295,275,85,367,577,3.64,72,3,26,0
295,275,85,367,589,3.64,72,3,26,0
295,275,85,367,601,3.64,72,3,26,0
295,275,85,367,613,3.64,72,3,26,0
295,275,85,367,625,3.64,72,4,27,0
295,275,85,367,637,3.64,72,4,27,0
295,275,85,367,649,3.64,72,4,27,0
295,275,85,264,333,3.3,-31,3,27,0
295,275,85,264,342,3.3,-31,3,27,0
295,275,85,264,351,3.3,-31,3,27,0
295,275,85,264,360,3.3,-31,3,27,0
295,275,85,264,369,3.3,-31,3,27,0
295,275,85,264,378,3.3,-31,3,27,0
295,275,85,264,387,3.3,-31,3,27,0
295,275,85,264,396,3.3,-31,3,27,0
295,275,85,264,405,3.3,-31,3,27,0
295,275,85,264,414,3.3,-31,3,27,0
295,275,85,264,423,3.3,-31,3,27,0
295,275,85,264,432,3.3,-31,3,27,0
295,275,85,264,441,3.3,-31,3,27,0
295,275,85,264,450,3.3,-31,3,27,0
295,275,85,264,459,3.3,-31,4,27,0
295,275,85,264,468,3.3,-31,4,27,0
295,275,85,264,477,3.3,-31,4,27,0
300,280,80,264,486,3.3,-36,4,28,1
315,295,65,264,495,3.3,-51,4,28,1
330,310,50,264,504,3.3,-66,4,28,1
345,325,35,264,513,3.3,-81,4,28,1
345,325,35,264,522,3.3,-81,4,28,0
345,325,35,264,531,3.3,-81,4,28,0
345,325,35,264,540,3.3,-81,4,28,0
345,325,35,264,549,3.3,-81,4,28,0
345,325,35,264,558,3.3,-81,4,28,0
345,325,35,264,567,3.3,-81,4,28,0
345,325,35,264,576,3.3,-81,4,28,0
345,325,35,264,585,3.3,-81,4,28,0
345,325,35,264,594,3.3,-81,4,28,0
345,325,35,264,603,3.3,-81,4,28,0
345,325,35,264,612,3.3,-81,5,28,0
345,325,35,264,621,3.3,-81,5,28,0
345,325,35,264,630,3.3,-81,5,28,0
345,325,35,288,441,4.39,-57,5,28,0
345,325,35,288,453,4.39,-57,5,28,0
345,325,35,288,465,4.39,-57,4,28,0
345,325,35,288,477,4.39,-57,4,29,0
345,325,35,288,489,4.39,-57,4,29,0
345,325,35,288,501,4.39,-57,4,29,0
345,325,35,288,513,4.39,-57,4,29,0
345,325,35,288,525,4.39,-57,4,29,0
360,340,20,288,537,4.39,-72,4,29,1
375,355,5,288,549,4.39,-87,4,29,1
380,360,0,288,561,4.39,-92,4,29,0
380,360,0,288,573,4.39,-92,4,29,0
380,360,0,288,585,4.39,-92,4,29,0
380,360,0,288,597,4.39,-92,4,29,0
380,360,0,288,609,4.39,-92,5,29,0
380,360,0,288,621,4.39,-92,5,29,0
380,360,0,288,633,4.39,-92,5,29,0
380,360,0,288,645,4.39,-92,5,29,0
380,360,0,217,647,3.29,-163,4,29,0
380,360,0,161,467,4.46,-219,3,29,0
380,360,0,161,479,4.46,-219,3,29,0
380,360,0,161,491,4.46,-219,3,29,0
380,360,0,161,503,4.46,-219,3,29,0
380,360,0,161,515,4.46,-219,3,30,0
380,360,0,161,527,4.46,-219,3,30,0
380,360,0,161,539,4.46,-219,3,30,0
380,360,0,161,551,4.46,-219,3,30,0
380,360,0,161,563,4.46,-219,3,30,0
380,360,0,161,575,4.46,-219,3,30,0
380,360,0,161,587,4.46,-219,3,30,0
380,360,0,161,599,4.46,-219,4,30,0
380,360,0,161,611,4.46,-219,4,30,0
380,360,0,161,623,4.46,-219,4,30,0
380,360,0,161,635,4.46,-219,4,30,0
380,360,0,161,647,4.46,-219,4,30,0
380,360,0,64,454,4.03,-316,3,30,0
380,360,0,64,466,4.03,-316,3,30,0
380,360,0,64,478,4.03,-316,3,30,0
380,360,0,64,490,4.03,-316,3,30,0
380,360,0,64,502,4.03,-316,3,30,0
380,360,0,64,514,4.03,-316,3,30,0
380,360,0,64,526,4.03,-316,3,30,0
380,360,0,64,538,4.03,-316,3,30,0
380,360,0,64,550,4.03,-316,3,31,0
380,360,0,64,562,4.03,-316,3,31,0
365,345,15,64,574,4.03,-301,3,31,-1
350,330,30,64,586,4.03,-286,3,31,-1
335,315,45,64,598,4.03,-271,4,31,-1
320,300,60,64,610,4.03,-256,4,31,-1
305,285,75,140,417,3.61,-165,4,31,-1
305,285,75,140,429,3.61,-165,4,31,0
305,285,75,140,441,3.61,-165,4,31,0
305,285,75,140,453,3.61,-165,3,31,0
305,285,75,140,465,3.61,-165,3,31,0
305,285,75,140,477,3.61,-165,3,31,0
305,285,75,140,489,3.61,-165,3,31,0
305,285,75,140,501,3.61,-165,3,31,0
305,285,75,140,513,3.61,-165,3,31,0
305,285,75,140,525,3.61,-165,3,31,0
305,285,75,140,537,3.61,-165,3,31,0
305,285,75,140,549,3.61,-165,3,31,0
305,285,75,140,561,3.61,-165,3,31,0
305,285,75,140,573,3.61,-165,3,31,0
305,285,75,279,390,3.67,-26,3,32,0
305,285,75,279,402,3.67,-26,4,32,0
305,285,75,279,414,3.67,-26,4,32,0
305,285,75,279,426,3.67,-26,4,32,0
305,285,75,279,438,3.67,-26,4,32,0
305,285,75,279,450,3.67,-26,4,32,0
305,285,75,279,462,3.67,-26,3,32,0
305,285,75,279,474,3.67,-26,3,32,0
305,285,75,279,486,3.67,-26,3,32,0
315,295,65,279,498,3.67,-36,3,32,1
330,310,50,279,510,3.67,-51,3,32,1
345,325,35,279,522,3.67,-66,3,32,1
350,330,30,279,534,3.67,-71,3,32,0
350,330,30,279,546,3.67,-71,3,32,0
350,330,30,279,558,3.67,-71,3,32,0
350,330,30,279,570,3.67,-71,3,32,0
350,330,30,279,582,3.67,-71,3,32,0
350,330,30,279,594,3.67,-71,4,32,0
350,330,30,279,606,3.67,-71,4,32,0
350,330,30,279,618,3.67,-71,4,32,0
350,330,30,279,630,3.67,-71,4,33,0
350,330,30,279,642,3.67,-71,4,33,0
350,330,30,52,449,3.6,-298,3,33,0
350,330,30,52,461,3.6,-298,3,33,0
350,330,30,52,473,3.6,-298,3,33,0
350,330,30,52,485,3.6,-298,3,33,0
350,330,30,52,497,3.6,-298,3,33,0
350,330,30,52,509,3.6,-298,3,33,0
350,330,30,52,521,3.6,-298,3,33,0
350,330,30,52,533,3.6,-298,3,33,0
350,330,30,52,545,3.6,-298,3,33,0
350,330,30,52,557,3.6,-298,3,33,0
350,330,30,52,569,3.6,-298,3,33,0
350,330,30,52,581,3.6,-298,3,33,0
350,330,30,175,398,3.93,-175,4,33,0
350,330,30,175,410,3.93,-175,4,33,0
350,330,30,175,422,3.93,-175,4,33,0
350,330,30,175,434,3.93,-175,4,33,0
350,330,30,175,446,3.93,-175,4,33,0
350,330,30,175,458,3.93,-175,4,33,0
350,330,30,175,470,3.93,-175,3,34,0
350,330,30,175,482,3.93,-175,3,34,0
350,330,30,175,494,3.93,-175,3,34,0
350,330,30,175,506,3.93,-175,3,34,0
350,330,30,175,518,3.93,-175,3,34,0
350,330,30,175,530,3.93,-175,3,34,0
350,330,30,175,542,3.93,-175,3,34,0
350,330,30,175,554,3.93,-175,3,34,0
350,330,30,175,566,3.93,-175,3,34,0
350,330,30,175,578,3.93,-175,3,34,0
350,330,30,175,590,3.93,-175,4,34,0
335,315,45,175,602,3.93,-160,4,34,-1
320,300,60,175,614,3.93,-145,4,34,-1
305,285,75,175,626,3.93,-130,4,34,-1
305,285,75,175,638,3.93,-130,4,34,0
305,285,75,295,256,4.18,-10,3,34,0
305,285,75,295,268,4.18,-10,3,34,0
305,285,75,295,280,4.18,-10,3,34,0
305,285,75,295,292,4.18,-10,3,34,0
305,285,75,295,304,4.18,-10,3,34,0
305,285,75,295,316,4.18,-10,3,35,0
305,285,75,295,328,4.18,-10,3,35,0
305,285,75,295,340,4.18,-10,3,35,0
305,285,75,295,352,4.18,-10,3,35,0
305,285,75,295,364,4.18,-10,3,35,0
305,285,75,295,376,4.18,-10,3,35,0
305,285,75,295,388,4.18,-10,4,35,0
305,285,75,295,400,4.18,-10,4,35,0
305,285,75,295,412,4.18,-10,4,35,0
305,285,75,295,424,4.18,-10,4,35,0
305,285,75,295,436,4.18,-10,4,35,0
305,285,75,295,448,4.18,-10,4,35,0
305,285,75,295,460,4.18,-10,3,35,0
310,290,70,295,472,4.18,-15,3,35,1
325,305,55,295,484,4.18,-30,3,35,1
340,320,40,295,496,4.18,-45,3,35,1
355,335,25,295,508,4.18,-60,3,35,1
355,335,25,295,520,4.18,-60,3,35,0
355,335,25,295,532,4.18,-60,3,35,0
355,335,25,295,544,4.18,-60,3,35,0
355,335,25,295,556,4.18,-60,3,36,0
355,335,25,295,568,4.18,-60,3,36,0
355,335,25,295,580,4.18,-60,4,36,0
355,335,25,295,592,4.18,-60,4,36,0
355,335,25,295,604,4.18,-60,4,36,0
355,335,25,295,616,4.18,-60,4,36,0
355,335,25,295,628,4.18,-60,4,36,0
355,335,25,295,640,4.18,-60,4,36,0
355,335,25,133,455,4.0,-222,3,36,0
355,335,25,133,467,4.0,-222,3,36,0
355,335,25,133,479,4.0,-222,3,36,0
355,335,25,133,491,4.0,-222,3,36,0
355,335,25,133,503,4.0,-222,3,36,0
355,335,25,133,515,4.0,-222,3,36,0
355,335,25,133,527,4.0,-222,3,36,0
355,335,25,133,539,4.0,-222,3,36,0
355,335,25,133,551,4.0,-222,3,36,0
355,335,25,133,563,4.0,-222,3,36,0
355,335,25,133,575,4.0,-222,4,36,0
355,335,25,133,587,4.0,-222,4,36,0
355,335,25,133,599,4.0,-222,4,37,0
355,335,25,133,611,4.0,-222,4,37,0
355,335,25,133,623,4.0,-222,4,37,0
355,335,25,133,635,4.0,-222,4,37,0
355,335,25,346,254,3.61,-9,4,37,0
355,335,25,346,266,3.61,-9,3,37,0
355,335,25,346,278,3.61,-9,3,37,0
355,335,25,346,290,3.61,-9,3,37,0
355,335,25,346,302,3.61,-9,3,37,0
355,335,25,346,314,3.61,-9,3,37,0
355,335,25,346,326,3.61,-9,2,37,0
355,335,25,346,338,3.61,-9,2,37,0
355,335,25,346,350,3.61,-9,2,37,0
355,335,25,346,362,3.61,-9,2,37,0
355,335,25,346,374,3.61,-9,3,37,0
355,335,25,346,386,3.61,-9,3,37,0
355,335,25,346,398,3.61,-9,3,37,0
355,335,25,346,410,3.61,-9,3,37,0
355,335,25,346,422,3.61,-9,3,37,0
350,330,30,346,434,3.61,-4,3,37,-1
335,315,45,346,446,3.61,11,3,38,-1
320,300,60,346,458,3.61,26,3,38,-1
305,285,75,346,470,3.61,41,3,38,-1
290,270,90,346,482,3.61,56,3,38,-1
280,260,100,346,494,3.61,66,3,38,0
280,260,100,346,506,3.61,66,3,38,0
280,260,100,346,518,3.61,66,3,38,0
280,260,100,346,530,3.61,66,3,38,0
280,260,100,346,542,3.61,66,3,38,0
280,260,100,346,554,3.61,66,3,38,0
280,260,100,346,566,3.61,66,4,38,0
280,260,100,346,578,3.61,66,4,38,0
280,260,100,346,590,3.61,66,4,38,0
280,260,100,346,602,3.61,66,4,38,0
280,260,100,177,536,4.69,-103,4,38,0
270,250,110,177,551,4.69,-93,4,38,-1
255,235,125,177,566,4.69,-78,4,38,-1
240,220,140,177,581,4.69,-63,4,38,-1
240,220,140,177,596,4.69,-63,3,38,0
240,220,140,177,611,4.69,-63,3,38,0
240,220,140,177,626,4.69,-63,3,39,0
240,220,140,177,641,4.69,-63,3,39,0
240,220,140,373,412,4.53,133,2,39,0
240,220,140,373,427,4.53,133,2,39,0
240,220,140,373,442,4.53,133,2,39,0
240,220,140,373,457,4.53,133,2,39,0
240,220,140,373,472,4.53,133,3,39,0
240,220,140,373,487,4.53,133,3,39,0
240,220,140,373,502,4.53,133,3,39,0
240,220,140,373,517,4.53,133,3,39,0
240,220,140,373,532,4.53,133,3,39,0
240,220,140,373,547,4.53,133,3,39,0
240,220,140,373,562,4.53,133,3,39,0
240,220,140,373,577,4.53,133,3,39,0
240,220,140,373,592,4.53,133,3,39,0
240,220,140,373,607,4.53,133,3,39,0
240,220,140,373,622,4.53,133,3,39,0
240,220,140,373,637,4.53,133,3,39,0
240,220,140,156,325,3.83,-84,2,39,0
240,220,140,156,337,3.83,-84,2,39,0
240,220,140,156,349,3.83,-84,2,40,0
240,220,140,156,361,3.83,-84,2,40,0
240,220,140,156,373,3.83,-84,3,40,0
240,220,140,156,385,3.83,-84,3,40,0
240,220,140,156,397,3.83,-84,3,40,0
240,220,140,156,409,3.83,-84,3,40,0
240,220,140,156,421,3.83,-84,3,40,0
240,220,140,156,433,3.83,-84,3,40,0
240,220,140,156,445,3.83,-84,3,40,0
240,220,140,156,457,3.83,-84,3,40,0
240,220,140,156,469,3.83,-84,3,40,0
240,220,140,156,481,3.83,-84,3,40,0
240,220,140,156,493,3.83,-84,3,40,0
240,220,140,156,505,3.83,-84,3,40,0
240,220,140,156,517,3.83,-84,3,40,0
240,220,140,156,529,3.83,-84,3,40,0
240,220,140,156,541,3.83,-84,3,40,0
240,220,140,156,553,3.83,-84,4,40,0
240,220,140,156,565,3.83,-84,4,40,0
240,220,140,156,577,3.83,-84,4,40,0
240,220,140,156,589,3.83,-84,4,41,0
240,220,140,156,601,3.83,-84,4,41,0
240,220,140,156,613,3.83,-84,4,41,0
240,220,140,156,625,3.83,-84,4,41,0
240,220,140,156,637,3.83,-84,4,41,0
240,220,140,156,649,3.83,-84,4,41,0
240,220,140,346,473,4.39,106,3,41,0
240,220,140,346,485,4.39,106,3,41,0
240,220,140,346,497,4.39,106,3,41,0
240,220,140,346,509,4.39,106,3,41,0
240,220,140,346,521,4.39,106,3,41,0
240,220,140,346,533,4.39,106,3,41,0
240,220,140,346,545,4.39,106,3,41,0
240,220,140,346,557,4.39,106,4,41,0
240,220,140,346,569,4.39,106,4,41,0
240,220,140,346,581,4.39,106,4,41,0
240,220,140,346,593,4.39,106,4,41,0
240,220,140,346,605,4.39,106,4,41,0
240,220,140,346,617,4.39,106,4,41,0
240,220,140,346,629,4.39,106,4,41,0
240,220,140,346,641,4.39,106,4,42,0
240,220,140,354,469,4.29,114,4,42,0
240,220,140,354,481,4.29,114,3,42,0
240,220,140,354,493,4.29,114,3,42,0
240,220,140,354,505,4.29,114,3,42,0
240,220,140,354,517,4.29,114,3,42,0
240,220,140,354,529,4.29,114,3,42,0
240,220,140,354,541,4.29,114,3,42,0
240,220,140,354,553,4.29,114,4,42,0
240,220,140,354,565,4.29,114,4,42,0
240,220,140,354,577,4.29,114,4,42,0
240,220,140,354,589,4.29,114,4,42,0
240,220,140,354,601,4.29,114,4,42,0
240,220,140,354,613,4.29,114,4,42,0
240,220,140,354,625,4.29,114,4,42,0
240,220,140,354,637,4.29,114,4,42,0
240,220,140,354,649,4.29,114,4,42,0
240,220,140,34,473,4.27,-206,3,42,0
240,220,140,34,485,4.27,-206,3,42,0
240,220,140,34,497,4.27,-206,3,42,0
240,220,140,34,509,4.27,-206,3,43,0
240,220,140,34,521,4.27,-206,3,43,0
240,220,140,34,533,4.27,-206,3,43,0
240,220,140,34,545,4.27,-206,3,43,0
240,220,140,34,557,4.27,-206,4,43,0
240,220,140,34,569,4.27,-206,4,43,0
240,220,140,34,581,4.27,-206,4,43,0
240,220,140,34,593,4.27,-206,4,43,0
240,220,140,34,605,4.27,-206,4,43,0
240,220,140,34,617,4.27,-206,4,43,0
240,220,140,81,437,4.31,-159,4,43,0
240,220,140,81,449,4.31,-159,4,43,0
240,220,140,81,461,4.31,-159,3,43,0
240,220,140,81,473,4.31,-159,3,43,0
240,220,140,81,485,4.31,-159,3,43,0
240,220,140,81,497,4.31,-159,3,43,0
240,220,140,81,509,4.31,-159,3,43,0
240,220,140,81,521,4.31,-159,3,43,0
240,220,140,81,533,4.31,-159,3,43,0
240,220,140,81,545,4.31,-159,4,43,0
240,220,140,81,557,4.31,-159,4,44,0
240,220,140,81,569,4.31,-159,4,44,0
240,220,140,81,581,4.31,-159,4,44,0
240,220,140,81,593,4.31,-159,4,44,0
240,220,140,81,605,4.31,-159,4,44,0
240,220,140,81,617,4.31,-159,4,44,0
240,220,140,81,629,4.31,-159,4,44,0
240,220,140,81,641,4.31,-159,4,44,0
240,220,140,59,475,3.88,-181,4,44,0
240,220,140,59,487,3.88,-181,3,44,0
240,220,140,59,499,3.88,-181,3,44,0
240,220,140,59,511,3.88,-181,3,44,0
240,220,140,59,523,3.88,-181,3,44,0
240,220,140,59,535,3.88,-181,3,44,0
240,220,140,59,547,3.88,-181,4,44,0
240,220,140,59,559,3.88,-181,4,44,0
240,220,140,226,386,4.3,-14,4,44,0
240,220,140,226,398,4.3,-14,4,44,0
240,220,140,226,410,4.3,-14,4,44,0
240,220,140,226,422,4.3,-14,4,44,0
240,220,140,226,434,4.3,-14,4,45,0
240,220,140,226,446,4.3,-14,4,45,0
240,220,140,226,458,4.3,-14,4,45,0
250,230,130,226,470,4.3,-24,3,45,1
265,245,115,226,482,4.3,-39,3,45,1
280,260,100,226,494,4.3,-54,3,45,1
290,270,90,226,506,4.3,-64,3,45,0
290,270,90,226,518,4.3,-64,3,45,0
290,270,90,226,530,4.3,-64,3,45,0
290,270,90,226,542,4.3,-64,4,45,0
290,270,90,226,554,4.3,-64,4,45,0
290,270,90,226,566,4.3,-64,4,45,0
290,270,90,226,578,4.3,-64,4,45,0
290,270,90,226,590,4.3,-64,4,45,0
290,270,90,226,602,4.3,-64,4,45,0
290,270,90,226,614,4.3,-64,4,45,0
290,270,90,301,444,4.47,11,4,45,0
290,270,90,301,456,4.47,11,4,45,0
290,270,90,301,468,4.47,11,3,45,0
280,260,100,301,480,4.47,21,3,45,-1
265,245,115,301,492,4.47,36,3,46,-1
250,230,130,301,504,4.47,51,3,46,-1
235,215,145,301,516,4.47,66,3,46,-1
235,215,145,301,528,4.47,66,3,46,0
235,215,145,301,540,4.47,66,4,46,0
235,215,145,301,552,4.47,66,4,46,0
235,215,145,301,564,4.47,66,4,46,0
235,215,145,301,576,4.47,66,4,46,0
235,215,145,301,588,4.47,66,4,46,0
235,215,145,301,600,4.47,66,4,46,0
235,215,145,301,612,4.47,66,4,46,0
235,215,145,104,552,4.92,-131,4,46,0
235,215,145,104,567,4.92,-131,4,46,0
235,215,145,104,582,4.92,-131,3,46,0
235,215,145,104,597,4.92,-131,3,46,0
235,215,145,104,612,4.92,-131,3,46,0
235,215,145,104,627,4.92,-131,3,46,0
235,215,145,104,642,4.92,-131,3,46,0
235,215,145,305,341,3.65,70,2,46,0
235,215,145,305,353,3.65,70,3,46,0
235,215,145,305,365,3.65,70,3,47,0
235,215,145,305,377,3.65,70,3,47,0
235,215,145,305,389,3.65,70,3,47,0
235,215,145,305,401,3.65,70,3,47,0
235,215,145,305,413,3.65,70,3,47,0
235,215,145,305,425,3.65,70,3,47,0
235,215,145,305,437,3.65,70,3,47,0
235,215,145,305,449,3.65,70,3,47,0
235,215,145,305,461,3.65,70,3,47,0
235,215,145,305,473,3.65,70,3,47,0
235,215,145,305,485,3.65,70,3,47,0
235,215,145,305,497,3.65,70,3,47,0
235,215,145,305,509,3.65,70,3,47,0
235,215,145,305,521,3.65,70,3,47,0
235,215,145,305,533,3.65,70,4,47,0
235,215,145,305,545,3.65,70,4,47,0
235,215,145,305,557,3.65,70,4,47,0
235,215,145,305,569,3.65,70,4,47,0
235,215,145,305,581,3.65,70,4,47,0
235,215,145,305,593,3.65,70,4,47,0
235,215,145,305,605,3.65,70,4,48,0
235,215,145,305,617,3.65,70,4,48,0
235,215,145,372,561,4.58,137,4,48,0
235,215,145,305,641,3.65,70,4,48,0
235,215,145,372,591,4.58,137,3,48,0
235,215,145,372,606,4.58,137,3,48,0
235,215,145,372,621,4.58,137,3,48,0
235,215,145,372,636,4.58,137,3,48,0
235,215,145,226,344,4.4,-9,3,48,0
235,215,145,226,356,4.4,-9,3,48,0
235,215,145,226,368,4.4,-9,3,48,0
235,215,145,226,380,4.4,-9,3,48,0
235,215,145,226,392,4.4,-9,3,48,0
235,215,145,226,404,4.4,-9,3,48,0
235,215,145,226,416,4.4,-9,3,48,0
235,215,145,226,428,4.4,-9,3,48,0
235,215,145,226,440,4.4,-9,3,48,0
235,215,145,226,452,4.4,-9,3,48,0
235,215,145,226,464,4.4,-9,3,48,0
245,225,135,226,476,4.4,-19,3,48,1
260,240,120,226,488,4.4,-34,3,49,1
275,255,105,226,500,4.4,-49,3,49,1
275,255,105,226,512,4.4,-49,3,49,0
275,255,105,226,524,4.4,-49,3,49,0
275,255,105,226,536,4.4,-49,4,49,0
275,255,105,226,548,4.4,-49,4,49,0
275,255,105,226,560,4.4,-49,4,49,0
275,255,105,226,572,4.4,-49,4,49,0
275,255,105,226,584,4.4,-49,4,49,0
275,255,105,226,596,4.4,-49,4,49,0
275,255,105,226,608,4.4,-49,4,49,0
275,255,105,226,620,4.4,-49,4,49,0
275,255,105,226,632,4.4,-49,4,49,0
275,255,105,226,644,4.4,-49,4,49,0
275,255,105,371,470,4.07,96,3,49,0
275,255,105,371,482,4.07,96,3,49,0
275,255,105,371,494,4.07,96,3,49,0
275,255,105,371,506,4.07,96,3,49,0
275,255,105,371,518,4.07,96,4,49,0
275,255,105,371,530,4.07,96,4,49,0
275,255,105,371,542,4.07,96,4,50,0
275,255,105,371,554,4.07,96,4,50,0
275,255,105,371,566,4.07,96,4,50,0
275,255,105,371,578,4.07,96,4,50,0
275,255,105,371,590,4.07,96,4,50,0
275,255,105,371,602,4.07,96,4,50,0
275,255,105,371,614,4.07,96,4,50,0
275,255,105,371,626,4.07,96,4,50,0
275,255,105,371,638,4.07,96,4,50,0
275,255,105,374,475,3.93,99,4,50,0
275,255,105,374,487,3.93,99,3,50,0
275,255,105,374,499,3.93,99,3,50,0
275,255,105,374,511,3.93,99,3,50,0
275,255,105,374,523,3.93,99,4,50,0
275,255,105,374,535,3.93,99,4,50,0
275,255,105,374,547,3.93,99,4,50,0
275,255,105,374,559,3.93,99,4,50,0
275,255,105,374,571,3.93,99,4,50,0
275,255,105,374,583,3.93,99,4,50,0
275,255,105,374,595,3.93,99,4,50,0
275,255,105,374,607,3.93,99,4,51,0
275,255,105,231,447,4.0,-44,4,51,0
275,255,105,231,459,4.0,-44,4,51,0
280,260,100,231,471,4.0,-49,4,51,1
295,275,85,231,483,4.0,-64,3,51,1
310,290,70,231,495,4.0,-79,3,51,1
325,305,55,231,507,4.0,-94,3,51,1
325,305,55,231,519,4.0,-94,4,51,0
325,305,55,231,531,4.0,-94,4,51,0
325,305,55,231,543,4.0,-94,4,51,0
325,305,55,231,555,4.0,-94,4,51,0
325,305,55,231,567,4.0,-94,4,51,0
325,305,55,231,579,4.0,-94,4,51,0
325,305,55,231,591,4.0,-94,4,51,0
325,305,55,231,603,4.0,-94,4,51,0
325,305,55,231,615,4.0,-94,4,51,0
325,305,55,231,627,4.0,-94,4,51,0
325,305,55,231,639,4.0,-94,4,51,0
325,305,55,135,474,3.83,-190,3,51,0
325,305,55,135,486,3.83,-190,3,51,0
325,305,55,135,498,3.83,-190,3,52,0
325,305,55,135,510,3.83,-190,3,52,0
325,305,55,135,522,3.83,-190,4,52,0
325,305,55,135,534,3.83,-190,4,52,0
325,305,55,135,546,3.83,-190,4,52,0
325,305,55,135,558,3.83,-190,4,52,0
325,305,55,135,570,3.83,-190,4,52,0
325,305,55,135,582,3.83,-190,4,52,0
325,305,55,135,594,3.83,-190,4,52,0
325,305,55,135,606,3.83,-190,4,52,0
325,305,55,347,339,4.57,22,4,52,0
325,305,55,347,354,4.57,22,4,52,0
325,305,55,347,369,4.57,22,4,52,0
325,305,55,347,384,4.57,22,3,52,0
325,305,55,347,399,4.57,22,3,52,0
325,305,55,347,414,4.57,22,3,52,0
325,305,55,347,429,4.57,22,4,52,0
325,305,55,347,444,4.57,22,4,52,0
315,295,65,347,459,4.57,32,4,52,-1
300,280,80,347,474,4.57,47,4,52,-1
285,265,95,347,489,4.57,62,4,53,-1
280,260,100,347,504,4.57,67,4,53,0
280,260,100,347,519,4.57,67,4,53,0
280,260,100,347,534,4.57,67,4,53,0
280,260,100,347,549,4.57,67,4,53,0
280,260,100,347,564,4.57,67,4,53,0
280,260,100,347,579,4.57,67,4,53,0
280,260,100,347,594,4.57,67,4,53,0
280,260,100,347,609,4.57,67,3,53,0
280,260,100,347,624,4.57,67,3,53,0
280,260,100,347,639,4.57,67,4,53,0
280,260,100,313,347,4.2,33,3,53,0
280,260,100,313,359,4.2,33,3,53,0
280,260,100,313,371,4.2,33,3,53,0
280,260,100,313,383,4.2,33,3,53,0
280,260,100,313,395,4.2,33,3,53,0
280,260,100,313,407,4.2,33,3,53,0
280,260,100,313,419,4.2,33,3,53,0
280,260,100,313,431,4.2,33,3,53,0
280,260,100,313,443,4.2,33,3,53,0
280,260,100,313,455,4.2,33,3,54,0
280,260,100,313,467,4.2,33,3,54,0
270,250,110,313,479,4.2,43,3,54,-1
255,235,125,313,491,4.2,58,3,54,-1
240,220,140,313,503,4.2,73,4,54,-1
235,215,145,313,515,4.2,78,4,54,0
235,215,145,313,527,4.2,78,4,54,0
235,215,145,313,539,4.2,78,4,54,0
235,215,145,313,551,4.2,78,4,54,0
235,215,145,313,563,4.2,78,4,54,0
235,215,145,313,575,4.2,78,4,54,0
235,215,145,313,587,4.2,78,4,54,0
235,215,145,313,599,4.2,78,4,54,0
235,215,145,313,611,4.2,78,4,54,0
235,215,145,313,623,4.2,78,4,54,0
235,215,145,313,635,4.2,78,4,54,0
235,215,145,313,647,4.2,78,4,54,0
235,215,145,284,400,5.27,49,3,54,0
235,215,145,284,415,5.27,49,4,54,0
235,215,145,284,430,5.27,49,4,54,0
235,215,145,284,445,5.27,49,4,55,0
235,215,145,284,460,5.27,49,4,55,0
235,215,145,284,475,5.27,49,4,55,0
235,215,145,284,490,5.27,49,4,55,0
220,200,160,284,505,5.27,64,4,55,-1
205,185,175,284,520,5.27,79,4,55,-1
190,170,190,284,535,5.27,94,4,55,-1
190,170,190,284,550,5.27,94,4,55,0
190,170,190,284,565,5.27,94,4,55,0
190,170,190,284,580,5.27,94,4,55,0
190,170,190,284,595,5.27,94,4,55,0
190,170,190,284,610,5.27,94,3,55,0
190,170,190,284,625,5.27,94,4,55,0
190,170,190,284,640,5.27,94,4,55,0
190,170,190,110,355,3.89,-80,3,55,0
190,170,190,110,367,3.89,-80,3,55,0
190,170,190,110,379,3.89,-80,3,55,0
190,170,190,110,391,3.89,-80,3,55,0
190,170,190,110,403,3.89,-80,3,55,0
190,170,190,110,415,3.89,-80,3,55,0
190,170,190,110,427,3.89,-80,3,56,0
190,170,190,110,439,3.89,-80,3,56,0
190,170,190,110,451,3.89,-80,3,56,0
190,170,190,110,463,3.89,-80,3,56,0
190,170,190,110,475,3.89,-80,3,56,0
190,170,190,110,487,3.89,-80,3,56,0
190,170,190,110,499,3.89,-80,4,56,0
190,170,190,110,511,3.89,-80,4,56,0
190,170,190,110,523,3.89,-80,4,56,0
190,170,190,110,535,3.89,-80,4,56,0
190,170,190,110,547,3.89,-80,4,56,0
190,170,190,110,559,3.89,-80,4,56,0
190,170,190,110,571,3.89,-80,4,56,0
190,170,190,110,583,3.89,-80,4,56,0
190,170,190,110,595,3.89,-80,4,56,0
190,170,190,110,607,3.89,-80,4,56,0
190,170,190,110,619,3.89,-80,4,56,0
190,170,190,110,631,3.89,-80,4,56,0
190,170,190,110,643,3.89,-80,4,56,0
190,170,190,49,611,5.02,-141,3,56,0
190,170,190,49,626,5.02,-141,4,57,0
190,170,190,49,641,5.02,-141,4,57,0
190,170,190,351,353,4.04,161,3,57,0
190,170,190,351,365,4.04,161,3,57,0
190,170,190,351,377,4.04,161,3,57,0
190,170,190,351,389,4.04,161,3,57,0
190,170,190,351,401,4.04,161,3,57,0
190,170,190,351,413,4.04,161,3,57,0
190,170,190,351,425,4.04,161,3,57,0
190,170,190,351,437,4.04,161,3,57,0
190,170,190,255,354,5.04,65,3,57,0
190,170,190,255,369,5.04,65,3,57,0
190,170,190,255,384,5.04,65,3,57,0
190,170,190,255,399,5.04,65,3,57,0
190,170,190,255,414,5.04,65,4,57,0
190,170,190,255,429,5.04,65,4,57,0
190,170,190,255,444,5.04,65,4,57,0
190,170,190,255,459,5.04,65,4,57,0
190,170,190,255,474,5.04,65,4,57,0
180,160,200,255,489,5.04,75,4,57,-1
165,145,215,255,504,5.04,90,4,58,-1
155,135,225,255,519,5.04,100,4,58,0
155,135,225,255,534,5.04,100,4,58,0
155,135,225,255,549,5.04,100,4,58,0
155,135,225,255,564,5.04,100,4,58,0
155,135,225,255,579,5.04,100,4,58,0
155,135,225,255,594,5.04,100,4,58,0
155,135,225,255,609,5.04,100,3,58,0
155,135,225,255,624,5.04,100,4,58,0
155,135,225,255,639,5.04,100,4,58,0
155,135,225,182,351,4.41,27,3,58,0
155,135,225,182,363,4.41,27,3,58,0
155,135,225,182,375,4.41,27,3,58,0
155,135,225,182,387,4.41,27,3,58,0
155,135,225,182,399,4.41,27,3,58,0
155,135,225,182,411,4.41,27,3,58,0
155,135,225,182,423,4.41,27,3,58,0
155,135,225,182,435,4.41,27,3,58,0
155,135,225,182,447,4.41,27,3,58,0
155,135,225,182,459,4.41,27,3,58,0
150,130,230,182,471,4.41,32,3,59,-1
135,115,245,182,483,4.41,47,4,59,-1
120,100,260,182,495,4.41,62,4,59,-1
115,95,265,182,507,4.41,67,4,59,0
115,95,265,182,519,4.41,67,4,59,0
115,95,265,182,531,4.41,67,4,59,0
115,95,265,182,543,4.41,67,4,59,0
115,95,265,182,555,4.41,67,4,59,0
115,95,265,182,567,4.41,67,4,59,0
115,95,265,182,579,4.41,67,4,59,0
115,95,265,182,591,4.41,67,4,59,0
105,85,275,182,603,4.41,77,4,59,-1
90,70,290,146,455,4.26,56,4,59,-1
90,70,290,146,467,4.26,56,4,59,0
90,70,290,146,479,4.26,56,4,59,0
90,70,290,146,491,4.26,56,5,59,0
90,70,290,146,503,4.26,56,4,59,0
90,70,290,146,515,4.26,56,4,59,0
90,70,290,146,527,4.26,56,4,59,0
90,70,290,146,539,4.26,56,4,59,0
90,70,290,146,551,4.26,56,4,60,0
90,70,290,146,563,4.26,56,4,60,0
90,70,290,146,575,4.26,56,4,60,0
90,70,290,146,587,4.26,56,4,60,0
90,70,290,146,599,4.26,56,4,60,0
90,70,290,146,611,4.26,56,4,60,0
90,70,290,146,623,4.26,56,4,60,0
90,70,290,146,635,4.26,56,4,60,0
90,70,290,146,647,4.26,56,5,60,0
90,70,290,95,331,4.41,5,4,60,0
90,70,290,95,343,4.41,5,4,60,0
90,70,290,95,355,4.41,5,4,60,0
90,70,290,95,367,4.41,5,4,60,0
90,70,290,95,379,4.41,5,4,60,0
90,70,290,95,391,4.41,5,4,60,0
90,70,290,95,403,4.41,5,4,60,0
90,70,290,95,415,4.41,5,4,60,0
90,70,290,95,427,4.41,5,4,60,0
90,70,290,95,439,4.41,5,4,60,0
90,70,290,95,451,4.41,5,4,60,0
105,85,275,95,463,4.41,-10,4,61,1
120,100,260,95,475,4.41,-25,4,61,1
135,115,245,95,487,4.41,-40,5,61,1
145,125,235,95,499,4.41,-50,4,61,0
145,125,235,95,511,4.41,-50,4,61,0
145,125,235,95,523,4.41,-50,4,61,0
145,125,235,95,535,4.41,-50,4,61,0
145,125,235,95,547,4.41,-50,4,61,0
145,125,235,95,559,4.41,-50,4,61,0
145,125,235,95,571,4.41,-50,4,61,0
145,125,235,95,583,4.41,-50,4,61,0
145,125,235,95,595,4.41,-50,4,61,0
145,125,235,239,551,4.67,94,4,61,0
145,125,235,239,566,4.67,94,4,61,0
145,125,235,239,581,4.67,94,4,61,0
145,125,235,239,596,4.67,94,5,61,0
145,125,235,239,611,4.67,94,4,61,0
145,125,235,239,626,4.67,94,4,61,0
145,125,235,239,641,4.67,94,4,61,0
145,125,235,178,368,4.16,33,3,61,0
145,125,235,178,380,4.16,33,3,62,0
145,125,235,178,392,4.16,33,3,62,0
145,125,235,178,404,4.16,33,3,62,0
145,125,235,178,416,4.16,33,3,62,0
145,125,235,178,428,4.16,33,3,62,0
145,125,235,178,440,4.16,33,3,62,0
145,125,235,178,452,4.16,33,3,62,0
145,125,235,178,464,4.16,33,3,62,0
140,120,240,178,476,4.16,38,4,62,-1
125,105,255,178,488,4.16,53,4,62,-1
110,90,270,178,500,4.16,68,4,62,-1
110,90,270,178,512,4.16,68,4,62,0
110,90,270,178,524,4.16,68,4,62,0
110,90,270,178,536,4.16,68,4,62,0
110,90,270,178,548,4.16,68,4,62,0
110,90,270,178,560,4.16,68,4,62,0
110,90,270,178,572,4.16,68,4,62,0
110,90,270,178,584,4.16,68,4,62,0
110,90,270,20,544,4.53,-90,4,62,0
110,90,270,20,559,4.53,-90,4,62,0
110,90,270,20,574,4.53,-90,4,63,0
110,90,270,20,589,4.53,-90,5,63,0
110,90,270,20,604,4.53,-90,5,63,0
110,90,270,20,619,4.53,-90,4,63,0
110,90,270,20,634,4.53,-90,4,63,0
110,90,270,20,649,4.53,-90,4,63,0
110,90,270,140,264,4.84,30,3,63,0
110,90,270,140,279,4.84,30,3,63,0
110,90,270,140,294,4.84,30,3,63,0
110,90,270,140,309,4.84,30,3,63,0
110,90,270,140,324,4.84,30,3,63,0
110,90,270,140,339,4.84,30,3,63,0
110,90,270,140,354,4.84,30,3,63,0
110,90,270,140,369,4.84,30,3,63,0
110,90,270,140,384,4.84,30,4,63,0
110,90,270,140,399,4.84,30,4,63,0
110,90,270,140,414,4.84,30,4,63,0
110,90,270,140,429,4.84,30,4,63,0
105,85,275,140,444,4.84,35,4,63,-1
90,70,290,140,459,4.84,50,3,63,-1
75,55,305,140,474,4.84,65,3,64,-1
70,50,310,140,489,4.84,70,3,64,0
70,50,310,140,504,4.84,70,3,64,0
70,50,310,140,519,4.84,70,3,64,0
70,50,310,140,534,4.84,70,3,64,0
70,50,310,140,549,4.84,70,3,64,0
70,50,310,140,564,4.84,70,3,64,0
70,50,310,140,579,4.84,70,4,64,0
70,50,310,140,594,4.84,70,4,64,0
70,50,310,140,609,4.84,70,4,64,0
70,50,310,140,624,4.84,70,4,64,0
70,50,310,140,639,4.84,70,4,64,0
70,50,310,113,365,4.43,43,3,64,0
70,50,310,113,377,4.43,43,3,64,0
70,50,310,113,389,4.43,43,3,64,0
70,50,310,113,401,4.43,43,3,64,0
70,50,310,113,413,4.43,43,3,64,0
70,50,310,113,425,4.43,43,3,64,0
70,50,310,113,437,4.43,43,3,64,0
70,50,310,113,449,4.43,43,3,64,0
70,50,310,113,461,4.43,43,4,65,0
70,50,310,113,473,4.43,43,4,65,0
70,50,310,113,485,4.43,43,4,65,0
70,50,310,113,497,4.43,43,4,65,0
65,45,315,113,509,4.43,48,4,65,-1
50,30,330,113,521,4.43,63,4,65,-1
35,15,345,113,533,4.43,78,4,65,-1
30,10,350,113,545,4.43,83,4,65,0
30,10,350,113,557,4.43,83,4,65,0
30,10,350,113,569,4.43,83,4,65,0
30,10,350,113,581,4.43,83,4,65,0
30,10,350,113,593,4.43,83,4,65,0
30,10,350,113,605,4.43,83,4,65,0
30,10,350,113,617,4.43,83,5,65,0
30,10,350,113,629,4.43,83,5,65,0
30,10,350,113,641,4.43,83,5,65,0
30,10,350,280,624,5.35,250,4,65,0
30,10,350,280,639,5.35,250,4,65,0
30,10,350,297,461,5.06,267,3,65,0
30,10,350,297,476,5.06,267,3,65,0
30,10,350,297,491,5.06,267,3,66,0
30,10,350,297,506,5.06,267,3,66,0
30,10,350,297,521,5.06,267,3,66,0
30,10,350,297,536,5.06,267,3,66,0
30,10,350,297,551,5.06,267,3,66,0
30,10,350,297,566,5.06,267,3,66,0
30,10,350,297,581,5.06,267,4,66,0
30,10,350,297,596,5.06,267,4,66,0
30,10,350,297,611,5.06,267,4,66,0
30,10,350,297,626,5.06,267,4,66,0
30,10,350,172,352,4.14,142,4,66,0
30,10,350,172,364,4.14,142,3,66,0
30,10,350,172,376,4.14,142,3,66,0
30,10,350,172,388,4.14,142,3,66,0
30,10,350,80,309,4.82,50,3,66,0
30,10,350,80,324,4.82,50,3,66,0
30,10,350,80,339,4.82,50,3,66,0
30,10,350,80,354,4.82,50,3,66,0
30,10,350,80,369,4.82,50,3,66,0
30,10,350,80,384,4.82,50,4,66,0
30,10,350,80,399,4.82,50,4,67,0
30,10,350,80,414,4.82,50,4,67,0
30,10,350,80,429,4.82,50,4,67,0
30,10,350,80,444,4.82,50,4,67,0
30,10,350,80,459,4.82,50,4,67,0
30,10,350,80,474,4.82,50,4,67,0
30,10,350,80,489,4.82,50,4,67,0
30,10,350,80,504,4.82,50,4,67,0
30,10,350,80,519,4.82,50,4,67,0
30,10,350,80,534,4.82,50,4,67,0
30,10,350,80,549,4.82,50,4,67,0
30,10,350,80,564,4.82,50,5,67,0
35,15,345,80,579,4.82,45,5,67,1
50,30,330,80,594,4.82,30,5,67,1
65,45,315,80,609,4.82,15,5,67,1
80,60,300,80,624,4.82,0,4,67,1
95,75,285,80,639,4.82,-15,4,67,1
110,90,270,51,460,5.14,-59,3,67,1
125,105,255,51,475,5.14,-74,3,67,1
125,105,255,51,490,5.14,-74,3,67,0
125,105,255,51,505,5.14,-74,3,68,0
125,105,255,51,520,5.14,-74,3,68,0
125,105,255,51,535,5.14,-74,3,68,0
125,105,255,51,550,5.14,-74,3,68,0
125,105,255,51,565,5.14,-74,4,68,0
125,105,255,51,580,5.14,-74,4,68,0
125,105,255,51,595,5.14,-74,4,68,0
125,105,255,51,610,5.14,-74,4,68,0
125,105,255,51,625,5.14,-74,4,68,0
125,105,255,51,640,5.14,-74,4,68,0
125,105,255,328,468,5.13,203,3,68,0
125,105,255,328,483,5.13,203,3,68,0
125,105,255,328,498,5.13,203,3,68,0
125,105,255,328,513,5.13,203,3,68,0
125,105,255,328,528,5.13,203,3,68,0
125,105,255,328,543,5.13,203,3,68,0
125,105,255,328,558,5.13,203,3,68,0
125,105,255,328,573,5.13,203,4,68,0
125,105,255,328,588,5.13,203,4,68,0
125,105,255,22,413,5.18,-103,4,68,0
125,105,255,22,428,5.18,-103,4,69,0
125,105,255,22,443,5.18,-103,4,69,0
125,105,255,22,458,5.18,-103,4,69,0
125,105,255,22,473,5.18,-103,3,69,0
125,105,255,22,488,5.18,-103,3,69,0
125,105,255,22,503,5.18,-103,3,69,0
125,105,255,22,518,5.18,-103,3,69,0
125,105,255,22,533,5.18,-103,3,69,0
125,105,255,22,548,5.18,-103,3,69,0
125,105,255,22,563,5.18,-103,4,69,0
125,105,255,22,578,5.18,-103,4,69,0
125,105,255,22,593,5.18,-103,4,69,0
125,105,255,22,608,5.18,-103,4,69,0
125,105,255,22,623,5.18,-103,4,69,0
125,105,255,22,638,5.18,-103,4,69,0
125,105,255,360,467,4.58,235,3,69,0
125,105,255,360,482,4.58,235,3,69,0
125,105,255,360,497,4.58,235,3,69,0
125,105,255,360,512,4.58,235,3,69,0
125,105,255,360,527,4.58,235,3,69,0
125,105,255,360,542,4.58,235,3,70,0
125,105,255,360,557,4.58,235,4,70,0
125,105,255,360,572,4.58,235,4,70,0
125,105,255,360,587,4.58,235,4,70,0
125,105,255,360,602,4.58,235,4,70,0
125,105,255,360,617,4.58,235,4,70,0
125,105,255,360,632,4.58,235,4,70,0
125,105,255,330,450,5.28,205,4,70,0
125,105,255,330,465,5.28,205,3,70,0
125,105,255,330,480,5.28,205,3,70,0
125,105,255,330,495,5.28,205,3,70,0
125,105,255,330,510,5.28,205,3,70,0
125,105,255,330,525,5.28,205,3,70,0
125,105,255,330,540,5.28,205,3,70,0
125,105,255,330,555,5.28,205,4,70,0
125,105,255,330,570,5.28,205,4,70,0
125,105,255,330,585,5.28,205,4,70,0
125,105,255,330,600,5.28,205,4,70,0
125,105,255,336,519,5.64,211,4,70,0
125,105,255,336,537,5.64,211,4,70,0
125,105,255,336,555,5.64,211,4,71,0
125,105,255,336,573,5.64,211,3,71,0
125,105,255,336,591,5.64,211,3,71,0
125,105,255,336,609,5.64,211,3,71,0
125,105,255,336,627,5.64,211,3,71,0
125,105,255,336,645,5.64,211,3,71,0
125,105,255,318,447,5.69,193,3,71,0
125,105,255,318,465,5.69,193,3,71,0
125,105,255,318,483,5.69,193,3,71,0
125,105,255,318,501,5.69,193,3,71,0
125,105,255,318,519,5.69,193,3,71,0
125,105,255,318,537,5.69,193,3,71,0
125,105,255,318,555,5.69,193,3,71,0
125,105,255,318,573,5.69,193,3,71,0
125,105,255,318,591,5.69,193,3,71,0
125,105,255,318,609,5.69,193,3,71,0
125,105,255,318,627,5.69,193,3,71,0
125,105,255,62,346,5.07,-63,3,71,0
125,105,255,62,361,5.07,-63,3,71,0
125,105,255,62,376,5.07,-63,3,71,0
125,105,255,62,391,5.07,-63,3,72,0
125,105,255,62,406,5.07,-63,3,72,0
125,105,255,62,421,5.07,-63,3,72,0
125,105,255,62,436,5.07,-63,3,72,0
125,105,255,62,451,5.07,-63,3,72,0
125,105,255,62,466,5.07,-63,3,72,0
125,105,255,62,481,5.07,-63,3,72,0
125,105,255,62,496,5.07,-63,3,72,0
140,120,240,62,511,5.07,-78,3,72,1
155,135,225,62,526,5.07,-93,3,72,1
170,150,210,62,541,5.07,-108,4,72,1
170,150,210,62,556,5.07,-108,4,72,0
170,150,210,62,571,5.07,-108,4,72,0
170,150,210,62,586,5.07,-108,4,72,0
170,150,210,62,601,5.07,-108,4,72,0
170,150,210,292,521,5.56,122,4,72,0
170,150,210,292,539,5.56,122,4,72,0
170,150,210,292,557,5.56,122,4,72,0
170,150,210,292,575,5.56,122,3,72,0
170,150,210,292,593,5.56,122,3,72,0
170,150,210,173,388,5.76,3,3,73,0
170,150,210,173,406,5.76,3,3,73,0
170,150,210,173,424,5.76,3,4,73,0
170,150,210,173,442,5.76,3,3,73,0
160,140,220,173,460,5.76,13,3,73,-1
145,125,235,173,478,5.76,28,3,73,-1
130,110,250,173,496,5.76,43,3,73,-1
125,105,255,173,514,5.76,48,3,73,0
125,105,255,173,532,5.76,48,3,73,0
125,105,255,173,550,5.76,48,3,73,0
125,105,255,173,568,5.76,48,3,73,0
125,105,255,173,586,5.76,48,3,73,0
125,105,255,173,604,5.76,48,3,73,0
125,105,255,173,622,5.76,48,3,73,0
125,105,255,173,640,5.76,48,4,73,0
125,105,255,249,188,4.74,124,3,73,0
125,105,255,249,203,4.74,124,3,73,0
125,105,255,249,218,4.74,124,3,73,0
125,105,255,249,233,4.74,124,3,73,0
125,105,255,249,248,4.74,124,3,73,0
125,105,255,249,263,4.74,124,3,74,0
125,105,255,249,278,4.74,124,3,74,0
125,105,255,249,293,4.74,124,3,74,0
125,105,255,249,308,4.74,124,3,74,0
125,105,255,249,323,4.74,124,3,74,0
125,105,255,249,338,4.74,124,3,74,0
125,105,255,249,353,4.74,124,4,74,0
125,105,255,249,368,4.74,124,4,74,0
125,105,255,249,383,4.74,124,4,74,0
125,105,255,249,398,4.74,124,4,74,0
125,105,255,249,413,4.74,124,4,74,0
125,105,255,249,428,4.74,124,4,74,0
125,105,255,249,443,4.74,124,4,74,0
125,105,255,249,458,4.74,124,4,74,0
125,105,255,249,473,4.74,124,4,74,0
125,105,255,249,488,4.74,124,4,74,0
125,105,255,249,503,4.74,124,4,74,0
125,105,255,249,518,4.74,124,4,74,0
125,105,255,249,533,4.74,124,5,74,0
125,105,255,249,548,4.74,124,5,74,0
125,105,255,249,563,4.74,124,5,75,0
125,105,255,249,578,4.74,124,5,75,0
125,105,255,249,593,4.74,124,5,75,0
125,105,255,249,608,4.74,124,5,75,0
125,105,255,249,623,4.74,124,5,75,0
125,105,255,249,638,4.74,124,4,75,0
125,105,255,244,471,5.14,119,3,75,0
125,105,255,244,486,5.14,119,3,75,0
125,105,255,244,501,5.14,119,3,75,0
125,105,255,244,516,5.14,119,3,75,0
125,105,255,244,531,5.14,119,4,75,0
125,105,255,244,546,5.14,119,4,75,0
125,105,255,244,561,5.14,119,4,75,0
125,105,255,244,576,5.14,119,4,75,0
125,105,255,244,591,5.14,119,4,75,0
125,105,255,244,606,5.14,119,4,75,0
125,105,255,290,531,5.82,165,4,75,0
125,105,255,290,549,5.82,165,4,75,0
125,105,255,290,567,5.82,165,4,75,0
125,105,255,290,585,5.82,165,3,75,0
125,105,255,290,603,5.82,165,3,76,0
125,105,255,144,336,4.81,19,3,76,0
125,105,255,144,351,4.81,19,4,76,0
125,105,255,144,366,4.81,19,3,76,0
125,105,255,144,381,4.81,19,3,76,0
125,105,255,144,396,4.81,19,3,76,0
125,105,255,144,411,4.81,19,3,76,0
125,105,255,144,426,4.81,19,3,76,0
125,105,255,144,441,4.81,19,3,76,0
120,100,260,144,456,4.81,24,3,76,-1
105,85,275,144,471,4.81,39,3,76,-1
90,70,290,144,486,4.81,54,3,76,-1
90,70,290,144,501,4.81,54,3,76,0
90,70,290,144,516,4.81,54,4,76,0
90,70,290,144,531,4.81,54,4,76,0
90,70,290,144,546,4.81,54,4,76,0
90,70,290,144,561,4.81,54,4,76,0
90,70,290,144,576,4.81,54,4,76,0
90,70,290,144,591,4.81,54,4,76,0
90,70,290,144,606,4.81,54,4,76,0
90,70,290,144,621,4.81,54,4,77,0
90,70,290,144,636,4.81,54,4,77,0
90,70,290,144,651,4.81,54,4,77,0
90,70,290,376,491,5.45,286,3,77,0
90,70,290,376,506,5.45,286,3,77,0
90,70,290,376,521,5.45,286,4,77,0
90,70,290,376,536,5.45,286,4,77,0
90,70,290,376,551,5.45,286,4,77,0
90,70,290,376,566,5.45,286,4,77,0
90,70,290,376,581,5.45,286,4,77,0
90,70,290,376,596,5.45,286,4,77,0
90,70,290,376,611,5.45,286,4,77,0
90,70,290,16,279,5.33,-74,4,77,0
90,70,290,16,294,5.33,-74,4,77,0
90,70,290,16,309,5.33,-74,3,77,0
90,70,290,16,324,5.33,-74,3,77,0
90,70,290,16,339,5.33,-74,3,77,0
90,70,290,16,354,5.33,-74,4,77,0
90,70,290,16,369,5.33,-74,4,77,0
90,70,290,16,384,5.33,-74,4,77,0
90,70,290,16,399,5.33,-74,4,78,0
90,70,290,16,414,5.33,-74,4,78,0
90,70,290,16,429,5.33,-74,4,78,0
90,70,290,16,444,5.33,-74,4,78,0
90,70,290,16,459,5.33,-74,4,78,0
90,70,290,16,474,5.33,-74,4,78,0
90,70,290,16,489,5.33,-74,3,78,0
90,70,290,16,504,5.33,-74,3,78,0
90,70,290,16,519,5.33,-74,4,78,0
90,70,290,16,534,5.33,-74,4,78,0
90,70,290,16,549,5.33,-74,4,78,0
90,70,290,16,564,5.33,-74,4,78,0
90,70,290,16,579,5.33,-74,4,78,0
90,70,290,16,594,5.33,-74,4,78,0
90,70,290,190,524,5.79,100,4,78,0
90,70,290,190,542,5.79,100,4,78,0
90,70,290,190,560,5.79,100,4,78,0
90,70,290,190,578,5.79,100,3,78,0
90,70,290,190,596,5.79,100,3,78,0
90,70,290,190,614,5.79,100,4,78,0
90,70,290,190,632,5.79,100,4,79,0
90,70,290,170,437,5.58,80,3,79,0
90,70,290,170,455,5.58,80,3,79,0
90,70,290,170,473,5.58,80,3,79,0
90,70,290,170,491,5.58,80,3,79,0
90,70,290,170,509,5.58,80,3,79,0
90,70,290,170,527,5.58,80,3,79,0
90,70,290,170,545,5.58,80,3,79,0
90,70,290,170,563,5.58,80,3,79,0
90,70,290,170,581,5.58,80,3,79,0
90,70,290,170,599,5.58,80,3,79,0
90,70,290,170,617,5.58,80,4,79,0
90,70,290,170,635,5.58,80,4,79,0
90,70,290,261,451,5.64,171,3,79,0
90,70,290,261,469,5.64,171,3,79,0
90,70,290,261,487,5.64,171,3,79,0
90,70,290,261,505,5.64,171,3,79,0
90,70,290,261,523,5.64,171,3,79,0
90,70,290,261,541,5.64,171,3,79,0
90,70,290,261,559,5.64,171,3,79,0
90,70,290,261,577,5.64,171,3,80,0
90,70,290,128,391,5.83,38,3,80,0
90,70,290,128,409,5.83,38,4,80,0
90,70,290,128,427,5.83,38,4,80,0
90,70,290,128,445,5.83,38,4,80,0
90,70,290,128,463,5.83,38,3,80,0
90,70,290,128,481,5.83,38,3,80,0
80,60,300,128,499,5.83,48,3,80,-1
65,45,315,128,517,5.83,63,3,80,-1
60,40,320,128,535,5.83,68,3,80,0
60,40,320,128,553,5.83,68,3,80,0
60,40,320,128,571,5.83,68,3,80,0
60,40,320,128,589,5.83,68,3,80,0
60,40,320,128,607,5.83,68,4,80,0
60,40,320,128,625,5.83,68,4,80,0
60,40,320,128,643,5.83,68,4,80,0
60,40,320,126,380,5.02,66,3,80,0
60,40,320,126,395,5.02,66,3,80,0
60,40,320,126,410,5.02,66,3,80,0
60,40,320,126,425,5.02,66,3,80,0
60,40,320,126,440,5.02,66,3,81,0
60,40,320,126,455,5.02,66,3,81,0
60,40,320,126,470,5.02,66,3,81,0
60,40,320,126,485,5.02,66,3,81,0
60,40,320,126,500,5.02,66,4,81,0
60,40,320,126,515,5.02,66,4,81,0
60,40,320,126,530,5.02,66,4,81,0
60,40,320,126,545,5.02,66,4,81,0
60,40,320,126,560,5.02,66,4,81,0
60,40,320,126,575,5.02,66,4,81,0
60,40,320,126,590,5.02,66,4,81,0
60,40,320,126,605,5.02,66,4,81,0
60,40,320,126,620,5.02,66,4,81,0
60,40,320,126,635,5.02,66,4,81,0
60,40,320,44,369,5.91,-16,3,81,0
60,40,320,44,387,5.91,-16,4,81,0
60,40,320,44,405,5.91,-16,4,81,0
60,40,320,44,423,5.91,-16,4,81,0
60,40,320,44,441,5.91,-16,4,81,0
70,50,310,44,459,5.91,-26,4,81,1
85,65,295,44,477,5.91,-41,4,82,1
100,80,280,44,495,5.91,-56,4,82,1
105,85,275,44,513,5.91,-61,4,82,0
105,85,275,44,531,5.91,-61,4,82,0
105,85,275,44,549,5.91,-61,4,82,0
105,85,275,44,567,5.91,-61,4,82,0
105,85,275,44,585,5.91,-61,4,82,0
105,85,275,44,603,5.91,-61,4,82,0
105,85,275,44,621,5.91,-61,4,82,0
105,85,275,44,639,5.91,-61,4,82,0
105,85,275,46,462,5.89,-59,3,82,0
105,85,275,46,480,5.89,-59,3,82,0
105,85,275,46,498,5.89,-59,3,82,0
105,85,275,46,516,5.89,-59,3,82,0
105,85,275,46,534,5.89,-59,3,82,0
105,85,275,46,552,5.89,-59,3,82,0
105,85,275,46,570,5.89,-59,3,82,0
105,85,275,46,588,5.89,-59,4,82,0
105,85,275,46,606,5.89,-59,4,82,0
105,85,275,46,624,5.89,-59,4,82,0
105,85,275,46,642,5.89,-59,4,83,0
110,90,270,62,459,5.65,-48,3,83,1
125,105,255,62,477,5.65,-63,3,83,1
140,120,240,62,495,5.65,-78,3,83,1
150,130,230,62,513,5.65,-88,3,83,0
150,130,230,62,531,5.65,-88,3,83,0
150,130,230,62,549,5.65,-88,3,83,0
150,130,230,62,567,5.65,-88,3,83,0
150,130,230,62,585,5.65,-88,4,83,0
150,130,230,62,603,5.65,-88,4,83,0
150,130,230,62,621,5.65,-88,4,83,0
150,130,230,62,639,5.65,-88,4,83,0
150,130,230,375,465,5.79,225,3,83,0
150,130,230,375,483,5.79,225,3,83,0
150,130,230,375,501,5.79,225,3,83,0
150,130,230,375,519,5.79,225,3,83,0
150,130,230,375,537,5.79,225,3,83,0
150,130,230,375,555,5.79,225,3,83,0
150,130,230,375,573,5.79,225,3,83,0
150,130,230,375,591,5.79,225,4,83,0
150,130,230,375,609,5.79,225,4,84,0
150,130,230,375,627,5.79,225,4,84,0
150,130,230,364,446,5.72,214,4,84,0
150,130,230,364,464,5.72,214,3,84,0
150,130,230,364,482,5.72,214,3,84,0
150,130,230,364,500,5.72,214,3,84,0
150,130,230,364,518,5.72,214,3,84,0
150,130,230,364,536,5.72,214,3,84,0
150,130,230,364,554,5.72,214,3,84,0
150,130,230,182,372,5.72,32,3,84,0
150,130,230,182,390,5.72,32,4,84,0
150,130,230,182,408,5.72,32,4,84,0
150,130,230,182,426,5.72,32,4,84,0
150,130,230,182,444,5.72,32,4,84,0
145,125,235,182,462,5.72,37,3,84,-1
130,110,250,182,480,5.72,52,3,84,-1
115,95,265,182,498,5.72,67,3,84,-1
100,80,280,182,516,5.72,82,3,84,-1
100,80,280,182,534,5.72,82,3,84,0
100,80,280,182,552,5.72,82,3,84,0
100,80,280,182,570,5.72,82,3,85,0
100,80,280,182,588,5.72,82,4,85,0
100,80,280,182,606,5.72,82,4,85,0
100,80,280,182,624,5.72,82,4,85,0
100,80,280,182,642,5.72,82,4,85,0
100,80,280,318,382,4.82,218,3,85,0
100,80,280,318,397,4.82,218,3,85,0
100,80,280,318,412,4.82,218,3,85,0
100,80,280,318,427,4.82,218,3,85,0
100,80,280,318,442,4.82,218,3,85,0
100,80,280,318,457,4.82,218,3,85,0
100,80,280,318,472,4.82,218,4,85,0
100,80,280,318,487,4.82,218,4,85,0
100,80,280,318,502,4.82,218,4,85,0
100,80,280,318,517,4.82,218,4,85,0
100,80,280,318,532,4.82,218,4,85,0
100,80,280,318,547,4.82,218,4,85,0
100,80,280,29,406,4.77,-71,4,85,0
100,80,280,29,421,4.77,-71,4,85,0
100,80,280,29,436,4.77,-71,4,85,0
100,80,280,29,451,4.77,-71,4,86,0
100,80,280,29,466,4.77,-71,4,86,0
100,80,280,29,481,4.77,-71,5,86,0
100,80,280,29,496,4.77,-71,4,86,0
100,80,280,29,511,4.77,-71,4,86,0
100,80,280,29,526,4.77,-71,4,86,0
100,80,280,29,541,4.77,-71,4,86,0
100,80,280,29,556,4.77,-71,4,86,0
100,80,280,29,571,4.77,-71,4,86,0
100,80,280,29,586,4.77,-71,4,86,0
100,80,280,29,601,4.77,-71,4,86,0
100,80,280,29,616,4.77,-71,4,86,0
100,80,280,29,631,4.77,-71,4,86,0
100,80,280,29,646,4.77,-71,5,86,0
100,80,280,299,598,5.8,199,4,86,0
100,80,280,299,616,5.8,199,4,86,0
100,80,280,21,367,5.32,-79,4,86,0
100,80,280,21,382,5.32,-79,4,86,0
100,80,280,21,397,5.32,-79,3,86,0
100,80,280,21,412,5.32,-79,3,86,0
100,80,280,21,427,5.32,-79,3,87,0
100,80,280,21,442,5.32,-79,3,87,0
100,80,280,21,457,5.32,-79,3,87,0
100,80,280,21,472,5.32,-79,4,87,0
100,80,280,21,487,5.32,-79,4,87,0
100,80,280,21,502,5.32,-79,4,87,0
100,80,280,21,517,5.32,-79,4,87,0
100,80,280,21,532,5.32,-79,4,87,0
100,80,280,21,547,5.32,-79,4,87,0
100,80,280,21,562,5.32,-79,4,87,0
100,80,280,21,577,5.32,-79,4,87,0
100,80,280,21,592,5.32,-79,4,87,0
100,80,280,21,607,5.32,-79,4,87,0
100,80,280,42,460,5.2,-58,5,87,0
100,80,280,42,475,5.2,-58,5,87,0
100,80,280,42,490,5.2,-58,5,87,0
100,80,280,42,505,5.2,-58,4,87,0
100,80,280,42,520,5.2,-58,4,87,0
100,80,280,42,535,5.2,-58,4,87,0
100,80,280,42,550,5.2,-58,4,87,0
100,80,280,42,565,5.2,-58,4,88,0
100,80,280,42,580,5.2,-58,4,88,0
100,80,280,42,595,5.2,-58,4,88,0
100,80,280,42,610,5.2,-58,4,88,0
100,80,280,42,625,5.2,-58,5,88,0
100,80,280,42,640,5.2,-58,5,88,0
100,80,280,273,498,5.46,173,4,88,0
100,80,280,273,513,5.46,173,4,88,0
100,80,280,273,528,5.46,173,4,88,0
100,80,280,273,543,5.46,173,4,88,0
100,80,280,73,403,5.07,-27,4,88,0
100,80,280,73,418,5.07,-27,4,88,0
100,80,280,73,433,5.07,-27,4,88,0
100,80,280,73,448,5.07,-27,4,88,0
100,80,280,73,463,5.07,-27,5,88,0
100,80,280,73,478,5.07,-27,5,88,0
110,90,270,73,493,5.07,-37,5,88,1
125,105,255,73,508,5.07,-52,4,88,1
140,120,240,73,523,5.07,-67,4,88,1
140,120,240,73,538,5.07,-67,4,88,0
140,120,240,73,553,5.07,-67,4,89,0
140,120,240,73,568,5.07,-67,4,89,0
140,120,240,73,583,5.07,-67,4,89,0
140,120,240,73,598,5.07,-67,4,89,0
125,105,255,73,613,5.07,-52,5,89,-1
110,90,270,73,628,5.07,-37,5,89,-1
95,75,285,73,643,5.07,-22,5,89,-1
85,65,295,171,502,4.81,86,4,89,0
85,65,295,171,517,4.81,86,4,89,0
85,65,295,171,532,4.81,86,4,89,0
85,65,295,171,547,4.81,86,4,89,0
85,65,295,171,562,4.81,86,4,89,0
85,65,295,171,577,4.81,86,4,89,0
85,65,295,71,437,4.79,-14,4,89,0
95,75,285,71,452,4.79,-24,4,89,1
110,90,270,71,467,4.79,-39,5,89,1
125,105,255,71,482,4.79,-54,5,89,1
135,115,245,71,497,4.79,-64,4,89,0
135,115,245,71,512,4.79,-64,4,89,0
135,115,245,71,527,4.79,-64,4,89,0
135,115,245,71,542,4.79,-64,4,90,0
135,115,245,71,557,4.79,-64,4,90,0
135,115,245,71,572,4.79,-64,4,90,0
135,115,245,71,587,4.79,-64,4,90,0
135,115,245,71,602,4.79,-64,4,90,0
135,115,245,71,617,4.79,-64,5,90,0
135,115,245,71,632,4.79,-64,5,90,0
135,115,245,71,647,4.79,-64,5,90,0
135,115,245,23,508,5.09,-112,4,90,0
135,115,245,23,523,5.09,-112,4,90,0
135,115,245,23,538,5.09,-112,4,90,0
135,115,245,23,553,5.09,-112,4,90,0
135,115,245,23,568,5.09,-112,4,90,0
135,115,245,122,430,5.04,-13,4,90,0
145,125,235,122,445,5.04,-23,4,90,1
160,140,220,122,460,5.04,-38,5,90,1
175,155,205,122,475,5.04,-53,5,90,1
185,165,195,122,490,5.04,-63,5,90,0
185,165,195,122,505,5.04,-63,4,90,0
185,165,195,122,520,5.04,-63,4,90,0
185,165,195,122,535,5.04,-63,4,91,0
185,165,195,122,550,5.04,-63,4,91,0
185,165,195,122,565,5.04,-63,4,91,0
185,165,195,122,580,5.04,-63,4,91,0
185,165,195,122,595,5.04,-63,4,91,0
185,165,195,122,610,5.04,-63,5,91,0
185,165,195,122,625,5.04,-63,5,91,0
185,165,195,122,640,5.04,-63,5,91,0
185,165,195,37,500,5.19,-148,4,91,0
185,165,195,37,515,5.19,-148,4,91,0
185,165,195,37,530,5.19,-148,4,91,0
185,165,195,37,545,5.19,-148,4,91,0
185,165,195,37,560,5.19,-148,4,91,0
185,165,195,37,575,5.19,-148,4,91,0
185,165,195,37,590,5.19,-148,4,91,0
185,165,195,37,605,5.19,-148,5,91,0
185,165,195,71,465,5.32,-114,5,91,0
185,165,195,71,480,5.32,-114,5,91,0
185,165,195,71,495,5.32,-114,4,91,0
185,165,195,71,510,5.32,-114,4,91,0
185,165,195,71,525,5.32,-114,4,92,0
185,165,195,71,540,5.32,-114,4,92,0
185,165,195,71,555,5.32,-114,4,92,0
185,165,195,114,514,5.52,-71,4,92,0
185,165,195,114,532,5.52,-71,4,92,0
185,165,195,114,550,5.52,-71,5,92,0
200,180,180,114,568,5.52,-86,5,92,1
215,195,165,114,586,5.52,-101,5,92,1
220,200,160,114,604,5.52,-106,5,92,0
220,200,160,279,439,5.6,59,4,92,0
220,200,160,279,457,5.6,59,4,92,0
220,200,160,279,475,5.6,59,3,92,0
220,200,160,279,493,5.6,59,3,92,0
220,200,160,279,511,5.6,59,3,92,0
220,200,160,279,529,5.6,59,3,92,0
220,200,160,279,547,5.6,59,4,92,0
220,200,160,279,565,5.6,59,4,92,0
220,200,160,279,583,5.6,59,4,92,0
220,200,160,279,601,5.6,59,4,92,0
220,200,160,279,619,5.6,59,4,92,0
220,200,160,279,637,5.6,59,4,93,0
220,200,160,349,392,4.89,129,3,93,0
220,200,160,349,407,4.89,129,3,93,0
220,200,160,349,422,4.89,129,3,93,0
220,200,160,349,437,4.89,129,4,93,0
220,200,160,349,452,4.89,129,4,93,0
220,200,160,349,467,4.89,129,4,93,0
220,200,160,349,482,4.89,129,4,93,0
220,200,160,349,497,4.89,129,4,93,0
220,200,160,349,512,4.89,129,4,93,0
220,200,160,349,527,4.89,129,4,93,0
220,200,160,349,542,4.89,129,4,93,0
220,200,160,349,557,4.89,129,4,93,0
220,200,160,349,572,4.89,129,4,93,0
220,200,160,349,587,4.89,129,5,93,0
220,200,160,349,602,4.89,129,5,93,0
220,200,160,349,617,4.89,129,5,93,0
220,200,160,104,481,4.85,-116,5,93,0
220,200,160,104,496,4.85,-116,5,93,0
220,200,160,104,511,4.85,-116,4,93,0
220,200,160,104,526,4.85,-116,4,94,0
220,200,160,104,541,4.85,-116,4,94,0
220,200,160,278,494,5.59,58,4,94,0
220,200,160,278,512,5.59,58,4,94,0
220,200,160,278,530,5.59,58,5,94,0
220,200,160,278,548,5.59,58,5,94,0
220,200,160,278,566,5.59,58,5,94,0
220,200,160,278,584,5.59,58,5,94,0
220,200,160,278,602,5.59,58,5,94,0
220,200,160,278,620,5.59,58,4,94,0
220,200,160,278,638,5.59,58,4,94,0
220,200,160,178,395,4.84,-42,3,94,0
220,200,160,178,410,4.84,-42,3,94,0
220,200,160,178,425,4.84,-42,4,94,0
220,200,160,178,440,4.84,-42,4,94,0
220,200,160,178,455,4.84,-42,4,94,0
230,210,150,178,470,4.84,-52,4,94,1
245,225,135,178,485,4.84,-67,4,94,1
260,240,120,178,500,4.84,-82,4,94,1
260,240,120,178,515,4.84,-82,4,94,0
260,240,120,178,530,4.84,-82,4,95,0
260,240,120,178,545,4.84,-82,4,95,0
260,240,120,178,560,4.84,-82,4,95,0
260,240,120,178,575,4.84,-82,5,95,0
260,240,120,178,590,4.84,-82,5,95,0
260,240,120,178,605,4.84,-82,5,95,0
260,240,120,178,620,4.84,-82,5,95,0
260,240,120,178,635,4.84,-82,5,95,0
260,240,120,139,510,5.39,-121,5,95,0
260,240,120,139,525,5.39,-121,4,95,0
260,240,120,139,540,5.39,-121,4,95,0
260,240,120,139,555,5.39,-121,4,95,0
260,240,120,139,570,5.39,-121,4,95,0
260,240,120,139,585,5.39,-121,5,95,0
260,240,120,99,545,6.02,-161,5,95,0
260,240,120,99,563,6.02,-161,5,95,0
260,240,120,99,581,6.02,-161,5,95,0
260,240,120,99,599,6.02,-161,5,95,0
260,240,120,271,366,5.17,11,4,95,0
260,240,120,271,381,5.17,11,4,95,0
260,240,120,271,396,5.17,11,3,96,0
260,240,120,271,411,5.17,11,3,96,0
260,240,120,271,426,5.17,11,4,96,0
255,235,125,271,441,5.17,16,4,96,-1
240,220,140,271,456,5.17,31,4,96,-1
225,205,155,271,471,5.17,46,4,96,-1
215,195,165,271,486,5.17,56,4,96,0
215,195,165,271,501,5.17,56,4,96,0
215,195,165,271,516,5.17,56,4,96,0
215,195,165,271,531,5.17,56,4,96,0
200,180,180,271,546,5.17,71,4,96,-1
185,165,195,219,506,5.89,34,5,96,-1
170,150,210,219,524,5.89,49,5,96,-1
160,140,220,219,542,5.89,59,5,96,0
160,140,220,219,560,5.89,59,5,96,0
160,140,220,219,578,5.89,59,5,96,0
160,140,220,219,596,5.89,59,5,96,0
160,140,220,219,614,5.89,59,5,96,0
160,140,220,219,632,5.89,59,4,96,0
160,140,220,358,476,6.26,198,3,96,0
160,140,220,358,494,6.26,198,3,97,0
160,140,220,358,512,6.26,198,4,97,0
160,140,220,358,530,6.26,198,4,97,0
160,140,220,358,548,6.26,198,4,97,0
160,140,220,358,566,6.26,198,4,97,0
160,140,220,358,584,6.26,198,4,97,0
160,140,220,358,602,6.26,198,4,97,0
160,140,220,358,620,6.26,198,4,97,0
160,140,220,358,638,6.26,198,4,97,0
160,140,220,85,262,4.92,-75,3,97,0
160,140,220,85,277,4.92,-75,4,97,0
160,140,220,85,292,4.92,-75,4,97,0
160,140,220,85,307,4.92,-75,4,97,0
160,140,220,85,322,4.92,-75,4,97,0
160,140,220,85,337,4.92,-75,4,97,0
160,140,220,85,352,4.92,-75,4,97,0
160,140,220,85,367,4.92,-75,4,97,0
160,140,220,85,382,4.92,-75,4,97,0
160,140,220,85,397,4.92,-75,4,97,0
160,140,220,85,412,4.92,-75,5,97,0
160,140,220,85,427,4.92,-75,5,98,0
160,140,220,85,442,4.92,-75,5,98,0
160,140,220,85,457,4.92,-75,5,98,0
160,140,220,85,472,4.92,-75,5,98,0
160,140,220,85,487,4.92,-75,5,98,0
160,140,220,85,502,4.92,-75,5,98,0
160,140,220,85,517,4.92,-75,4,98,0
160,140,220,85,532,4.92,-75,4,98,0
160,140,220,85,547,4.92,-75,4,98,0
160,140,220,85,562,4.92,-75,5,98,0
160,140,220,85,577,4.92,-75,5,98,0
160,140,220,85,592,4.92,-75,5,98,0
160,140,220,85,607,4.92,-75,5,98,0
160,140,220,85,622,4.92,-75,5,98,0
160,140,220,85,637,4.92,-75,5,98,0
160,140,220,90,449,5.79,-70,4,98,0
160,140,220,90,467,5.79,-70,4,98,0
160,140,220,90,485,5.79,-70,3,98,0
160,140,220,90,503,5.79,-70,4,98,0
160,140,220,90,521,5.79,-70,4,98,0
160,140,220,90,539,5.79,-70,4,99,0
160,140,220,90,557,5.79,-70,4,99,0
160,140,220,90,575,5.79,-70,4,99,0
160,140,220,90,593,5.79,-70,4,99,0
160,140,220,90,611,5.79,-70,4,99,0
160,140,220,90,629,5.79,-70,4,99,0
160,140,220,90,647,5.79,-70,4,99,0
160,140,220,258,498,6.24,98,4,99,0
160,140,220,258,516,6.24,98,4,99,0
160,140,220,258,534,6.24,98,4,99,0
160,140,220,258,552,6.24,98,4,99,0
160,140,220,258,570,6.24,98,4,99,0
160,140,220,258,588,6.24,98,4,99,0
160,140,220,258,606,6.24,98,4,99,0
160,140,220,258,624,6.24,98,4,99,0
160,140,220,81,473,6.4,-79,4,99,0
160,140,220,81,491,6.4,-79,4,99,0
160,140,220,81,509,6.4,-79,4,99,0
160,140,220,81,527,6.4,-79,4,99,0
160,140,220,81,545,6.4,-79,4,99,0
160,140,220,81,563,6.4,-79,4,100,0
160,140,220,81,581,6.4,-79,4,100,0
160,140,220,81,599,6.4,-79,4,100,0
160,140,220,81,617,6.4,-79,4,100,0
160,140,220,210,466,5.74,50,4,100,0
160,140,220,210,484,5.74,50,4,100,0
160,140,220,210,502,5.74,50,4,100,0
160,140,220,210,520,5.74,50,4,100,0
160,140,220,210,538,5.74,50,4,100,0
160,140,220,210,556,5.74,50,4,100,0
160,140,220,210,574,5.74,50,4,100,0
160,140,220,210,592,5.74,50,4,100,0
160,140,220,210,610,5.74,50,4,100,0
160,140,220,210,628,5.74,50,4,100,0
160,140,220,210,646,5.74,50,5,100,0
160,140,220,108,418,4.99,-52,4,100,0
160,140,220,108,433,4.99,-52,4,100,0
160,140,220,108,448,4.99,-52,4,100,0
160,140,220,108,463,4.99,-52,4,100,0
160,140,220,108,478,4.99,-52,4,100,0
160,140,220,108,493,4.99,-52,4,101,0
160,140,220,108,508,4.99,-52,4,101,0
160,140,220,108,523,4.99,-52,4,101,0
160,140,220,108,538,4.99,-52,5,101,0
160,140,220,108,553,4.99,-52,5,101,0
160,140,220,108,568,4.99,-52,5,101,0
160,140,220,108,583,4.99,-52,5,101,0
160,140,220,249,558,5.77,89,5,101,0
160,140,220,108,613,4.99,-52,5,101,0
160,140,220,108,628,4.99,-52,5,101,0
160,140,220,108,643,4.99,-52,5,101,0
160,140,220,249,630,5.77,89,4,101,0
160,140,220,276,488,5.91,116,5,101,0
160,140,220,276,506,5.91,116,4,101,0
160,140,220,276,524,5.91,116,4,101,0
160,140,220,276,542,5.91,116,4,101,0
160,140,220,276,560,5.91,116,4,101,0
160,140,220,276,578,5.91,116,4,101,0
160,140,220,276,596,5.91,116,4,101,0
160,140,220,276,614,5.91,116,4,101,0
160,140,220,276,632,5.91,116,4,102,0
160,140,220,215,402,5.31,55,4,102,0
160,140,220,215,417,5.31,55,4,102,0
160,140,220,215,432,5.31,55,4,102,0
160,140,220,215,447,5.31,55,4,102,0
160,140,220,215,462,5.31,55,4,102,0
160,140,220,215,477,5.31,55,4,102,0
160,140,220,215,492,5.31,55,4,102,0
160,140,220,215,507,5.31,55,4,102,0
160,140,220,215,522,5.31,55,5,102,0
160,140,220,215,537,5.31,55,5,102,0
160,140,220,215,552,5.31,55,5,102,0
160,140,220,215,567,5.31,55,5,102,0
160,140,220,215,582,5.31,55,5,102,0
160,140,220,215,597,5.31,55,5,102,0
160,140,220,215,612,5.31,55,5,102,0
160,140,220,215,627,5.31,55,5,102,0
160,140,220,215,642,5.31,55,5,102,0
160,140,220,291,629,5.53,131,5,102,0
160,140,220,97,402,5.05,-63,5,102,0
160,140,220,97,417,5.05,-63,4,103,0
160,140,220,97,432,5.05,-63,4,103,0
160,140,220,97,447,5.05,-63,4,103,0
160,140,220,97,462,5.05,-63,4,103,0
160,140,220,97,477,5.05,-63,4,103,0
160,140,220,97,492,5.05,-63,4,103,0
160,140,220,97,507,5.05,-63,4,103,0
160,140,220,97,522,5.05,-63,5,103,0
160,140,220,97,537,5.05,-63,5,103,0
160,140,220,97,552,5.05,-63,5,103,0
160,140,220,97,567,5.05,-63,5,103,0
160,140,220,97,582,5.05,-63,5,103,0
160,140,220,97,597,5.05,-63,5,103,0
160,140,220,97,612,5.05,-63,5,103,0
145,125,235,97,627,5.05,-48,5,103,-1
130,110,250,97,642,5.05,-33,6,103,-1
115,95,265,184,478,6.34,69,5,103,-1
115,95,265,184,496,6.34,69,5,103,0
115,95,265,184,514,6.34,69,5,103,0
115,95,265,184,532,6.34,69,5,103,0
115,95,265,184,550,6.34,69,5,104,0
115,95,265,184,568,6.34,69,5,104,0
115,95,265,184,586,6.34,69,5,104,0
115,95,265,184,604,6.34,69,5,104,0
115,95,265,184,622,6.34,69,5,104,0
115,95,265,184,640,6.34,69,5,104,0
115,95,265,201,415,5.23,86,4,104,0
115,95,265,201,430,5.23,86,4,104,0
115,95,265,201,445,5.23,86,4,104,0
115,95,265,201,460,5.23,86,4,104,0
115,95,265,201,475,5.23,86,4,104,0
115,95,265,201,490,5.23,86,4,104,0
115,95,265,201,505,5.23,86,4,104,0
115,95,265,201,520,5.23,86,5,104,0
115,95,265,201,535,5.23,86,5,104,0
115,95,265,201,550,5.23,86,5,104,0
115,95,265,201,565,5.23,86,5,104,0
115,95,265,201,580,5.23,86,5,104,0
115,95,265,201,595,5.23,86,5,104,0
115,95,265,201,610,5.23,86,5,104,0
115,95,265,201,625,5.23,86,5,105,0
115,95,265,238,513,5.08,123,6,105,0
115,95,265,238,528,5.08,123,5,105,0
115,95,265,238,543,5.08,123,5,105,0
115,95,265,238,558,5.08,123,5,105,0
115,95,265,244,538,6.05,129,5,105,0
115,95,265,244,556,6.05,129,5,105,0
115,95,265,244,574,6.05,129,5,105,0
115,95,265,165,434,5.96,50,5,105,0
115,95,265,165,452,5.96,50,6,105,0
115,95,265,165,470,5.96,50,6,105,0
115,95,265,165,488,5.96,50,5,105,0
115,95,265,165,506,5.96,50,4,105,0
115,95,265,165,524,5.96,50,4,105,0
100,80,280,165,542,5.96,65,4,105,-1
85,65,295,165,560,5.96,80,4,105,-1
80,60,300,165,578,5.96,85,4,105,0
80,60,300,165,596,5.96,85,4,105,0
80,60,300,165,614,5.96,85,5,105,0
80,60,300,171,475,6.26,91,5,105,0
80,60,300,171,493,6.26,91,4,106,0
80,60,300,171,511,6.26,91,4,106,0
80,60,300,171,529,6.26,91,4,106,0
80,60,300,171,547,6.26,91,4,106,0
80,60,300,171,565,6.26,91,4,106,0
80,60,300,171,583,6.26,91,4,106,0
80,60,300,171,601,6.26,91,5,106,0
80,60,300,171,619,6.26,91,5,106,0
80,60,300,171,637,6.26,91,5,106,0
80,60,300,247,505,5.57,167,4,106,0
80,60,300,247,523,5.57,167,4,106,0
80,60,300,247,541,5.57,167,4,106,0
80,60,300,247,559,5.57,167,4,106,0
80,60,300,247,577,5.57,167,4,106,0
80,60,300,247,595,5.57,167,5,106,0
80,60,300,247,613,5.57,167,5,106,0
80,60,300,88,330,6.05,8,5,106,0
80,60,300,88,348,6.05,8,5,106,0
80,60,300,88,366,6.05,8,4,106,0
80,60,300,88,384,6.05,8,4,106,0
80,60,300,88,402,6.05,8,4,107,0
80,60,300,88,420,6.05,8,4,107,0
80,60,300,88,438,6.05,8,4,107,0
80,60,300,88,456,6.05,8,5,107,0
75,55,305,88,474,6.05,13,5,107,-1
60,40,320,88,492,6.05,28,5,107,-1
45,25,335,88,510,6.05,43,4,107,-1
35,15,345,88,528,6.05,53,4,107,0
35,15,345,88,546,6.05,53,4,107,0
35,15,345,88,564,6.05,53,4,107,0
35,15,345,88,582,6.05,53,4,107,0
35,15,345,88,600,6.05,53,5,107,0
35,15,345,88,618,6.05,53,5,107,0
35,15,345,88,636,6.05,53,5,107,0
35,15,345,213,422,5.43,178,4,107,0
35,15,345,213,437,5.43,178,4,107,0
35,15,345,213,452,5.43,178,4,107,0
35,15,345,213,467,5.43,178,4,107,0
35,15,345,213,482,5.43,178,4,107,0
35,15,345,213,497,5.43,178,5,107,0
35,15,345,213,512,5.43,178,5,108,0
35,15,345,213,527,5.43,178,5,108,0
35,15,345,213,542,5.43,178,5,108,0
35,15,345,213,557,5.43,178,5,108,0
35,15,345,213,572,5.43,178,5,108,0
35,15,345,213,587,5.43,178,5,108,0
35,15,345,213,602,5.43,178,5,108,0
35,15,345,213,617,5.43,178,6,108,0
35,15,345,213,632,5.43,178,6,108,0
35,15,345,292,554,6.6,257,6,108,0
35,15,345,292,575,6.6,257,5,108,0
35,15,345,292,596,6.6,257,4,108,0
35,15,345,292,617,6.6,257,4,108,0
35,15,345,292,638,6.6,257,4,108,0
35,15,345,234,412,5.58,199,3,108,0
35,15,345,234,430,5.58,199,4,108,0
35,15,345,234,448,5.58,199,4,108,0
35,15,345,234,466,5.58,199,4,108,0
35,15,345,234,484,5.58,199,4,108,0
35,15,345,234,502,5.58,199,4,108,0
35,15,345,234,520,5.58,199,4,109,0
35,15,345,234,538,5.58,199,4,109,0
35,15,345,234,556,5.58,199,4,109,0
35,15,345,234,574,5.58,199,5,109,0
35,15,345,234,592,5.58,199,5,109,0
35,15,345,234,610,5.58,199,5,109,0
35,15,345,86,340,5.95,51,5,109,0
35,15,345,86,358,5.95,51,5,109,0
35,15,345,86,376,5.95,51,4,109,0
35,15,345,86,394,5.95,51,4,109,0
25,5,355,86,412,5.95,61,4,109,-1
20,0,360,86,430,5.95,66,5,109,-1
20,0,360,86,448,5.95,66,5,109,-1
20,0,360,86,466,5.95,66,5,109,0
20,0,360,86,484,5.95,66,5,109,0
20,0,360,86,502,5.95,66,5,109,0
20,0,360,86,520,5.95,66,4,109,0
20,0,360,86,538,5.95,66,4,109,0
20,0,360,86,556,5.95,66,4,109,0
20,0,360,86,574,5.95,66,5,109,0
20,0,360,86,592,5.95,66,5,110,0
20,0,360,86,610,5.95,66,5,110,0
30,10,350,86,628,5.95,56,5,110,1
45,25,335,46,416,5.37,1,5,110,1
60,40,320,46,431,5.37,-14,4,110,1
75,55,305,46,446,5.37,-29,4,110,1
90,70,290,46,461,5.37,-44,4,110,1
100,80,280,46,476,5.37,-54,5,110,0
100,80,280,46,491,5.37,-54,5,110,0
100,80,280,46,506,5.37,-54,5,110,0
100,80,280,46,521,5.37,-54,5,110,0
100,80,280,46,536,5.37,-54,5,110,0
100,80,280,46,551,5.37,-54,5,110,0
100,80,280,46,566,5.37,-54,5,110,0
100,80,280,46,581,5.37,-54,5,110,0
100,80,280,46,596,5.37,-54,5,110,0
100,80,280,46,611,5.37,-54,5,110,0
100,80,280,46,626,5.37,-54,5,110,0
100,80,280,46,641,5.37,-54,5,110,0
100,80,280,202,497,6.18,102,4,110,0
100,80,280,202,515,6.18,102,4,111,0
100,80,280,202,533,6.18,102,4,111,0
100,80,280,202,551,6.18,102,4,111,0
100,80,280,202,569,6.18,102,5,111,0
100,80,280,202,587,6.18,102,5,111,0
100,80,280,202,605,6.18,102,5,111,0
100,80,280,202,623,6.18,102,5,111,0
100,80,280,202,641,6.18,102,5,111,0
100,80,280,66,375,5.67,-34,4,111,0
100,80,280,66,393,5.67,-34,4,111,0
100,80,280,66,411,5.67,-34,4,111,0
100,80,280,66,429,5.67,-34,5,111,0
100,80,280,66,447,5.67,-34,5,111,0
100,80,280,66,465,5.67,-34,5,111,0
110,90,270,66,483,5.67,-44,5,111,1
125,105,255,66,501,5.67,-59,5,111,1
140,120,240,66,519,5.67,-74,4,111,1
145,125,235,66,537,5.67,-79,4,111,0
145,125,235,66,555,5.67,-79,5,111,0
145,125,235,66,573,5.67,-79,5,111,0
145,125,235,148,445,6.41,3,5,112,0
135,115,245,148,463,6.41,13,5,112,-1
120,100,260,148,481,6.41,28,5,112,-1
105,85,275,148,499,6.41,43,5,112,-1
90,70,290,148,517,6.41,58,4,112,-1
80,60,300,148,535,6.41,68,4,112,0
80,60,300,148,553,6.41,68,5,112,0
80,60,300,148,571,6.41,68,5,112,0
80,60,300,148,589,6.41,68,5,112,0
80,60,300,148,607,6.41,68,5,112,0
80,60,300,148,625,6.41,68,5,112,0
80,60,300,148,643,6.41,68,5,112,0
80,60,300,217,612,6.62,137,4,112,0
80,60,300,217,633,6.62,137,4,112,0
80,60,300,72,281,5.99,-8,4,112,0
80,60,300,72,299,5.99,-8,4,112,0
80,60,300,72,317,5.99,-8,4,112,0
80,60,300,72,335,5.99,-8,4,112,0
80,60,300,72,353,5.99,-8,4,112,0
80,60,300,72,371,5.99,-8,4,112,0
80,60,300,72,389,5.99,-8,4,113,0
80,60,300,72,407,5.99,-8,5,113,0
80,60,300,72,425,5.99,-8,5,113,0
80,60,300,72,443,5.99,-8,5,113,0
90,70,290,72,461,5.99,-18,5,113,1
105,85,275,72,479,5.99,-33,5,113,1
120,100,260,72,497,5.99,-48,5,113,1
130,110,250,72,515,5.99,-58,4,113,0
130,110,250,72,533,5.99,-58,4,113,0
130,110,250,72,551,5.99,-58,5,113,0
130,110,250,72,569,5.99,-58,5,113,0
130,110,250,72,587,5.99,-58,5,113,0
130,110,250,72,605,5.99,-58,5,113,0
130,110,250,72,623,5.99,-58,5,113,0
130,110,250,72,641,5.99,-58,5,113,0
130,110,250,372,519,5.85,242,4,113,0
130,110,250,372,537,5.85,242,4,113,0
130,110,250,372,555,5.85,242,5,113,0
130,110,250,372,573,5.85,242,5,113,0
130,110,250,372,591,5.85,242,5,113,0
130,110,250,328,471,6.41,198,5,114,0
130,110,250,328,489,6.41,198,5,114,0
130,110,250,328,507,6.41,198,5,114,0
130,110,250,328,525,6.41,198,4,114,0
130,110,250,328,543,6.41,198,5,114,0
130,110,250,328,561,6.41,198,5,114,0
130,110,250,328,579,6.41,198,5,114,0
130,110,250,328,597,6.41,198,5,114,0
130,110,250,289,482,5.97,159,5,114,0
130,110,250,289,500,5.97,159,5,114,0
130,110,250,289,518,5.97,159,5,114,0
130,110,250,289,536,5.97,159,5,114,0
130,110,250,289,554,5.97,159,5,114,0
130,110,250,289,572,5.97,159,5,114,0
130,110,250,289,590,5.97,159,5,114,0
130,110,250,289,608,5.97,159,5,114,0
130,110,250,275,484,5.87,145,5,114,0
130,110,250,275,502,5.87,145,5,114,0
130,110,250,275,520,5.87,145,4,114,0
130,110,250,275,538,5.87,145,5,114,0
130,110,250,275,556,5.87,145,5,115,0
130,110,250,275,574,5.87,145,5,115,0
130,110,250,275,592,5.87,145,5,115,0
130,110,250,275,610,5.87,145,5,115,0
130,110,250,275,628,5.87,145,5,115,0
130,110,250,275,646,5.87,145,5,115,0
130,110,250,315,436,5.4,185,5,115,0
130,110,250,315,451,5.4,185,5,115,0
130,110,250,315,466,5.4,185,5,115,0
130,110,250,315,481,5.4,185,5,115,0
130,110,250,315,496,5.4,185,5,115,0
130,110,250,315,511,5.4,185,5,115,0
130,110,250,315,526,5.4,185,5,115,0
130,110,250,315,541,5.4,185,6,115,0
130,110,250,315,556,5.4,185,6,115,0
130,110,250,315,571,5.4,185,6,115,0
130,110,250,24,444,5.56,-106,6,115,0
130,110,250,24,462,5.56,-106,6,115,0
130,110,250,24,480,5.56,-106,6,115,0
130,110,250,24,498,5.56,-106,6,115,0
130,110,250,24,516,5.56,-106,6,116,0
130,110,250,24,534,5.56,-106,5,116,0
130,110,250,24,552,5.56,-106,5,116,0
130,110,250,24,570,5.56,-106,5,116,0
130,110,250,24,588,5.56,-106,5,116,0
130,110,250,24,606,5.56,-106,5,116,0
130,110,250,24,624,5.56,-106,5,116,0
130,110,250,24,642,5.56,-106,5,116,0
130,110,250,159,396,6.01,29,5,116,0
130,110,250,159,414,6.01,29,5,116,0
130,110,250,159,432,6.01,29,5,116,0
130,110,250,159,450,6.01,29,5,116,0
130,110,250,159,468,6.01,29,5,116,0
115,95,265,159,486,6.01,44,5,116,-1
100,80,280,159,504,6.01,59,5,116,-1
95,75,285,159,522,6.01,64,6,116,0
95,75,285,159,540,6.01,64,6,116,0
95,75,285,159,558,6.01,64,6,116,0
95,75,285,159,576,6.01,64,6,116,0
95,75,285,159,594,6.01,64,6,116,0
95,75,285,159,612,6.01,64,6,117,0
95,75,285,159,630,6.01,64,6,117,0
95,75,285,159,648,6.01,64,6,117,0
95,75,285,259,535,5.8,164,5,117,0
95,75,285,259,553,5.8,164,5,117,0
95,75,285,259,571,5.8,164,5,117,0
95,75,285,259,589,5.8,164,5,117,0
95,75,285,259,607,5.8,164,5,117,0
95,75,285,259,625,5.8,164,5,117,0
95,75,285,259,643,5.8,164,6,117,0
95,75,285,118,313,6.63,23,5,117,0
95,75,285,118,334,6.63,23,5,117,0
95,75,285,118,355,6.63,23,5,117,0
95,75,285,118,376,6.63,23,5,117,0
95,75,285,118,397,6.63,23,5,117,0
95,75,285,118,418,6.63,23,5,117,0
95,75,285,118,439,6.63,23,6,117,0
95,75,285,118,460,6.63,23,5,117,0
90,70,290,118,481,6.63,28,5,117,-1
75,55,305,118,502,6.63,43,5,117,-1
65,45,315,118,523,6.63,53,5,118,0
65,45,315,118,544,6.63,53,5,118,0
65,45,315,118,565,6.63,53,5,118,0
65,45,315,118,586,6.63,53,6,118,0
65,45,315,118,607,6.63,53,5,118,0
65,45,315,118,628,6.63,53,5,118,0
65,45,315,115,303,6.09,50,4,118,0
65,45,315,115,321,6.09,50,4,118,0
65,45,315,115,339,6.09,50,4,118,0
65,45,315,115,357,6.09,50,4,118,0
65,45,315,115,375,6.09,50,5,118,0
65,45,315,115,393,6.09,50,5,118,0
65,45,315,115,411,6.09,50,5,118,0
65,45,315,115,429,6.09,50,5,118,0
65,45,315,115,447,6.09,50,5,118,0
65,45,315,115,465,6.09,50,5,118,0
65,45,315,115,483,6.09,50,5,118,0
65,45,315,115,501,6.09,50,6,118,0
65,45,315,115,519,6.09,50,6,118,0
65,45,315,115,537,6.09,50,5,118,0
65,45,315,115,555,6.09,50,5,119,0
65,45,315,115,573,6.09,50,5,119,0
65,45,315,115,591,6.09,50,5,119,0
65,45,315,115,609,6.09,50,5,119,0
65,45,315,115,627,6.09,50,6,119,0
65,45,315,115,645,6.09,50,6,119,0
65,45,315,197,536,6.03,132,5,119,0
65,45,315,197,554,6.03,132,5,119,0
65,45,315,197,572,6.03,132,5,119,0
65,45,315,197,590,6.03,132,5,119,0
65,45,315,197,608,6.03,132,5,119,0
65,45,315,197,626,6.03,132,6,119,0
65,45,315,250,520,6.46,185,6,119,0
65,45,315,250,538,6.46,185,5,119,0
65,45,315,250,556,6.46,185,5,119,0
65,45,315,250,574,6.46,185,5,119,0
65,45,315,250,592,6.46,185,5,119,0
65,45,315,34,356,5.55,-31,5,119,0
65,45,315,34,374,5.55,-31,6,119,0
65,45,315,34,392,5.55,-31,6,119,0
65,45,315,34,410,5.55,-31,5,120,0
65,45,315,34,428,5.55,-31,5,120,0
65,45,315,34,446,5.55,-31,5,120,0
65,45,315,34,464,5.55,-31,5,120,0
75,55,305,34,482,5.55,-41,5,120,1
90,70,290,34,500,5.55,-56,6,120,1
105,85,275,34,518,5.55,-71,6,120,1
115,95,265,34,536,5.55,-81,5,120,0
115,95,265,34,554,5.55,-81,5,120,0
115,95,265,34,572,5.55,-81,5,120,0
115,95,265,34,590,5.55,-81,5,120,0
115,95,265,34,608,5.55,-81,5,120,0
115,95,265,22,502,5.71,-93,6,120,0
115,95,265,22,520,5.71,-93,6,120,0
115,95,265,22,538,5.71,-93,5,120,0
115,95,265,22,556,5.71,-93,5,120,0
115,95,265,22,574,5.71,-93,5,120,0
115,95,265,22,592,5.71,-93,5,120,0
115,95,265,22,610,5.71,-93,6,120,0
115,95,265,22,628,5.71,-93,6,120,0
115,95,265,175,459,6.73,60,6,121,0
115,95,265,175,480,6.73,60,5,121,0
105,85,275,175,501,6.73,70,5,121,-1
90,70,290,175,522,6.73,85,5,121,-1
80,60,300,175,543,6.73,95,5,121,0
80,60,300,175,564,6.73,95,6,121,0
80,60,300,175,585,6.73,95,6,121,0
80,60,300,175,606,6.73,95,6,121,0
80,60,300,65,418,6.41,-15,5,121,0
80,60,300,65,436,6.41,-15,5,121,0
90,70,290,65,454,6.41,-25,4,121,1
105,85,275,65,472,6.41,-40,4,121,1
120,100,260,65,490,6.41,-55,5,121,1
135,115,245,65,508,6.41,-70,5,121,1
135,115,245,65,526,6.41,-70,5,121,0
135,115,245,65,544,6.41,-70,5,121,0
135,115,245,65,562,6.41,-70,5,121,0
135,115,245,65,580,6.41,-70,5,121,0
135,115,245,65,598,6.41,-70,6,121,0
135,115,245,65,616,6.41,-70,6,121,0
135,115,245,65,634,6.41,-70,6,122,0
135,115,245,272,622,6.53,137,5,122,0
135,115,245,272,643,6.53,137,5,122,0
135,115,245,259,443,6.04,124,4,122,0
135,115,245,259,461,6.04,124,4,122,0
135,115,245,259,479,6.04,124,5,122,0
135,115,245,259,497,6.04,124,5,122,0
135,115,245,259,515,6.04,124,5,122,0
135,115,245,259,533,6.04,124,5,122,0
135,115,245,259,551,6.04,124,5,122,0
135,115,245,259,569,6.04,124,5,122,0
135,115,245,259,587,6.04,124,5,122,0
135,115,245,220,490,6.01,85,6,122,0
135,115,245,220,508,6.01,85,6,122,0
135,115,245,220,526,6.01,85,6,122,0
135,115,245,220,544,6.01,85,5,122,0
135,115,245,220,562,6.01,85,5,122,0
135,115,245,114,459,5.93,-21,5,122,0
150,130,230,114,477,5.93,-36,6,122,1
165,145,215,114,495,5.93,-51,6,122,1
180,160,200,114,513,5.93,-66,6,123,1
180,160,200,114,531,5.93,-66,5,123,0
180,160,200,114,549,5.93,-66,5,123,0
180,160,200,114,567,5.93,-66,5,123,0
180,160,200,114,585,5.93,-66,5,123,0
180,160,200,114,603,5.93,-66,6,123,0
180,160,200,114,621,5.93,-66,6,123,0
180,160,200,285,515,6.38,105,6,123,0
180,160,200,285,533,6.38,105,5,123,0
170,150,210,285,551,6.38,115,5,123,-1
155,135,225,169,452,6.12,14,5,123,-1
140,120,240,169,470,6.12,29,5,123,-1
125,105,255,169,488,6.12,44,6,123,-1
110,90,270,169,506,6.12,59,6,123,-1
100,80,280,169,524,6.12,69,6,123,0
100,80,280,169,542,6.12,69,5,123,0
100,80,280,169,560,6.12,69,5,123,0
100,80,280,169,578,6.12,69,5,123,0
100,80,280,169,596,6.12,69,6,123,0
100,80,280,169,614,6.12,69,6,123,0
100,80,280,169,632,6.12,69,6,124,0
100,80,280,234,619,6.69,134,5,124,0
100,80,280,234,640,6.69,134,5,124,0
100,80,280,105,321,5.82,5,4,124,0
100,80,280,105,339,5.82,5,4,124,0
100,80,280,105,357,5.82,5,5,124,0
100,80,280,105,375,5.82,5,5,124,0
100,80,280,105,393,5.82,5,5,124,0
110,90,270,105,411,5.82,-5,5,124,1
125,105,255,105,429,5.82,-20,5,124,1
140,120,240,105,447,5.82,-35,5,124,1
155,135,225,105,465,5.82,-50,5,124,1
160,140,220,105,483,5.82,-55,6,124,0
160,140,220,105,501,5.82,-55,6,124,0
160,140,220,105,519,5.82,-55,6,124,0
160,140,220,105,537,5.82,-55,5,124,0
160,140,220,105,555,5.82,-55,5,124,0
170,150,210,105,573,5.82,-65,5,124,1
185,165,195,166,478,5.79,-19,6,124,1
200,180,180,166,496,5.79,-34,6,124,1
215,195,165,166,514,5.79,-49,6,125,1
215,195,165,166,532,5.79,-49,6,125,0
215,195,165,166,550,5.79,-49,5,125,0
215,195,165,166,568,5.79,-49,5,125,0
215,195,165,166,586,5.79,-49,5,125,0
215,195,165,122,559,7.05,-93,6,125,0
215,195,165,166,622,5.79,-49,6,125,0
215,195,165,166,640,5.79,-49,6,125,0
215,195,165,122,622,7.05,-93,5,125,0
215,195,165,270,429,5.97,55,5,125,0
215,195,165,270,447,5.97,55,4,125,0
215,195,165,270,465,5.97,55,4,125,0
215,195,165,270,483,5.97,55,5,125,0
215,195,165,270,501,5.97,55,5,125,0
200,180,180,270,519,5.97,70,5,125,-1
185,165,195,270,537,5.97,85,5,125,-1
180,160,200,270,555,5.97,90,5,125,0
180,160,200,270,573,5.97,90,5,125,0
180,160,200,270,591,5.97,90,6,125,0
180,160,200,270,609,5.97,90,6,125,0
180,160,200,270,627,5.97,90,6,126,0
180,160,200,266,477,6.64,86,6,126,0
180,160,200,266,498,6.64,86,5,126,0
180,160,200,266,519,6.64,86,5,126,0
180,160,200,266,540,6.64,86,5,126,0
180,160,200,266,561,6.64,86,6,126,0
180,160,200,266,582,6.64,86,6,126,0
180,160,200,266,603,6.64,86,6,126,0
180,160,200,266,624,6.64,86,5,126,0
180,160,200,53,507,6.85,-127,5,126,0
180,160,200,53,528,6.85,-127,4,126,0
180,160,200,53,549,6.85,-127,4,126,0
180,160,200,53,570,6.85,-127,5,126,0
180,160,200,53,591,6.85,-127,5,126,0
180,160,200,53,612,6.85,-127,5,126,0
180,160,200,132,422,6.02,-48,5,126,0
180,160,200,132,440,6.02,-48,4,126,0
180,160,200,132,458,6.02,-48,4,126,0
180,160,200,132,476,6.02,-48,5,126,0
180,160,200,132,494,6.02,-48,5,126,0
180,160,200,132,512,6.02,-48,5,127,0
180,160,200,132,530,6.02,-48,5,127,0
180,160,200,132,548,6.02,-48,5,127,0
180,160,200,132,566,6.02,-48,5,127,0
180,160,200,248,543,6.73,68,5,127,0
180,160,200,248,564,6.73,68,6,127,0
180,160,200,248,585,6.73,68,6,127,0
180,160,200,248,606,6.73,68,6,127,0
180,160,200,248,627,6.73,68,5,127,0
180,160,200,248,648,6.73,68,5,127,0
180,160,200,314,527,6.5,134,4,127,0
180,160,200,314,548,6.5,134,4,127,0
180,160,200,314,569,6.5,134,5,127,0
180,160,200,314,590,6.5,134,5,127,0
180,160,200,314,611,6.5,134,5,127,0
180,160,200,335,491,6.53,155,5,127,0
180,160,200,335,512,6.53,155,4,127,0
180,160,200,335,533,6.53,155,4,127,0
180,160,200,335,554,6.53,155,5,127,0
180,160,200,335,575,6.53,155,5,127,0
180,160,200,335,596,6.53,155,5,128,0
180,160,200,251,407,6.05,71,5,128,0
180,160,200,251,425,6.05,71,5,128,0
180,160,200,251,443,6.05,71,4,128,0
180,160,200,251,461,6.05,71,4,128,0
180,160,200,251,479,6.05,71,5,128,0
180,160,200,251,497,6.05,71,5,128,0
165,145,215,251,515,6.05,86,5,128,-1
150,130,230,251,533,6.05,101,5,128,-1
140,120,240,251,551,6.05,111,5,128,0
140,120,240,209,528,6.97,69,5,128,0
140,120,240,209,549,6.97,69,5,128,0
140,120,240,209,570,6.97,69,6,128,0
140,120,240,209,591,6.97,69,6,128,0
140,120,240,209,612,6.97,69,6,128,0
140,120,240,132,423,6.13,-8,5,128,0
140,120,240,132,441,6.13,-8,4,128,0
140,120,240,132,459,6.13,-8,4,128,0
155,135,225,132,477,6.13,-23,5,128,1
170,150,210,132,495,6.13,-38,5,128,1
185,165,195,132,513,6.13,-53,5,129,1
185,165,195,132,531,6.13,-53,5,129,0
185,165,195,132,549,6.13,-53,5,129,0
185,165,195,132,567,6.13,-53,5,129,0
185,165,195,132,585,6.13,-53,5,129,0
185,165,195,132,603,6.13,-53,6,129,0
185,165,195,132,621,6.13,-53,6,129,0
185,165,195,132,639,6.13,-53,6,129,0
185,165,195,198,416,6.16,13,5,129,0
185,165,195,198,434,6.16,13,5,129,0
195,175,185,198,452,6.16,3,5,129,1
210,190,170,198,470,6.16,-12,5,129,1
225,205,155,198,488,6.16,-27,6,129,1
240,220,140,198,506,6.16,-42,6,129,1
250,230,130,198,524,6.16,-52,6,129,0
250,230,130,198,542,6.16,-52,5,129,0
250,230,130,198,560,6.16,-52,5,129,0
250,230,130,198,578,6.16,-52,5,129,0
250,230,130,198,596,6.16,-52,6,129,0
250,230,130,198,614,6.16,-52,6,129,0
250,230,130,198,632,6.16,-52,6,130,0
250,230,130,346,529,6.18,96,5,130,0
250,230,130,346,547,6.18,96,5,130,0
250,230,130,346,565,6.18,96,5,130,0
250,230,130,346,583,6.18,96,5,130,0
250,230,130,346,601,6.18,96,6,130,0
250,230,130,346,619,6.18,96,6,130,0
250,230,130,346,637,6.18,96,6,130,0
250,230,130,96,484,6.77,-154,5,130,0
250,230,130,96,505,6.77,-154,4,130,0
250,230,130,96,526,6.77,-154,4,130,0
250,230,130,96,547,6.77,-154,4,130,0
250,230,130,96,568,6.77,-154,5,130,0
250,230,130,96,589,6.77,-154,5,130,0
250,230,130,96,610,6.77,-154,5,130,0
250,230,130,176,422,6.47,-74,5,130,0
250,230,130,176,440,6.47,-74,5,130,0
250,230,130,176,458,6.47,-74,4,130,0
250,230,130,176,476,6.47,-74,5,130,0
250,230,130,176,494,6.47,-74,5,130,0
250,230,130,176,512,6.47,-74,5,131,0
250,230,130,176,530,6.47,-74,5,131,0
250,230,130,176,548,6.47,-74,5,131,0
250,230,130,176,566,6.47,-74,5,131,0
250,230,130,176,584,6.47,-74,5,131,0
250,230,130,176,602,6.47,-74,6,131,0
250,230,130,180,501,5.8,-70,6,131,0
250,230,130,180,519,5.8,-70,6,131,0
250,230,130,180,537,5.8,-70,5,131,0
250,230,130,180,555,5.8,-70,5,131,0
250,230,130,180,573,5.8,-70,5,131,0
250,230,130,180,591,5.8,-70,5,131,0
250,230,130,180,609,5.8,-70,6,131,0
250,230,130,180,627,5.8,-70,6,131,0
250,230,130,180,645,5.8,-70,6,131,0
250,230,130,49,538,6.4,-201,5,131,0
250,230,130,49,556,6.4,-201,5,131,0
250,230,130,49,574,6.4,-201,5,131,0
250,230,130,49,592,6.4,-201,6,131,0
250,230,130,55,494,6.34,-195,6,131,0
250,230,130,55,512,6.34,-195,6,132,0
250,230,130,55,530,6.34,-195,6,132,0
250,230,130,55,548,6.34,-195,5,132,0
250,230,130,55,566,6.34,-195,5,132,0
250,230,130,302,402,7.01,52,5,132,0
250,230,130,302,423,7.01,52,6,132,0
250,230,130,302,444,7.01,52,6,132,0
240,220,140,302,465,7.01,62,6,132,-1
225,205,155,114,537,6.36,-111,5,132,-1
210,190,170,114,555,6.36,-96,5,132,-1
205,185,175,114,573,6.36,-91,5,132,0
205,185,175,302,549,7.01,97,5,132,0
205,185,175,302,570,7.01,97,6,132,0
205,185,175,302,591,7.01,97,6,132,0
205,185,175,302,612,7.01,97,6,132,0
205,185,175,302,633,7.01,97,5,132,0
205,185,175,76,511,6.85,-129,4,132,0
205,185,175,76,532,6.85,-129,4,132,0
205,185,175,76,553,6.85,-129,5,132,0
205,185,175,76,574,6.85,-129,5,132,0
205,185,175,76,595,6.85,-129,5,133,0
205,185,175,76,616,6.85,-129,5,133,0
205,185,175,75,499,7.07,-130,5,133,0
205,185,175,75,520,7.07,-130,4,133,0
205,185,175,75,541,7.07,-130,4,133,0
205,185,175,75,562,7.07,-130,5,133,0
205,185,175,75,583,7.07,-130,5,133,0
205,185,175,75,604,7.07,-130,5,133,0
205,185,175,75,625,7.07,-130,5,133,0
205,185,175,75,646,7.07,-130,5,133,0
205,185,175,316,447,5.97,111,4,133,0
205,185,175,316,465,5.97,111,4,133,0
205,185,175,316,483,5.97,111,5,133,0
205,185,175,316,501,5.97,111,5,133,0
205,185,175,316,519,5.97,111,5,133,0
205,185,175,316,537,5.97,111,5,133,0
205,185,175,316,555,5.97,111,5,133,0
205,185,175,316,573,5.97,111,5,133,0
205,185,175,71,552,7.01,-134,6,133,0
205,185,175,71,573,7.01,-134,6,133,0
205,185,175,71,594,7.01,-134,6,134,0
205,185,175,71,615,7.01,-134,6,134,0
205,185,175,71,636,7.01,-134,5,134,0
205,185,175,29,518,6.94,-176,4,134,0
205,185,175,29,539,6.94,-176,4,134,0
205,185,175,29,560,6.94,-176,5,134,0
205,185,175,29,581,6.94,-176,5,134,0
205,185,175,29,602,6.94,-176,5,134,0
205,185,175,352,488,7.25,147,5,134,0
205,185,175,352,509,7.25,147,5,134,0
205,185,175,352,530,7.25,147,4,134,0
205,185,175,352,551,7.25,147,4,134,0
205,185,175,352,572,7.25,147,5,134,0
205,185,175,352,593,7.25,147,5,134,0
205,185,175,303,469,6.64,98,5,134,0
205,185,175,303,490,6.64,98,5,134,0
205,185,175,303,511,6.64,98,4,134,0
205,185,175,303,532,6.64,98,4,134,0
205,185,175,303,553,6.64,98,5,134,0
205,185,175,303,574,6.64,98,5,134,0
205,185,175,303,595,6.64,98,5,135,0
205,185,175,303,616,6.64,98,5,135,0
205,185,175,303,637,6.64,98,5,135,0
205,185,175,154,383,7.26,-51,4,135,0
205,185,175,154,404,7.26,-51,4,135,0
205,185,175,154,425,7.26,-51,5,135,0
205,185,175,154,446,7.26,-51,5,135,0
205,185,175,154,467,7.26,-51,5,135,0
205,185,175,154,488,7.26,-51,5,135,0
205,185,175,154,509,7.26,-51,5,135,0
205,185,175,154,530,7.26,-51,5,135,0
205,185,175,154,551,7.26,-51,5,135,0
205,185,175,154,572,7.26,-51,6,135,0
205,185,175,154,593,7.26,-51,6,135,0
205,185,175,154,614,7.26,-51,6,135,0
205,185,175,154,635,7.26,-51,5,135,0
205,185,175,235,437,5.92,30,4,135,0
205,185,175,235,455,5.92,30,4,135,0
205,185,175,235,473,5.92,30,5,135,0
205,185,175,235,491,5.92,30,5,135,0
205,185,175,235,509,5.92,30,5,136,0
205,185,175,235,527,5.92,30,5,136,0
205,185,175,235,545,5.92,30,5,136,0
205,185,175,235,563,5.92,30,5,136,0
205,185,175,235,581,5.92,30,5,136,0
205,185,175,235,599,5.92,30,6,136,0
205,185,175,235,617,5.92,30,6,136,0
205,185,175,235,635,5.92,30,6,136,0
205,185,175,342,624,7.07,137,5,136,0
205,185,175,342,645,7.07,137,5,136,0
205,185,175,231,329,6.14,26,4,136,0
205,185,175,231,347,6.14,26,4,136,0
205,185,175,231,365,6.14,26,5,136,0
205,185,175,231,383,6.14,26,5,136,0
205,185,175,231,401,6.14,26,5,136,0
205,185,175,231,419,6.14,26,5,136,0
200,180,180,231,437,6.14,31,5,136,-1
185,165,195,231,455,6.14,46,5,136,-1
170,150,210,231,473,6.14,61,6,136,-1
155,135,225,231,491,6.14,76,6,136,-1
145,125,235,231,509,6.14,86,6,137,0
145,125,235,231,527,6.14,86,6,137,0
145,125,235,231,545,6.14,86,5,137,0
145,125,235,231,563,6.14,86,5,137,0
145,125,235,231,581,6.14,86,5,137,0
130,110,250,180,477,6.32,50,6,137,-1
115,95,265,180,495,6.32,65,6,137,-1
100,80,280,180,513,6.32,80,6,137,-1
100,80,280,180,531,6.32,80,5,137,0
100,80,280,180,549,6.32,80,5,137,0
100,80,280,180,567,6.32,80,5,137,0
100,80,280,180,585,6.32,80,5,137,0
100,80,280,180,603,6.32,80,6,137,0
100,80,280,180,621,6.32,80,6,137,0
100,80,280,180,639,6.32,80,6,137,0
100,80,280,297,493,6.96,197,5,137,0
100,80,280,297,514,6.96,197,5,137,0
100,80,280,297,535,6.96,197,4,137,0
100,80,280,297,556,6.96,197,5,137,0
100,80,280,187,435,6.82,87,5,137,0
100,80,280,187,456,6.82,87,5,138,0
100,80,280,187,477,6.82,87,5,138,0
100,80,280,187,498,6.82,87,5,138,0
100,80,280,187,519,6.82,87,4,138,0
100,80,280,187,540,6.82,87,4,138,0
100,80,280,187,561,6.82,87,5,138,0
100,80,280,187,582,6.82,87,5,138,0
100,80,280,187,603,6.82,87,5,138,0
100,80,280,187,624,6.82,87,5,138,0
100,80,280,187,645,6.82,87,5,138,0
100,80,280,108,388,6.94,8,4,138,0
100,80,280,108,409,6.94,8,4,138,0
100,80,280,108,430,6.94,8,5,138,0
90,70,290,108,451,6.94,18,5,138,-1
75,55,305,108,472,6.94,33,5,138,-1
60,40,320,108,493,6.94,48,5,138,-1
60,40,320,108,514,6.94,48,5,138,0
60,40,320,108,535,6.94,48,5,138,0
60,40,320,108,556,6.94,48,6,138,0
60,40,320,108,577,6.94,48,6,138,0
60,40,320,108,598,6.94,48,6,139,0
60,40,320,108,619,6.94,48,6,139,0
60,40,320,108,640,6.94,48,5,139,0
60,40,320,124,441,6.26,64,4,139,0
60,40,320,124,459,6.26,64,4,139,0
60,40,320,124,477,6.26,64,5,139,0
60,40,320,124,495,6.26,64,5,139,0
60,40,320,124,513,6.26,64,5,139,0
60,40,320,124,531,6.26,64,5,139,0
60,40,320,124,549,6.26,64,5,139,0
60,40,320,124,567,6.26,64,5,139,0
60,40,320,124,585,6.26,64,5,139,0
60,40,320,124,603,6.26,64,6,139,0
70,50,310,124,621,6.26,54,6,139,1
85,65,295,124,639,6.26,39,6,139,1
100,80,280,31,491,7.25,-69,5,139,1
110,90,270,31,512,7.25,-79,4,139,0
110,90,270,31,533,7.25,-79,4,139,0
110,90,270,31,554,7.25,-79,5,139,0
110,90,270,31,575,7.25,-79,5,139,0
110,90,270,31,596,7.25,-79,5,140,0
110,90,270,31,617,7.25,-79,5,140,0
110,90,270,31,638,7.25,-79,5,140,0
110,90,270,326,521,6.93,216,4,140,0
110,90,270,326,542,6.93,216,4,140,0
110,90,270,326,563,6.93,216,5,140,0
110,90,270,326,584,6.93,216,5,140,0
110,90,270,326,605,6.93,216,5,140,0
110,90,270,326,626,6.93,216,5,140,0
110,90,270,71,309,5.99,-39,5,140,0
110,90,270,71,327,5.99,-39,4,140,0
110,90,270,71,345,5.99,-39,4,140,0
110,90,270,71,363,5.99,-39,5,140,0
110,90,270,71,381,5.99,-39,5,140,0
110,90,270,71,399,5.99,-39,5,140,0
110,90,270,71,417,5.99,-39,5,140,0
110,90,270,71,435,5.99,-39,5,140,0
110,90,270,71,453,5.99,-39,5,140,0
125,105,255,71,471,5.99,-54,6,140,1
140,120,240,71,489,5.99,-69,6,140,1
155,135,225,71,507,5.99,-84,6,141,1
155,135,225,71,525,5.99,-84,6,141,0
155,135,225,71,543,5.99,-84,5,141,0
155,135,225,71,561,5.99,-84,5,141,0
155,135,225,71,579,5.99,-84,5,141,0
155,135,225,272,560,6.87,117,6,141,0
155,135,225,272,581,6.87,117,6,141,0
155,135,225,71,633,5.99,-84,6,141,0
155,135,225,71,651,5.99,-84,6,141,0
155,135,225,272,644,6.87,117,5,141,0
155,135,225,11,449,6.34,-144,4,141,0
155,135,225,11,467,6.34,-144,4,141,0
155,135,225,11,485,6.34,-144,5,141,0
155,135,225,11,503,6.34,-144,5,141,0
155,135,225,11,521,6.34,-144,5,141,0
155,135,225,11,539,6.34,-144,5,141,0
155,135,225,11,557,6.34,-144,5,141,0
155,135,225,14,533,6.57,-141,5,141,0
155,135,225,14,554,6.57,-141,6,141,0
155,135,225,14,575,6.57,-141,6,141,0
155,135,225,14,596,6.57,-141,6,142,0
155,135,225,44,482,7.47,-111,6,142,0
155,135,225,44,503,7.47,-111,5,142,0
155,135,225,44,524,7.47,-111,4,142,0
155,135,225,44,545,7.47,-111,4,142,0
155,135,225,44,566,7.47,-111,5,142,0
155,135,225,44,587,7.47,-111,5,142,0
155,135,225,214,466,6.71,59,5,142,0
155,135,225,214,487,6.71,59,5,142,0
155,135,225,214,508,6.71,59,4,142,0
155,135,225,214,529,6.71,59,4,142,0
155,135,225,214,550,6.71,59,4,142,0
155,135,225,214,571,6.71,59,5,142,0
155,135,225,214,592,6.71,59,5,142,0
155,135,225,214,613,6.71,59,5,142,0
150,130,230,198,490,7.03,48,5,142,-1
135,115,245,198,511,7.03,63,4,142,-1
120,100,260,198,532,7.03,78,4,142,-1
115,95,265,198,553,7.03,83,5,142,0
115,95,265,198,574,7.03,83,5,142,0
115,95,265,198,595,7.03,83,5,143,0
115,95,265,198,616,7.03,83,5,143,0
115,95,265,198,637,7.03,83,5,143,0
115,95,265,253,447,6.35,138,4,143,0
115,95,265,253,465,6.35,138,4,143,0
115,95,265,253,483,6.35,138,5,143,0
115,95,265,253,501,6.35,138,5,143,0
115,95,265,253,519,6.35,138,5,143,0
115,95,265,253,537,6.35,138,5,143,0
115,95,265,253,555,6.35,138,5,143,0
115,95,265,253,573,6.35,138,5,143,0
115,95,265,31,467,6.1,-84,5,143,0
115,95,265,31,485,6.1,-84,6,143,0
115,95,265,18,517,7.52,-97,6,143,0
115,95,265,18,541,7.52,-97,6,143,0
115,95,265,31,539,6.1,-84,5,143,0
115,95,265,31,557,6.1,-84,5,143,0
115,95,265,31,575,6.1,-84,5,143,0
115,95,265,31,593,6.1,-84,6,143,0
115,95,265,31,611,6.1,-84,5,143,0
115,95,265,31,629,6.1,-84,5,144,0
115,95,265,31,647,6.1,-84,5,144,0
115,95,265,364,498,6.93,249,4,144,0
115,95,265,364,519,6.93,249,4,144,0
115,95,265,364,540,6.93,249,4,144,0
115,95,265,364,561,6.93,249,5,144,0
115,95,265,364,582,6.93,249,5,144,0
115,95,265,364,603,6.93,249,5,144,0
115,95,265,364,624,6.93,249,5,144,0
115,95,265,314,435,6.17,199,5,144,0
115,95,265,314,453,6.17,199,4,144,0
115,95,265,314,471,6.17,199,4,144,0
115,95,265,314,489,6.17,199,5,144,0
115,95,265,314,507,6.17,199,5,144,0
115,95,265,314,525,6.17,199,5,144,0
115,95,265,314,543,6.17,199,5,144,0
115,95,265,314,561,6.17,199,5,144,0
115,95,265,314,579,6.17,199,5,144,0
115,95,265,331,552,6.66,216,6,144,0
115,95,265,76,373,6.43,-39,6,144,0
115,95,265,76,391,6.43,-39,6,145,0
115,95,265,76,409,6.43,-39,5,145,0
115,95,265,76,427,6.43,-39,5,145,0
115,95,265,76,445,6.43,-39,4,145,0
115,95,265,76,463,6.43,-39,4,145,0
130,110,250,76,481,6.43,-54,5,145,1
145,125,235,76,499,6.43,-69,5,145,1
160,140,220,76,517,6.43,-84,5,145,1
160,140,220,76,535,6.43,-84,5,145,0
160,140,220,76,553,6.43,-84,5,145,0
160,140,220,76,571,6.43,-84,5,145,0
160,140,220,76,589,6.43,-84,5,145,0
160,140,220,76,607,6.43,-84,6,145,0
160,140,220,76,625,6.43,-84,6,145,0
160,140,220,76,643,6.43,-84,6,145,0
160,140,220,289,494,6.58,129,5,145,0
160,140,220,289,515,6.58,129,5,145,0
160,140,220,289,536,6.58,129,5,145,0
155,135,225,289,557,6.58,134,6,145,-1
140,120,240,289,578,6.58,149,6,145,-1
125,105,255,203,454,6.63,78,6,146,-1
110,90,270,203,475,6.63,93,6,146,-1
110,90,270,203,496,6.63,93,5,146,0
110,90,270,203,517,6.63,93,4,146,0
110,90,270,203,538,6.63,93,4,146,0
115,95,265,203,559,6.63,88,5,146,1
130,110,250,203,580,6.63,73,5,146,1
145,125,235,203,601,6.63,58,5,146,1
160,140,220,120,483,6.63,-40,5,146,1
175,155,205,120,504,6.63,-55,5,146,1
190,170,190,120,525,6.63,-70,4,146,1
205,185,175,120,546,6.63,-85,4,146,1
205,185,175,120,567,6.63,-85,5,146,0
205,185,175,120,588,6.63,-85,5,146,0
190,170,190,235,472,7.31,45,5,146,-1
175,155,205,235,493,7.31,60,5,146,-1
160,140,220,235,514,7.31,75,5,146,-1
150,130,230,235,535,7.31,85,4,146,0
150,130,230,235,556,7.31,85,5,146,0
150,130,230,235,577,7.31,85,5,146,0
150,130,230,235,598,7.31,85,5,147,0
150,130,230,235,619,7.31,85,5,147,0
150,130,230,235,640,7.31,85,5,147,0
150,130,230,295,521,7.24,145,4,147,0
150,130,230,295,542,7.24,145,4,147,0
150,130,230,295,563,7.24,145,5,147,0
150,130,230,295,584,7.24,145,5,147,0
150,130,230,295,605,7.24,145,5,147,0
150,130,230,295,626,7.24,145,5,147,0
150,130,230,331,504,7.16,181,5,147,0
150,130,230,331,525,7.16,181,4,147,0
150,130,230,331,546,7.16,181,4,147,0
150,130,230,331,567,7.16,181,5,147,0
150,130,230,239,448,7.02,89,5,147,0
150,130,230,239,469,7.02,89,5,147,0
150,130,230,239,490,7.02,89,5,147,0
150,130,230,239,511,7.02,89,5,147,0
150,130,230,239,532,7.02,89,4,147,0
155,135,225,239,553,7.02,84,5,147,1
170,150,210,239,574,7.02,69,5,147,1
185,165,195,239,595,7.02,54,5,148,1
195,175,185,100,549,7.58,-95,5,148,0
195,175,185,100,573,7.58,-95,5,148,0
195,175,185,100,597,7.58,-95,4,148,0
195,175,185,100,621,7.58,-95,4,148,0
195,175,185,233,425,7.44,38,5,148,0
195,175,185,233,446,7.44,38,4,148,0
185,165,195,233,467,7.44,48,4,148,-1
170,150,210,233,488,7.44,63,4,148,-1
155,135,225,233,509,7.44,78,4,148,-1
155,135,225,233,530,7.44,78,4,148,0
155,135,225,233,551,7.44,78,4,148,0
155,135,225,233,572,7.44,78,5,148,0
155,135,225,233,593,7.44,78,5,148,0
155,135,225,233,614,7.44,78,5,148,0
155,135,225,233,635,7.44,78,5,148,0
155,135,225,113,435,6.41,-42,4,148,0
155,135,225,113,453,6.41,-42,4,148,0
170,150,210,113,471,6.41,-57,5,148,1
185,165,195,113,489,6.41,-72,5,148,1
195,175,185,113,507,6.41,-82,5,149,0
195,175,185,113,525,6.41,-82,5,149,0
195,175,185,113,543,6.41,-82,5,149,0
195,175,185,113,561,6.41,-82,5,149,0
195,175,185,113,579,6.41,-82,5,149,0
195,175,185,113,597,6.41,-82,6,149,0
195,175,185,113,615,6.41,-82,5,149,0
195,175,185,113,633,6.41,-82,5,149,0
195,175,185,113,651,6.41,-82,5,149,0
195,175,185,347,506,6.6,152,4,149,0
195,175,185,347,527,6.6,152,4,149,0
195,175,185,347,548,6.6,152,4,149,0
195,175,185,233,431,6.92,38,5,149,0
190,170,190,233,452,6.92,43,5,149,-1
175,155,205,233,473,6.92,58,5,149,-1
160,140,220,233,494,6.92,73,5,149,-1
145,125,235,233,515,6.92,88,4,149,-1
145,125,235,233,536,6.92,88,4,149,0
145,125,235,233,557,6.92,88,5,149,0
145,125,235,233,578,6.92,88,5,149,0
145,125,235,233,599,6.92,88,5,150,0
145,125,235,233,620,6.92,88,5,150,0
145,125,235,233,641,6.92,88,5,150,0
145,125,235,387,520,6.82,242,4,150,0
145,125,235,387,541,6.82,242,4,150,0
145,125,235,387,562,6.82,242,5,150,0
145,125,235,203,350,7.67,58,5,150,0
145,125,235,203,374,7.67,58,5,150,0
145,125,235,203,398,7.67,58,5,150,0
145,125,235,203,422,7.67,58,5,150,0
145,125,235,203,446,7.67,58,4,150,0
145,125,235,203,470,7.67,58,4,150,0
145,125,235,203,494,7.67,58,5,150,0
145,125,235,203,518,7.67,58,5,150,0
145,125,235,203,542,7.67,58,5,150,0
145,125,235,203,566,7.67,58,5,150,0
145,125,235,203,590,7.67,58,4,150,0
145,125,235,203,614,7.67,58,4,150,0
145,125,235,203,638,7.67,58,5,150,0
145,125,235,128,373,6.24,-17,4,150,0
145,125,235,128,391,6.24,-17,4,151,0
145,125,235,128,409,6.24,-17,4,151,0
145,125,235,128,427,6.24,-17,4,151,0
145,125,235,128,445,6.24,-17,4,151,0
155,135,225,128,463,6.24,-27,4,151,1
170,150,210,128,481,6.24,-42,5,151,1
185,165,195,128,499,6.24,-57,5,151,1
190,170,190,128,517,6.24,-62,5,151,0
190,170,190,128,535,6.24,-62,5,151,0
190,170,190,128,553,6.24,-62,5,151,0
190,170,190,128,571,6.24,-62,5,151,0
190,170,190,128,589,6.24,-62,5,151,0
190,170,190,128,607,6.24,-62,6,151,0
190,170,190,128,625,6.24,-62,6,151,0
190,170,190,128,643,6.24,-62,6,151,0
190,170,190,89,631,6.63,-101,5,151,0
190,170,190,361,512,7.05,171,4,151,0
190,170,190,361,533,7.05,171,4,151,0
190,170,190,361,554,7.05,171,5,151,0
190,170,190,361,575,7.05,171,5,151,0
190,170,190,361,596,7.05,171,5,152,0
190,170,190,257,408,6.33,67,5,152,0
190,170,190,257,426,6.33,67,5,152,0
190,170,190,257,444,6.33,67,4,152,0
190,170,190,257,462,6.33,67,4,152,0
190,170,190,257,480,6.33,67,5,152,0
190,170,190,257,498,6.33,67,5,152,0
190,170,190,257,516,6.33,67,5,152,0
190,170,190,257,534,6.33,67,5,152,0
190,170,190,257,552,6.33,67,5,152,0
190,170,190,257,570,6.33,67,5,152,0
190,170,190,122,550,7.28,-68,5,152,0
190,170,190,122,571,7.28,-68,6,152,0
190,170,190,122,592,7.28,-68,6,152,0
190,170,190,112,542,7.64,-78,6,152,0
190,170,190,112,566,7.64,-78,5,152,0
190,170,190,112,590,7.64,-78,4,152,0
190,170,190,112,614,7.64,-78,4,152,0
190,170,190,112,638,7.64,-78,5,152,0
190,170,190,188,373,6.5,-2,4,152,0
190,170,190,188,391,6.5,-2,4,153,0
190,170,190,188,409,6.5,-2,4,153,0
175,155,205,188,427,6.5,13,4,153,-1
160,140,220,188,445,6.5,28,4,153,-1
145,125,235,188,463,6.5,43,4,153,-1
130,110,250,188,481,6.5,58,5,153,-1
120,100,260,188,499,6.5,68,5,153,0
120,100,260,188,517,6.5,68,5,153,0
120,100,260,188,535,6.5,68,5,153,0
120,100,260,188,553,6.5,68,5,153,0
120,100,260,181,525,6.62,61,5,153,0
115,95,265,181,546,6.62,66,5,153,-1
100,80,280,181,567,6.62,81,6,153,-1
85,65,295,181,588,6.62,96,6,153,-1
85,65,295,181,609,6.62,96,6,153,0
85,65,295,181,630,6.62,96,5,153,0
85,65,295,230,511,7.04,145,5,153,0
85,65,295,230,532,7.04,145,4,153,0
85,65,295,230,553,7.04,145,5,153,0
85,65,295,230,574,7.04,145,5,153,0
85,65,295,230,595,7.04,145,5,154,0
85,65,295,230,616,7.04,145,5,154,0
85,65,295,230,637,7.04,145,5,154,0
85,65,295,283,522,6.77,198,4,154,0
85,65,295,283,543,6.77,198,4,154,0
85,65,295,283,564,6.77,198,5,154,0
85,65,295,283,585,6.77,198,5,154,0
85,65,295,283,606,6.77,198,5,154,0
85,65,295,258,488,6.8,173,5,154,0
85,65,295,258,509,6.8,173,5,154,0
85,65,295,258,530,6.8,173,4,154,0
85,65,295,258,551,6.8,173,4,154,0
85,65,295,258,572,6.8,173,5,154,0
85,65,295,258,593,6.8,173,5,154,0
85,65,295,258,614,6.8,173,5,154,0
85,65,295,258,635,6.8,173,5,154,0
85,65,295,374,514,7.08,289,4,154,0
85,65,295,374,535,7.08,289,4,154,0
85,65,295,374,556,7.08,289,5,154,0
85,65,295,374,577,7.08,289,5,154,0
85,65,295,374,598,7.08,289,5,155,0
85,65,295,331,476,6.83,246,5,155,0
85,65,295,331,497,6.83,246,5,155,0
85,65,295,331,518,6.83,246,4,155,0
85,65,295,331,539,6.83,246,4,155,0
85,65,295,331,560,6.83,246,5,155,0
85,65,295,287,505,7.66,202,5,155,0
85,65,295,287,529,7.66,202,5,155,0
85,65,295,287,553,7.66,202,5,155,0
85,65,295,287,577,7.66,202,5,155,0
85,65,295,287,601,7.66,202,4,155,0
85,65,295,287,625,7.66,202,4,155,0
85,65,295,84,286,6.94,-1,5,155,0
85,65,295,84,307,6.94,-1,4,155,0
85,65,295,84,328,6.94,-1,4,155,0
85,65,295,84,349,6.94,-1,4,155,0
85,65,295,84,370,6.94,-1,4,155,0
85,65,295,84,391,6.94,-1,4,155,0
85,65,295,84,412,6.94,-1,5,155,0
85,65,295,84,433,6.94,-1,5,155,0
100,80,280,84,454,6.94,-16,5,156,1
115,95,265,84,475,6.94,-31,5,156,1
130,110,250,84,496,6.94,-46,5,156,1
140,120,240,84,517,6.94,-56,4,156,0
140,120,240,84,538,6.94,-56,4,156,0
140,120,240,84,559,6.94,-56,5,156,0
140,120,240,84,580,6.94,-56,5,156,0
140,120,240,84,601,6.94,-56,5,156,0
140,120,240,84,622,6.94,-56,5,156,0
140,120,240,244,507,7.16,104,5,156,0
140,120,240,244,528,7.16,104,4,156,0
140,120,240,244,549,7.16,104,4,156,0
140,120,240,244,570,7.16,104,5,156,0
140,120,240,244,591,7.16,104,5,156,0
140,120,240,244,612,7.16,104,5,156,0
140,120,240,244,633,7.16,104,5,156,0
140,120,240,347,585,7.52,207,4,156,0
140,120,240,347,609,7.52,207,4,156,0
140,120,240,347,633,7.52,207,5,156,0
140,120,240,218,299,6.65,78,4,156,0
140,120,240,218,320,6.65,78,4,157,0
140,120,240,218,341,6.65,78,4,157,0
140,120,240,218,362,6.65,78,4,157,0
140,120,240,218,383,6.65,78,4,157,0
140,120,240,218,404,6.65,78,4,157,0
140,120,240,218,425,6.65,78,5,157,0
140,120,240,218,446,6.65,78,5,157,0
140,120,240,218,467,6.65,78,5,157,0
140,120,240,218,488,6.65,78,5,157,0
140,120,240,218,509,6.65,78,5,157,0
140,120,240,218,530,6.65,78,5,157,0
140,120,240,218,551,6.65,78,5,157,0
150,130,230,218,572,6.65,68,6,157,1
165,145,215,103,518,7.9,-62,6,157,1
180,160,200,103,542,7.9,-77,6,157,1
190,170,190,103,566,7.9,-87,5,157,0
190,170,190,103,590,7.9,-87,4,157,0
190,170,190,103,614,7.9,-87,4,157,0
190,170,190,103,638,7.9,-87,5,157,0
190,170,190,254,439,6.6,64,4,157,0
190,170,190,254,460,6.6,64,4,158,0
190,170,190,254,481,6.6,64,4,158,0
190,170,190,254,502,6.6,64,4,158,0
190,170,190,254,523,6.6,64,4,158,0
190,170,190,254,544,6.6,64,4,158,0
175,155,205,254,565,6.6,79,5,158,-1
160,140,220,164,443,6.8,4,5,158,-1
145,125,235,164,464,6.8,19,5,158,-1
130,110,250,164,485,6.8,34,5,158,-1
115,95,265,164,506,6.8,49,4,158,-1
100,80,280,164,527,6.8,64,4,158,-1
100,80,280,164,548,6.8,64,4,158,0
100,80,280,164,569,6.8,64,5,158,0
105,85,275,164,590,6.8,59,5,158,1
120,100,260,164,611,6.8,44,5,158,1
135,115,245,164,632,6.8,29,5,158,1
150,130,230,81,512,7.31,-69,4,158,1
165,145,215,81,533,7.31,-84,4,158,1
180,160,200,81,554,7.31,-99,5,158,1
180,160,200,81,575,7.31,-99,5,158,0
180,160,200,72,521,7.69,-108,5,159,0
180,160,200,72,545,7.69,-108,5,159,0
180,160,200,72,569,7.69,-108,5,159,0
180,160,200,72,593,7.69,-108,4,159,0
180,160,200,72,617,7.69,-108,4,159,0
180,160,200,72,641,7.69,-108,5,159,0
180,160,200,19,441,7.15,-161,4,159,0
180,160,200,19,462,7.15,-161,4,159,0
180,160,200,19,483,7.15,-161,4,159,0
180,160,200,19,504,7.15,-161,4,159,0
180,160,200,19,525,7.15,-161,4,159,0
180,160,200,19,546,7.15,-161,4,159,0
180,160,200,19,567,7.15,-161,5,159,0
180,160,200,99,448,6.57,-81,5,159,0
180,160,200,99,469,6.57,-81,5,159,0
180,160,200,99,490,6.57,-81,5,159,0
180,160,200,99,511,6.57,-81,5,159,0
180,160,200,99,532,6.57,-81,4,159,0
180,160,200,99,553,6.57,-81,5,159,0
180,160,200,99,574,6.57,-81,5,159,0
180,160,200,99,595,6.57,-81,5,160,0
180,160,200,55,546,7.85,-125,5,160,0
180,160,200,55,570,7.85,-125,5,160,0
180,160,200,55,594,7.85,-125,4,160,0
180,160,200,55,618,7.85,-125,4,160,0
180,160,200,55,642,7.85,-125,5,160,0
180,160,200,374,441,6.59,194,4,160,0
180,160,200,374,462,6.59,194,4,160,0
180,160,200,374,483,6.59,194,4,160,0
180,160,200,374,504,6.59,194,4,160,0
180,160,200,374,525,6.59,194,4,160,0
180,160,200,374,546,6.59,194,4,160,0
180,160,200,374,567,6.59,194,5,160,0
180,160,200,334,513,7.89,154,5,160,0
180,160,200,334,537,7.89,154,5,160,0
180,160,200,334,561,7.89,154,5,160,0
180,160,200,334,585,7.89,154,5,160,0
180,160,200,334,609,7.89,154,4,160,0
180,160,200,84,414,6.78,-96,5,160,0
180,160,200,84,435,6.78,-96,4,160,0
180,160,200,84,456,6.78,-96,4,161,0
180,160,200,84,477,6.78,-96,4,161,0
180,160,200,84,498,6.78,-96,4,161,0
180,160,200,84,519,6.78,-96,4,161,0
180,160,200,84,540,6.78,-96,4,161,0
180,160,200,84,561,6.78,-96,5,161,0
180,160,200,84,582,6.78,-96,5,161,0
180,160,200,278,530,7.87,98,5,161,0
180,160,200,278,554,7.87,98,5,161,0
180,160,200,278,578,7.87,98,5,161,0
180,160,200,278,602,7.87,98,4,161,0
180,160,200,200,409,6.78,20,4,161,0
180,160,200,200,430,6.78,20,5,161,0
165,145,215,200,451,6.78,35,4,161,-1
150,130,230,200,472,6.78,50,4,161,-1
135,115,245,200,493,6.78,65,4,161,-1
125,105,255,200,514,6.78,75,4,161,0
125,105,255,200,535,6.78,75,4,161,0
125,105,255,200,556,6.78,75,5,161,0
125,105,255,200,577,6.78,75,5,161,0
125,105,255,200,598,6.78,75,5,162,0
125,105,255,65,478,6.72,-60,5,162,0
125,105,255,65,499,6.72,-60,5,162,0
125,105,255,65,520,6.72,-60,4,162,0
125,105,255,65,541,6.72,-60,4,162,0
125,105,255,65,562,6.72,-60,5,162,0
125,105,255,65,583,6.72,-60,5,162,0
125,105,255,65,604,6.72,-60,5,162,0
125,105,255,65,625,6.72,-60,5,162,0
125,105,255,29,508,6.9,-96,5,162,0
125,105,255,29,529,6.9,-96,4,162,0
125,105,255,29,550,6.9,-96,4,162,0
125,105,255,29,571,6.9,-96,5,162,0
125,105,255,29,592,6.9,-96,5,162,0
125,105,255,29,613,6.9,-96,5,162,0
125,105,255,243,493,6.62,118,5,162,0
125,105,255,243,514,6.62,118,4,162,0
125,105,255,243,535,6.62,118,4,162,0
125,105,255,243,556,6.62,118,5,162,0
125,105,255,243,577,6.62,118,5,162,0
125,105,255,243,598,6.62,118,5,163,0
125,105,255,240,479,6.64,115,5,163,0
125,105,255,240,500,6.64,115,5,163,0
125,105,255,240,521,6.64,115,4,163,0
125,105,255,240,542,6.64,115,4,163,0
125,105,255,240,563,6.64,115,5,163,0
125,105,255,240,584,6.64,115,5,163,0
125,105,255,240,605,6.64,115,5,163,0
125,105,255,240,626,6.64,115,5,163,0
125,105,255,240,647,6.64,115,5,163,0
125,105,255,350,525,7.23,225,4,163,0
125,105,255,350,546,7.23,225,4,163,0
125,105,255,350,567,7.23,225,5,163,0
125,105,255,279,447,7.44,154,5,163,0
125,105,255,279,468,7.44,154,5,163,0
125,105,255,279,489,7.44,154,5,163,0
125,105,255,279,510,7.44,154,5,163,0
125,105,255,279,531,7.44,154,4,163,0
125,105,255,279,552,7.44,154,5,163,0
125,105,255,279,573,7.44,154,5,163,0
125,105,255,190,456,6.62,65,5,164,0
125,105,255,190,477,6.62,65,5,164,0
125,105,255,190,498,6.62,65,5,164,0
125,105,255,190,519,6.62,65,4,164,0
125,105,255,190,540,6.62,65,4,164,0
125,105,255,190,561,6.62,65,5,164,0
125,105,255,190,582,6.62,65,5,164,0
135,115,245,190,603,6.62,55,5,164,1
150,130,230,190,624,6.62,40,5,164,1
165,145,215,190,645,6.62,25,5,164,1
165,145,215,82,524,6.94,-83,4,164,0
165,145,215,82,545,6.94,-83,4,164,0
165,145,215,82,566,6.94,-83,5,164,0
165,145,215,82,587,6.94,-83,5,164,0
165,145,215,82,608,6.94,-83,5,164,0
165,145,215,82,629,6.94,-83,5,164,0
165,145,215,54,512,7.27,-111,5,164,0
165,145,215,54,533,7.27,-111,4,164,0
165,145,215,54,554,7.27,-111,5,164,0
165,145,215,54,575,7.27,-111,5,164,0
165,145,215,54,596,7.27,-111,5,165,0
165,145,215,54,617,7.27,-111,5,165,0
165,145,215,24,500,7.46,-141,5,165,0
165,145,215,24,521,7.46,-141,4,165,0
165,145,215,24,542,7.46,-141,4,165,0
165,145,215,177,423,6.8,12,5,165,0
150,130,230,177,444,6.8,27,5,165,-1
135,115,245,177,465,6.8,42,5,165,-1
120,100,260,177,486,6.8,57,5,165,-1
105,85,275,177,507,6.8,72,5,165,-1
100,80,280,177,528,6.8,77,4,165,0
100,80,280,177,549,6.8,77,4,165,0
100,80,280,177,570,6.8,77,5,165,0
100,80,280,177,591,6.8,77,5,165,0
100,80,280,177,612,6.8,77,5,165,0
100,80,280,177,633,6.8,77,5,165,0
100,80,280,262,426,8.08,162,4,165,0
100,80,280,262,450,8.08,162,4,165,0
100,80,280,262,474,8.08,162,5,165,0
100,80,280,262,498,8.08,162,5,165,0
100,80,280,262,522,8.08,162,5,166,0
100,80,280,262,546,8.08,162,5,166,0
100,80,280,262,570,8.08,162,5,166,0
100,80,280,26,435,7.7,-74,4,166,0
100,80,280,26,459,7.7,-74,4,166,0
100,80,280,26,483,7.7,-74,5,166,0
100,80,280,26,507,7.7,-74,4,166,0
100,80,280,26,531,7.7,-74,4,166,0
100,80,280,26,555,7.7,-74,4,166,0
100,80,280,26,579,7.7,-74,4,166,0
100,80,280,26,603,7.7,-74,4,166,0
100,80,280,26,627,7.7,-74,4,166,0
100,80,280,26,651,7.7,-74,5,166,0
100,80,280,380,448,6.93,280,4,166,0
100,80,280,380,469,6.93,280,4,166,0
100,80,280,380,490,6.93,280,4,166,0
100,80,280,380,511,6.93,280,4,166,0
100,80,280,380,532,6.93,280,4,166,0
100,80,280,380,553,6.93,280,5,166,0
100,80,280,287,435,7.4,187,5,166,0
100,80,280,287,456,7.4,187,5,167,0
100,80,280,287,477,7.4,187,5,167,0
100,80,280,287,498,7.4,187,5,167,0
100,80,280,287,519,7.4,187,4,167,0
100,80,280,287,540,7.4,187,4,167,0
100,80,280,287,561,7.4,187,5,167,0
100,80,280,287,582,7.4,187,5,167,0
100,80,280,287,603,7.4,187,5,167,0
100,80,280,287,624,7.4,187,5,167,0
100,80,280,287,645,7.4,187,5,167,0
100,80,280,305,444,7.76,205,4,167,0
100,80,280,305,468,7.76,205,4,167,0
100,80,280,305,492,7.76,205,4,167,0
100,80,280,305,516,7.76,205,4,167,0
100,80,280,305,540,7.76,205,4,167,0
100,80,280,305,564,7.76,205,4,167,0
100,80,280,305,588,7.76,205,4,167,0
100,80,280,257,450,7.92,157,4,167,0
100,80,280,257,474,7.92,157,5,167,0
100,80,280,257,498,7.92,157,4,167,0
100,80,280,257,522,7.92,157,4,168,0
100,80,280,257,546,7.92,157,4,168,0
100,80,280,121,414,7.69,21,4,168,0
100,80,280,121,438,7.69,21,4,168,0
100,80,280,121,462,7.69,21,4,168,0
100,80,280,121,486,7.69,21,5,168,0
85,65,295,121,510,7.69,36,4,168,-1
70,50,310,121,534,7.69,51,4,168,-1
60,40,320,121,558,7.69,61,4,168,0
60,40,320,121,582,7.69,61,4,168,0
60,40,320,121,606,7.69,61,4,168,0
60,40,320,121,630,7.69,61,4,168,0
60,40,320,152,431,6.91,92,4,168,0
60,40,320,152,452,6.91,92,4,168,0
60,40,320,152,473,6.91,92,4,168,0
60,40,320,152,494,6.91,92,4,168,0
60,40,320,152,515,6.91,92,4,168,0
60,40,320,152,536,6.91,92,4,168,0
60,40,320,152,557,6.91,92,5,168,0
60,40,320,152,578,6.91,92,5,168,0
60,40,320,152,599,6.91,92,5,169,0
60,40,320,142,482,7.21,82,5,169,0
60,40,320,142,503,7.21,82,5,169,0
60,40,320,142,524,7.21,82,4,169,0
60,40,320,142,545,7.21,82,4,169,0
60,40,320,142,566,7.21,82,5,169,0
60,40,320,142,587,7.21,82,5,169,0
60,40,320,142,608,7.21,82,5,169,0
60,40,320,142,629,7.21,82,5,169,0
60,40,320,363,506,7.05,303,4,169,0
60,40,320,363,527,7.05,303,4,169,0
60,40,320,363,548,7.05,303,4,169,0
60,40,320,363,569,7.05,303,5,169,0
60,40,320,342,518,8.13,282,5,169,0
60,40,320,342,542,8.13,282,5,169,0
60,40,320,342,566,8.13,282,5,169,0
60,40,320,54,270,7.91,-6,4,169,0
60,40,320,54,294,7.91,-6,4,169,0
60,40,320,54,318,7.91,-6,5,169,0
60,40,320,54,342,7.91,-6,4,169,0
60,40,320,54,366,7.91,-6,4,170,0
60,40,320,54,390,7.91,-6,4,170,0
60,40,320,54,414,7.91,-6,4,170,0
60,40,320,54,438,7.91,-6,4,170,0
65,45,315,54,462,7.91,-11,4,170,1
80,60,300,54,486,7.91,-26,5,170,1
95,75,285,54,510,7.91,-41,4,170,1
110,90,270,54,534,7.91,-56,4,170,1
115,95,265,54,558,7.91,-61,4,170,0
115,95,265,54,582,7.91,-61,4,170,0
115,95,265,54,606,7.91,-61,4,170,0
115,95,265,54,630,7.91,-61,4,170,0
115,95,265,97,428,7.38,-18,4,170,0
115,95,265,97,449,7.38,-18,4,170,0
130,110,250,97,470,7.38,-33,4,170,1
145,125,235,97,491,7.38,-48,4,170,1
160,140,220,97,512,7.38,-63,4,170,1
165,145,215,97,533,7.38,-68,4,170,0
165,145,215,97,554,7.38,-68,5,170,0
165,145,215,97,575,7.38,-68,5,170,0
165,145,215,97,596,7.38,-68,5,171,0
165,145,215,97,617,7.38,-68,5,171,0
165,145,215,60,502,6.73,-105,5,171,0
165,145,215,60,523,6.73,-105,4,171,0
165,145,215,60,544,6.73,-105,4,171,0
165,145,215,60,565,6.73,-105,5,171,0
165,145,215,60,586,6.73,-105,5,171,0
165,145,215,276,535,8.23,111,5,171,0
165,145,215,276,559,8.23,111,5,171,0
165,145,215,276,583,8.23,111,4,171,0
165,145,215,276,607,8.23,111,4,171,0
165,145,215,276,631,8.23,111,4,171,0
165,145,215,174,331,8.18,9,4,171,0
165,145,215,174,355,8.18,9,4,171,0
165,145,215,174,379,8.18,9,4,171,0
165,145,215,174,403,8.18,9,4,171,0
180,160,200,174,427,8.18,-6,4,171,1
195,175,185,174,451,8.18,-21,4,171,1
210,190,170,174,475,8.18,-36,5,171,1
225,205,155,174,499,8.18,-51,5,171,1
235,215,145,174,523,8.18,-61,5,172,0
235,215,145,174,547,8.18,-61,5,172,0
235,215,145,174,571,8.18,-61,5,172,0
235,215,145,174,595,8.18,-61,4,172,0
235,215,145,174,619,8.18,-61,4,172,0
235,215,145,174,643,8.18,-61,5,172,0
235,215,145,312,447,7.22,77,4,172,0
235,215,145,312,468,7.22,77,4,172,0
235,215,145,312,489,7.22,77,4,172,0
235,215,145,312,510,7.22,77,4,172,0
235,215,145,312,531,7.22,77,4,172,0
235,215,145,312,552,7.22,77,4,172,0
235,215,145,312,573,7.22,77,5,172,0
235,215,145,312,594,7.22,77,5,172,0
235,215,145,108,538,8.25,-127,5,172,0
235,215,145,108,562,8.25,-127,5,172,0
235,215,145,204,429,7.7,-31,4,172,0
245,225,135,204,453,7.7,-41,4,172,1
260,240,120,204,477,7.7,-56,5,172,1
275,255,105,204,501,7.7,-71,4,172,1
285,265,95,204,525,7.7,-81,4,173,0
285,265,95,204,549,7.7,-81,4,173,0
285,265,95,204,573,7.7,-81,4,173,0
285,265,95,204,597,7.7,-81,4,173,0
285,265,95,204,621,7.7,-81,4,173,0
285,265,95,204,645,7.7,-81,5,173,0
285,265,95,27,505,8.12,-258,4,173,0
285,265,95,27,529,8.12,-258,4,173,0
285,265,95,27,553,8.12,-258,4,173,0
285,265,95,27,577,8.12,-258,4,173,0
285,265,95,252,286,8.18,-33,4,173,0
285,265,95,252,310,8.18,-33,4,173,0
285,265,95,252,334,8.18,-33,5,173,0
285,265,95,252,358,8.18,-33,4,173,0
285,265,95,252,382,8.18,-33,4,173,0
285,265,95,252,406,8.18,-33,4,173,0
285,265,95,252,430,8.18,-33,4,173,0
285,265,95,252,454,8.18,-33,4,173,0
295,275,85,252,478,8.18,-43,5,173,1
310,290,70,252,502,8.18,-58,4,173,1
325,305,55,252,526,8.18,-73,4,174,1
330,310,50,252,550,8.18,-78,4,174,0
330,310,50,252,574,8.18,-78,4,174,0
330,310,50,252,598,8.18,-78,4,174,0
330,310,50,271,462,7.69,-59,4,174,0
330,310,50,271,486,7.69,-59,5,174,0
330,310,50,271,510,7.69,-59,4,174,0
330,310,50,271,534,7.69,-59,4,174,0
330,310,50,271,558,7.69,-59,4,174,0
330,310,50,271,582,7.69,-59,4,174,0
330,310,50,271,606,7.69,-59,4,174,0
330,310,50,271,630,7.69,-59,4,174,0
330,310,50,154,433,6.96,-176,4,174,0
330,310,50,154,454,6.96,-176,4,174,0
330,310,50,154,475,6.96,-176,4,174,0
330,310,50,154,496,6.96,-176,4,174,0
330,310,50,154,517,6.96,-176,4,174,0
330,310,50,154,538,6.96,-176,4,174,0
330,310,50,154,559,6.96,-176,5,174,0
330,310,50,154,580,6.96,-176,5,174,0
330,310,50,205,457,7.02,-125,5,175,0
330,310,50,205,478,7.02,-125,5,175,0
330,310,50,205,499,7.02,-125,5,175,0
330,310,50,205,520,7.02,-125,4,175,0
330,310,50,205,541,7.02,-125,4,175,0
330,310,50,205,562,7.02,-125,5,175,0
330,310,50,205,583,7.02,-125,5,175,0
330,310,50,205,604,7.02,-125,5,175,0
330,310,50,345,399,7.63,15,5,175,0
315,295,65,345,423,7.63,30,5,175,-1
300,280,80,345,447,7.63,45,4,175,-1
285,265,95,172,550,7.15,-113,4,175,-1
270,250,110,172,571,7.15,-98,5,175,-1
270,250,110,345,519,7.63,75,5,175,0
270,250,110,345,543,7.63,75,5,175,0
270,250,110,345,567,7.63,75,5,175,0
270,250,110,345,591,7.63,75,4,175,0
265,245,115,288,454,7.7,23,4,175,-1
250,230,130,288,478,7.7,38,5,175,-1
235,215,145,288,502,7.7,53,4,175,-1
220,200,160,288,526,7.7,68,4,176,-1
210,190,170,288,550,7.7,78,4,176,0
210,190,170,288,574,7.7,78,4,176,0
210,190,170,288,598,7.7,78,4,176,0
210,190,170,288,622,7.7,78,4,176,0
210,190,170,215,422,7.03,5,5,176,0
210,190,170,215,443,7.03,5,4,176,0
200,180,180,215,464,7.03,15,4,176,-1
185,165,195,215,485,7.03,30,4,176,-1
170,150,210,215,506,7.03,45,4,176,-1
155,135,225,215,527,7.03,60,4,176,-1
150,130,230,215,548,7.03,65,4,176,0
150,130,230,215,569,7.03,65,5,176,0
150,130,230,215,590,7.03,65,5,176,0
150,130,230,215,611,7.03,65,5,176,0
150,130,230,205,494,7.24,55,5,176,0
150,130,230,205,515,7.24,55,4,176,0
150,130,230,205,536,7.24,55,4,176,0
150,130,230,205,557,7.24,55,5,176,0
150,130,230,205,578,7.24,55,5,176,0
150,130,230,205,599,7.24,55,5,177,0
150,130,230,205,620,7.24,55,5,177,0
150,130,230,205,641,7.24,55,5,177,0
150,130,230,108,435,8.08,-42,4,177,0
150,130,230,108,459,8.08,-42,4,177,0
155,135,225,108,483,8.08,-47,4,177,1
170,150,210,108,507,8.08,-62,4,177,1
185,165,195,108,531,8.08,-77,4,177,1
195,175,185,108,555,8.08,-87,4,177,0
195,175,185,108,579,8.08,-87,4,177,0
195,175,185,108,603,8.08,-87,4,177,0
195,175,185,137,470,8.28,-58,4,177,0
195,175,185,137,494,8.28,-58,5,177,0
195,175,185,137,518,8.28,-58,4,177,0
195,175,185,137,542,8.28,-58,4,177,0
210,190,170,137,566,8.28,-73,4,177,1
225,205,155,137,590,8.28,-88,4,177,1
235,215,145,137,614,8.28,-98,4,177,0
235,215,145,137,638,8.28,-98,5,177,0
235,215,145,26,497,7.65,-209,4,177,0
235,215,145,26,521,7.65,-209,4,178,0
235,215,145,26,545,7.65,-209,4,178,0
235,215,145,26,569,7.65,-209,4,178,0
235,215,145,26,593,7.65,-209,4,178,0
235,215,145,26,617,7.65,-209,4,178,0
235,215,145,26,641,7.65,-209,5,178,0
235,215,145,49,441,7.23,-186,4,178,0
235,215,145,49,462,7.23,-186,4,178,0
235,215,145,49,483,7.23,-186,4,178,0
235,215,145,49,504,7.23,-186,4,178,0
235,215,145,49,525,7.23,-186,4,178,0
235,215,145,49,546,7.23,-186,4,178,0
235,215,145,112,494,7.58,-123,5,178,0
235,215,145,112,518,7.58,-123,5,178,0
235,215,145,112,542,7.58,-123,5,178,0
235,215,145,112,566,7.58,-123,5,178,0
235,215,145,112,590,7.58,-123,5,178,0
235,215,145,112,614,7.58,-123,4,178,0
235,215,145,134,475,7.83,-101,5,178,0
235,215,145,134,499,7.83,-101,4,178,0
235,215,145,134,523,7.83,-101,4,179,0
235,215,145,134,547,7.83,-101,4,179,0
235,215,145,134,571,7.83,-101,4,179,0
235,215,145,134,595,7.83,-101,4,179,0
235,215,145,134,619,7.83,-101,4,179,0
235,215,145,134,643,7.83,-101,5,179,0
235,215,145,364,509,7.99,129,4,179,0
235,215,145,364,533,7.99,129,4,179,0
235,215,145,364,557,7.99,129,4,179,0
235,215,145,364,581,7.99,129,4,179,0
235,215,145,364,605,7.99,129,4,179,0
235,215,145,364,629,7.99,129,4,179,0
235,215,145,58,491,7.83,-177,4,179,0
235,215,145,58,515,7.83,-177,4,179,0
235,215,145,58,539,7.83,-177,4,179,0
235,215,145,58,563,7.83,-177,4,179,0
235,215,145,58,587,7.83,-177,4,179,0
235,215,145,58,611,7.83,-177,4,179,0
235,215,145,385,476,7.77,150,5,179,0
235,215,145,385,500,7.77,150,4,179,0
235,215,145,385,524,7.77,150,4,180,0
235,215,145,385,548,7.77,150,4,180,0
235,215,145,385,572,7.77,150,4,180,0
235,215,145,385,596,7.77,150,4,180,0
235,215,145,385,620,7.77,150,4,180,0
235,215,145,376,481,7.51,141,5,180,0
235,215,145,376,505,7.51,141,4,180,0
235,215,145,376,529,7.51,141,4,180,0
235,215,145,376,553,7.51,141,4,180,0
235,215,145,376,577,7.51,141,4,180,0
235,215,145,376,601,7.51,141,4,180,0
235,215,145,357,468,7.96,122,4,180,0
235,215,145,357,492,7.96,122,5,180,0
235,215,145,357,516,7.96,122,4,180,0
235,215,145,357,540,7.96,122,4,180,0
235,215,145,357,564,7.96,122,4,180,0
235,215,145,357,588,7.96,122,4,180,0
235,215,145,357,612,7.96,122,4,180,0
235,215,145,177,419,6.98,-58,5,180,0
235,215,145,177,440,6.98,-58,4,180,0
235,215,145,177,461,6.98,-58,4,181,0
235,215,145,177,482,6.98,-58,4,181,0
235,215,145,177,503,6.98,-58,4,181,0
245,225,135,177,524,6.98,-68,4,181,1
260,240,120,177,545,6.98,-83,4,181,1
270,250,110,177,566,6.98,-93,5,181,0
270,250,110,177,587,6.98,-93,5,181,0
270,250,110,177,608,6.98,-93,5,181,0
270,250,110,255,399,8.38,-15,5,181,0
270,250,110,255,423,8.38,-15,4,181,0
270,250,110,255,447,8.38,-15,4,181,0
280,260,100,255,471,8.38,-25,4,181,1
295,275,85,255,495,8.38,-40,5,181,1
310,290,70,255,519,8.38,-55,5,181,1
320,300,60,255,543,8.38,-65,5,181,0
320,300,60,255,567,8.38,-65,5,181,0
320,300,60,255,591,8.38,-65,4,181,0
320,300,60,255,615,8.38,-65,4,181,0
320,300,60,255,639,8.38,-65,5,181,0
320,300,60,229,497,7.84,-91,4,181,0
320,300,60,229,521,7.84,-91,4,182,0
320,300,60,229,545,7.84,-91,4,182,0
320,300,60,229,569,7.84,-91,4,182,0
320,300,60,229,593,7.84,-91,4,182,0
320,300,60,229,617,7.84,-91,4,182,0
320,300,60,229,641,7.84,-91,5,182,0
320,300,60,154,505,8.1,-166,4,182,0
320,300,60,154,529,8.1,-166,4,182,0
320,300,60,154,553,8.1,-166,4,182,0
320,300,60,154,577,8.1,-166,4,182,0
320,300,60,154,601,8.1,-166,4,182,0
320,300,60,154,625,8.1,-166,4,182,0
320,300,60,140,495,8.17,-180,5,182,0
320,300,60,140,519,8.17,-180,4,182,0
320,300,60,140,543,8.17,-180,4,182,0
320,300,60,140,567,8.17,-180,4,182,0
320,300,60,140,591,8.17,-180,4,182,0
320,300,60,140,615,8.17,-180,4,182,0
320,300,60,140,479,7.51,-180,5,182,0
320,300,60,140,503,7.51,-180,4,182,0
320,300,60,140,527,7.51,-180,4,183,0
320,300,60,140,551,7.51,-180,4,183,0
320,300,60,263,414,7.65,-57,4,183,0
320,300,60,263,438,7.65,-57,4,183,0
320,300,60,263,462,7.65,-57,4,183,0
320,300,60,263,486,7.65,-57,5,183,0
320,300,60,263,510,7.65,-57,4,183,0
320,300,60,263,534,7.65,-57,4,183,0
335,315,45,263,558,7.65,-72,4,183,1
350,330,30,263,582,7.65,-87,4,183,1
355,335,25,263,606,7.65,-92,4,183,0
355,335,25,263,630,7.65,-92,4,183,0
355,335,25,41,493,8.11,-314,4,183,0
355,335,25,41,517,8.11,-314,4,183,0
355,335,25,41,541,8.11,-314,4,183,0
355,335,25,41,565,8.11,-314,4,183,0
355,335,25,314,270,8.48,-41,4,183,0
355,335,25,314,294,8.48,-41,4,183,0
340,320,40,314,318,8.48,-26,5,183,-1
325,305,55,314,342,8.48,-11,4,183,-1
310,290,70,314,366,8.48,4,4,184,-1
295,275,85,314,390,8.48,19,4,184,-1
280,260,100,314,414,8.48,34,4,184,-1
265,245,115,314,438,8.48,49,4,184,-1
255,235,125,314,462,8.48,59,4,184,0
255,235,125,314,486,8.48,59,5,184,0
255,235,125,314,510,8.48,59,4,184,0
255,235,125,314,534,8.48,59,4,184,0
255,235,125,314,558,8.48,59,4,184,0
255,235,125,314,582,8.48,59,4,184,0
255,235,125,314,606,8.48,59,4,184,0
255,235,125,314,630,8.48,59,4,184,0
255,235,125,130,427,7.43,-125,4,184,0
255,235,125,130,448,7.43,-125,4,184,0
255,235,125,130,469,7.43,-125,4,184,0
255,235,125,130,490,7.43,-125,4,184,0
255,235,125,130,511,7.43,-125,4,184,0
255,235,125,130,532,7.43,-125,4,184,0
255,235,125,130,553,7.43,-125,5,184,0
255,235,125,130,574,7.43,-125,5,184,0
255,235,125,115,524,7.79,-140,5,185,0
255,235,125,115,548,7.79,-140,5,185,0
255,235,125,115,572,7.79,-140,5,185,0
255,235,125,115,596,7.79,-140,4,185,0
255,235,125,115,620,7.79,-140,4,185,0
255,235,125,115,644,7.79,-140,5,185,0
255,235,125,51,446,7.14,-204,4,185,0
255,235,125,51,467,7.14,-204,4,185,0
255,235,125,51,488,7.14,-204,4,185,0
255,235,125,51,509,7.14,-204,4,185,0
255,235,125,51,530,7.14,-204,4,185,0
255,235,125,51,551,7.14,-204,4,185,0
255,235,125,51,572,7.14,-204,5,185,0
255,235,125,75,517,8.1,-180,5,185,0
255,235,125,75,541,8.1,-180,5,185,0
255,235,125,75,565,8.1,-180,5,185,0
255,235,125,75,589,8.1,-180,4,185,0
255,235,125,116,454,8.17,-139,4,185,0
255,235,125,116,478,8.17,-139,5,185,0
255,235,125,116,502,8.17,-139,4,185,0
255,235,125,116,526,8.17,-139,4,186,0
255,235,125,116,550,8.17,-139,4,186,0
255,235,125,116,574,8.17,-139,4,186,0
255,235,125,116,598,8.17,-139,4,186,0
255,235,125,116,622,8.17,-139,4,186,0
255,235,125,116,646,8.17,-139,5,186,0
255,235,125,78,507,7.81,-177,4,186,0
255,235,125,78,531,7.81,-177,4,186,0
255,235,125,78,555,7.81,-177,4,186,0
255,235,125,78,579,7.81,-177,4,186,0
255,235,125,163,442,7.69,-92,4,186,0
255,235,125,163,466,7.69,-92,4,186,0
255,235,125,163,490,7.69,-92,5,186,0
255,235,125,163,514,7.69,-92,4,186,0
255,235,125,163,538,7.69,-92,4,186,0
255,235,125,163,562,7.69,-92,4,186,0
255,235,125,163,586,7.69,-92,4,186,0
255,235,125,163,610,7.69,-92,4,186,0
255,235,125,163,634,7.69,-92,5,186,0
255,235,125,94,498,8.07,-161,4,186,0
255,235,125,94,522,8.07,-161,4,187,0
255,235,125,94,546,8.07,-161,4,187,0
255,235,125,94,570,8.07,-161,4,187,0
255,235,125,272,378,7.35,17,4,187,0
255,235,125,272,399,7.35,17,4,187,0
255,235,125,272,420,7.35,17,5,187,0
255,235,125,272,441,7.35,17,4,187,0
255,235,125,272,462,7.35,17,4,187,0
245,225,135,272,483,7.35,27,4,187,-1
230,210,150,272,504,7.35,42,4,187,-1
215,195,165,272,525,7.35,57,4,187,-1
210,190,170,272,546,7.35,62,4,187,0
210,190,170,272,567,7.35,62,5,187,0
210,190,170,272,588,7.35,62,5,187,0
210,190,170,272,609,7.35,62,5,187,0
210,190,170,272,630,7.35,62,5,187,0
210,190,170,272,651,7.35,62,5,187,0
210,190,170,363,534,7.16,153,4,187,0
210,190,170,363,555,7.16,153,5,187,0
210,190,170,302,497,8.23,92,5,187,0
210,190,170,302,521,8.23,92,5,188,0
210,190,170,302,545,8.23,92,5,188,0
210,190,170,302,569,8.23,92,5,188,0
210,190,170,302,593,8.23,92,4,188,0
210,190,170,162,463,7.52,-48,4,188,0
210,190,170,162,487,7.52,-48,5,188,0
210,190,170,162,511,7.52,-48,4,188,0
220,200,160,162,535,7.52,-58,4,188,1
235,215,145,162,559,7.52,-73,4,188,1
240,220,140,162,583,7.52,-78,4,188,0
240,220,140,162,607,7.52,-78,4,188,0
235,215,145,162,631,7.52,-73,4,188,-1
220,200,160,257,429,7.34,37,4,188,-1
205,185,175,257,450,7.34,52,4,188,-1
190,170,190,257,471,7.34,67,4,188,-1
175,155,205,257,492,7.34,82,4,188,-1
160,140,220,226,487,8.61,66,4,188,-1
145,125,235,226,514,8.61,81,4,188,-1
140,120,240,226,541,8.61,86,5,188,0
140,120,240,226,568,8.61,86,5,188,0
140,120,240,226,595,8.61,86,5,189,0
140,120,240,226,622,8.61,86,5,189,0
140,120,240,93,416,8.22,-47,4,189,0
140,120,240,93,440,8.22,-47,3,189,0
140,120,240,93,464,8.22,-47,3,189,0
145,125,235,93,488,8.22,-52,4,189,1
160,140,220,93,512,8.22,-67,4,189,1
175,155,205,93,536,8.22,-82,4,189,1
175,155,205,93,560,8.22,-82,4,189,0
175,155,205,93,584,8.22,-82,4,189,0
175,155,205,93,608,8.22,-82,4,189,0
175,155,205,236,469,7.55,61,4,189,0
175,155,205,236,493,7.55,61,4,189,0
175,155,205,236,517,7.55,61,4,189,0
175,155,205,236,541,7.55,61,4,189,0
175,155,205,236,565,7.55,61,4,189,0
175,155,205,236,589,7.55,61,4,189,0
175,155,205,236,613,7.55,61,4,189,0
175,155,205,236,637,7.55,61,5,189,0
175,155,205,10,504,8.07,-165,4,189,0
175,155,205,10,528,8.07,-165,4,190,0
175,155,205,10,552,8.07,-165,4,190,0
175,155,205,145,409,8.23,-30,4,190,0
175,155,205,145,433,8.23,-30,4,190,0
180,160,200,145,457,8.23,-35,4,190,1
195,175,185,145,481,8.23,-50,4,190,1
210,190,170,145,505,8.23,-65,4,190,1
220,200,160,145,529,8.23,-75,4,190,0
220,200,160,145,553,8.23,-75,4,190,0
220,200,160,145,577,8.23,-75,4,190,0
220,200,160,145,601,8.23,-75,4,190,0
220,200,160,145,625,8.23,-75,4,190,0
220,200,160,145,649,8.23,-75,5,190,0
220,200,160,96,517,7.65,-124,4,190,0
220,200,160,96,541,7.65,-124,4,190,0
220,200,160,96,565,7.65,-124,4,190,0
220,200,160,96,589,7.65,-124,4,190,0
220,200,160,96,613,7.65,-124,4,190,0
220,200,160,93,474,8.22,-127,5,190,0
220,200,160,93,498,8.22,-127,4,190,0
220,200,160,93,522,8.22,-127,4,191,0
220,200,160,93,546,8.22,-127,4,191,0
220,200,160,93,570,8.22,-127,4,191,0
220,200,160,93,594,8.22,-127,4,191,0
220,200,160,93,618,8.22,-127,4,191,0
220,200,160,99,483,7.81,-121,5,191,0
220,200,160,99,507,7.81,-121,4,191,0
220,200,160,99,531,7.81,-121,4,191,0
220,200,160,99,555,7.81,-121,4,191,0
220,200,160,99,579,7.81,-121,4,191,0
220,200,160,99,603,7.81,-121,4,191,0
220,200,160,99,627,7.81,-121,4,191,0
220,200,160,99,651,7.81,-121,5,191,0
220,200,160,64,448,7.34,-156,4,191,0
220,200,160,64,469,7.34,-156,4,191,0
220,200,160,64,490,7.34,-156,4,191,0
220,200,160,64,511,7.34,-156,4,191,0
220,200,160,64,532,7.34,-156,4,191,0
220,200,160,64,553,7.34,-156,5,191,0
220,200,160,64,574,7.34,-156,5,191,0
220,200,160,325,460,7.25,105,5,192,0
220,200,160,325,481,7.25,105,5,192,0
220,200,160,325,502,7.25,105,5,192,0
220,200,160,325,523,7.25,105,4,192,0
220,200,160,325,544,7.25,105,4,192,0
220,200,160,325,565,7.25,105,5,192,0
220,200,160,131,511,7.59,-89,5,192,0
220,200,160,131,535,7.59,-89,5,192,0
220,200,160,131,559,7.59,-89,5,192,0
220,200,160,131,583,7.59,-89,4,192,0
220,200,160,131,607,7.59,-89,4,192,0
220,200,160,131,631,7.59,-89,4,192,0
220,200,160,368,495,7.81,148,4,192,0
220,200,160,368,519,7.81,148,4,192,0
220,200,160,368,543,7.81,148,4,192,0
220,200,160,368,567,7.81,148,4,192,0
220,200,160,368,591,7.81,148,4,192,0
220,200,160,368,615,7.81,148,4,192,0
220,200,160,335,475,8.39,115,5,192,0
220,200,160,335,499,8.39,115,4,192,0
220,200,160,335,523,8.39,115,4,193,0
220,200,160,335,547,8.39,115,4,193,0
220,200,160,335,571,8.39,115,4,193,0
220,200,160,335,595,8.39,115,4,193,0
220,200,160,335,619,8.39,115,4,193,0
220,200,160,179,423,7.42,-41,5,193,0
220,200,160,179,444,7.42,-41,4,193,0
220,200,160,179,465,7.42,-41,4,193,0
230,210,150,179,486,7.42,-51,4,193,1
245,225,135,179,507,7.42,-66,4,193,1
260,240,120,179,528,7.42,-81,4,193,1
260,240,120,179,549,7.42,-81,4,193,0
260,240,120,179,570,7.42,-81,5,193,0
260,240,120,179,591,7.42,-81,5,193,0
260,240,120,179,612,7.42,-81,5,193,0
260,240,120,179,633,7.42,-81,5,193,0
260,240,120,336,430,7.53,76,3,193,0
260,240,120,336,454,7.53,76,3,193,0
260,240,120,336,478,7.53,76,4,193,0
260,240,120,336,502,7.53,76,4,193,0
260,240,120,336,526,7.53,76,4,194,0
260,240,120,336,550,7.53,76,4,194,0
260,240,120,336,574,7.53,76,4,194,0
260,240,120,336,598,7.53,76,4,194,0
260,240,120,336,622,7.53,76,4,194,0
260,240,120,336,646,7.53,76,5,194,0
260,240,120,150,506,7.56,-110,4,194,0
260,240,120,150,530,7.56,-110,4,194,0
260,240,120,150,554,7.56,-110,4,194,0
260,240,120,150,578,7.56,-110,4,194,0
260,240,120,217,442,8.24,-43,4,194,0
260,240,120,217,466,8.24,-43,4,194,0
270,250,110,217,490,8.24,-53,5,194,1
285,265,95,217,514,8.24,-68,4,194,1
290,270,90,217,538,8.24,-73,4,194,0
290,270,90,217,562,8.24,-73,4,194,0
290,270,90,217,586,8.24,-73,4,194,0
280,260,100,217,610,8.24,-63,4,194,-1
265,245,115,217,634,8.24,-48,5,194,-1
250,230,130,345,503,8.33,95,4,194,-1
240,220,140,345,527,8.33,105,4,195,0
240,220,140,345,551,8.33,105,4,195,0
240,220,140,345,575,8.33,105,4,195,0
240,220,140,345,599,8.33,105,4,195,0
240,220,140,345,623,8.33,105,4,195,0
240,220,140,305,426,7.47,65,5,195,0
240,220,140,305,447,7.47,65,4,195,0
240,220,140,305,468,7.47,65,4,195,0
240,220,140,305,489,7.47,65,4,195,0
240,220,140,305,510,7.47,65,4,195,0
240,220,140,305,531,7.47,65,4,195,0
240,220,140,305,552,7.47,65,4,195,0
240,220,140,305,573,7.47,65,5,195,0
240,220,140,305,594,7.47,65,5,195,0
240,220,140,338,542,8.42,98,5,195,0
240,220,140,338,566,8.42,98,5,195,0
240,220,140,338,590,8.42,98,4,195,0
240,220,140,338,614,8.42,98,4,195,0
240,220,140,338,638,8.42,98,5,195,0
240,220,140,111,502,7.96,-129,4,195,0
240,220,140,111,526,7.96,-129,4,196,0
240,220,140,111,550,7.96,-129,4,196,0
240,220,140,111,574,7.96,-129,4,196,0
240,220,140,111,598,7.96,-129,4,196,0
240,220,140,170,463,7.82,-70,4,196,0
240,220,140,170,487,7.82,-70,5,196,0
240,220,140,170,511,7.82,-70,4,196,0
240,220,140,170,535,7.82,-70,4,196,0
240,220,140,170,559,7.82,-70,4,196,0
240,220,140,170,583,7.82,-70,4,196,0
240,220,140,170,607,7.82,-70,4,196,0
240,220,140,335,532,8.84,95,4,196,0
240,220,140,335,559,8.84,95,4,196,0
240,220,140,335,586,8.84,95,4,196,0
240,220,140,335,613,8.84,95,4,196,0
240,220,140,335,640,8.84,95,4,196,0
240,220,140,145,427,7.9,-95,3,196,0
240,220,140,145,451,7.9,-95,3,196,0
240,220,140,145,475,7.9,-95,4,196,0
240,220,140,145,499,7.9,-95,4,196,0
240,220,140,145,523,7.9,-95,4,197,0
240,220,140,145,547,7.9,-95,4,197,0
240,220,140,145,571,7.9,-95,4,197,0
240,220,140,145,595,7.9,-95,4,197,0
240,220,140,145,619,7.9,-95,4,197,0
240,220,140,145,643,7.9,-95,5,197,0
240,220,140,365,505,8.16,125,4,197,0
240,220,140,365,529,8.16,125,4,197,0
240,220,140,365,553,8.16,125,4,197,0
240,220,140,365,577,8.16,125,4,197,0
240,220,140,275,446,7.77,35,4,197,0
230,210,150,275,470,7.77,45,4,197,-1
215,195,165,275,494,7.77,60,5,197,-1
200,180,180,275,518,7.77,75,4,197,-1
185,165,195,275,542,7.77,90,4,197,-1
185,165,195,275,566,7.77,90,4,197,0
185,165,195,275,590,7.77,90,4,197,0
185,165,195,275,614,7.77,90,4,197,0
185,165,195,275,638,7.77,90,5,197,0
185,165,195,67,503,8.29,-118,4,197,0
185,165,195,67,527,8.29,-118,4,198,0
185,165,195,67,551,8.29,-118,4,198,0
185,165,195,67,575,8.29,-118,4,198,0
185,165,195,67,599,8.29,-118,4,198,0
185,165,195,67,623,8.29,-118,4,198,0
185,165,195,317,483,7.89,132,5,198,0
185,165,195,317,507,7.89,132,4,198,0
185,165,195,317,531,7.89,132,4,198,0
185,165,195,317,555,7.89,132,4,198,0
185,165,195,317,579,7.89,132,4,198,0
185,165,195,317,603,7.89,132,4,198,0
185,165,195,47,529,8.64,-138,4,198,0
185,165,195,47,556,8.64,-138,5,198,0
185,165,195,47,583,8.64,-138,4,198,0
185,165,195,47,610,8.64,-138,4,198,0
185,165,195,62,455,8.59,-123,4,198,0
185,165,195,62,482,8.59,-123,3,198,0
185,165,195,62,509,8.59,-123,3,198,0
185,165,195,62,536,8.59,-123,4,198,0
185,165,195,62,563,8.59,-123,4,198,0
185,165,195,62,590,8.59,-123,4,199,0
185,165,195,62,617,8.59,-123,4,199,0
185,165,195,62,644,8.59,-123,4,199,0
185,165,195,332,440,7.72,147,3,199,0
185,165,195,332,464,7.72,147,3,199,0
185,165,195,332,488,7.72,147,4,199,0
185,165,195,332,512,7.72,147,4,199,0
185,165,195,332,536,7.72,147,4,199,0
185,165,195,332,560,7.72,147,4,199,0
185,165,195,283,477,8.91,98,4,199,0
185,165,195,283,504,8.91,98,4,199,0
185,165,195,283,531,8.91,98,4,199,0
185,165,195,283,558,8.91,98,4,199,0
185,165,195,283,585,8.91,98,4,199,0
185,165,195,283,612,8.91,98,4,199,0
185,165,195,178,407,7.93,-7,4,199,0
185,165,195,178,431,7.93,-7,3,199,0
190,170,190,178,455,7.93,-12,3,199,1
205,185,175,178,479,7.93,-27,4,199,1
220,200,160,178,503,7.93,-42,4,199,1
235,215,145,178,527,7.93,-57,4,200,1
235,215,145,178,551,7.93,-57,4,200,0
235,215,145,178,575,7.93,-57,4,200,0
235,215,145,178,599,7.93,-57,4,200,0
235,215,145,178,623,7.93,-57,4,200,0
235,215,145,178,647,7.93,-57,5,200,0
235,215,145,316,395,8.89,81,4,200,0
235,215,145,316,422,8.89,81,4,200,0
235,215,145,316,449,8.89,81,4,200,0
235,215,145,316,476,8.89,81,4,200,0
235,215,145,316,503,8.89,81,4,200,0
235,215,145,316,530,8.89,81,4,200,0
235,215,145,316,557,8.89,81,5,200,0
235,215,145,316,584,8.89,81,4,200,0
235,215,145,316,611,8.89,81,4,200,0
235,215,145,316,638,8.89,81,4,200,0
235,215,145,362,480,8.65,127,3,200,0
235,215,145,362,507,8.65,127,3,200,0
235,215,145,362,534,8.65,127,4,200,0
235,215,145,362,561,8.65,127,4,200,0
235,215,145,252,408,8.97,17,4,201,0
225,205,155,252,435,8.97,27,4,201,-1
210,190,170,252,462,8.97,42,4,201,-1
195,175,185,252,489,8.97,57,3,201,-1
180,160,200,252,516,8.97,72,3,201,-1
180,160,200,252,543,8.97,72,4,201,0
180,160,200,252,570,8.97,72,4,201,0
185,165,195,252,597,8.97,67,4,201,1
200,180,180,252,624,8.97,52,4,201,1
215,195,165,252,651,8.97,37,4,201,1
230,210,150,201,444,8.2,-29,3,201,1
245,225,135,201,468,8.2,-44,3,201,1
260,240,120,201,492,8.2,-59,4,201,1
275,255,105,201,516,8.2,-74,4,201,1
290,270,90,201,540,8.2,-89,4,201,1
295,275,85,201,564,8.2,-94,4,201,0
295,275,85,201,588,8.2,-94,4,201,0
295,275,85,201,612,8.2,-94,4,201,0
295,275,85,217,473,8.02,-78,5,201,0
295,275,85,217,497,8.02,-78,4,201,0
295,275,85,217,521,8.02,-78,4,202,0
295,275,85,217,545,8.02,-78,4,202,0
295,275,85,217,569,8.02,-78,4,202,0
295,275,85,217,593,8.02,-78,4,202,0
295,275,85,217,617,8.02,-78,4,202,0
295,275,85,362,482,8.39,67,5,202,0
295,275,85,362,506,8.39,67,4,202,0
295,275,85,362,530,8.39,67,4,202,0
295,275,85,362,554,8.39,67,4,202,0
295,275,85,362,578,8.39,67,4,202,0
290,270,90,362,602,8.39,72,4,202,-1
275,255,105,319,469,8.36,44,4,202,-1
260,240,120,319,493,8.36,59,5,202,-1
250,230,130,319,517,8.36,69,4,202,0
250,230,130,319,541,8.36,69,4,202,0
250,230,130,319,565,8.36,69,4,202,0
250,230,130,319,589,8.36,69,4,202,0
250,230,130,319,613,8.36,69,4,202,0
250,230,130,310,473,7.56,60,5,202,0
250,230,130,310,497,7.56,60,4,202,0
250,230,130,310,521,7.56,60,4,203,0
250,230,130,310,545,7.56,60,4,203,0
250,230,130,310,569,7.56,60,4,203,0
250,230,130,310,593,7.56,60,4,203,0
250,230,130,310,617,7.56,60,4,203,0
250,230,130,310,641,7.56,60,5,203,0
250,230,130,358,505,8.45,108,4,203,0
250,230,130,358,529,8.45,108,4,203,0
250,230,130,358,553,8.45,108,4,203,0
250,230,130,358,577,8.45,108,4,203,0
250,230,130,358,601,8.45,108,4,203,0
250,230,130,358,625,8.45,108,4,203,0
250,230,130,358,649,8.45,108,5,203,0
250,230,130,23,584,9.05,-227,4,203,0
250,230,130,140,381,7.57,-110,4,203,0
250,230,130,140,405,7.57,-110,4,203,0
250,230,130,140,429,7.57,-110,3,203,0
250,230,130,140,453,7.57,-110,3,203,0
250,230,130,140,477,7.57,-110,4,203,0
250,230,130,140,501,7.57,-110,4,203,0
250,230,130,140,525,7.57,-110,4,204,0
250,230,130,140,549,7.57,-110,4,204,0
250,230,130,140,573,7.57,-110,4,204,0
250,230,130,140,597,7.57,-110,4,204,0
250,230,130,140,621,7.57,-110,4,204,0
250,230,130,371,485,7.7,121,5,204,0
250,230,130,371,509,7.7,121,4,204,0
250,230,130,371,533,7.7,121,4,204,0
250,230,130,371,557,7.7,121,4,204,0
250,230,130,371,581,7.7,121,4,204,0
250,230,130,371,605,7.7,121,4,204,0
250,230,130,371,629,7.7,121,4,204,0
250,230,130,117,492,7.93,-133,4,204,0
250,230,130,117,516,7.93,-133,4,204,0
250,230,130,117,540,7.93,-133,4,204,0
250,230,130,117,564,7.93,-133,4,204,0
250,230,130,228,430,8.04,-22,4,204,0
255,235,125,228,454,8.04,-27,4,204,1
270,250,110,228,478,8.04,-42,5,204,1
285,265,95,228,502,8.04,-57,4,204,1
290,270,90,228,526,8.04,-62,4,205,0
290,270,90,228,550,8.04,-62,4,205,0
290,270,90,228,574,8.04,-62,4,205,0
290,270,90,228,598,8.04,-62,4,205,0
290,270,90,228,622,8.04,-62,4,205,0
290,270,90,228,646,8.04,-62,5,205,0
290,270,90,160,505,7.97,-130,4,205,0
290,270,90,160,529,7.97,-130,4,205,0
290,270,90,160,553,7.97,-130,4,205,0
290,270,90,160,577,7.97,-130,4,205,0
290,270,90,262,441,7.77,-28,4,205,0
290,270,90,262,465,7.77,-28,4,205,0
300,280,80,262,489,7.77,-38,5,205,1
315,295,65,262,513,7.77,-53,4,205,1
325,305,55,262,537,7.77,-63,4,205,0
310,290,70,262,561,7.77,-48,4,205,-1
295,275,85,262,585,7.77,-33,4,205,-1
280,260,100,262,609,7.77,-18,4,205,-1
265,245,115,262,633,7.77,-3,5,205,-1
250,230,130,324,502,8.25,74,4,205,-1
235,215,145,324,526,8.25,89,4,206,-1
235,215,145,324,550,8.25,89,4,206,0
235,215,145,324,574,8.25,89,4,206,0
235,215,145,324,598,8.25,89,4,206,0
235,215,145,324,622,8.25,89,4,206,0
235,215,145,324,646,8.25,89,5,206,0
235,215,145,368,511,7.78,133,4,206,0
235,215,145,368,535,7.78,133,4,206,0
235,215,145,368,559,7.78,133,4,206,0
235,215,145,233,423,7.73,-2,4,206,0
250,230,130,233,447,7.73,-17,4,206,1
265,245,115,233,471,7.73,-32,4,206,1
280,260,100,233,495,7.73,-47,4,206,1
295,275,85,233,519,7.73,-62,4,206,1
310,290,70,233,543,7.73,-77,4,206,1
315,295,65,233,567,7.73,-82,4,206,0
315,295,65,233,591,7.73,-82,4,206,0
315,295,65,233,615,7.73,-82,4,206,0
315,295,65,233,639,7.73,-82,5,206,0
315,295,65,49,500,8.2,-266,4,206,0
315,295,65,49,524,8.2,-266,4,207,0
315,295,65,49,548,8.2,-266,4,207,0
315,295,65,310,283,8.7,-5,4,207,0
315,295,65,310,310,8.7,-5,4,207,0
315,295,65,310,337,8.7,-5,4,207,0
315,295,65,310,364,8.7,-5,5,207,0
315,295,65,310,391,8.7,-5,4,207,0
305,285,75,310,418,8.7,5,4,207,-1
290,270,90,310,445,8.7,20,4,207,-1
275,255,105,310,472,8.7,35,3,207,-1
260,240,120,310,499,8.7,50,3,207,-1
250,230,130,310,526,8.7,60,3,207,0
250,230,130,310,553,8.7,60,4,207,0
250,230,130,310,580,8.7,60,4,207,0
250,230,130,310,607,8.7,60,4,207,0
250,230,130,310,634,8.7,60,4,207,0
250,230,130,153,487,9.02,-97,3,207,0
250,230,130,153,514,9.02,-97,3,207,0
250,230,130,153,541,9.02,-97,4,207,0
250,230,130,153,568,9.02,-97,4,207,0
250,230,130,153,595,9.02,-97,4,208,0
250,230,130,153,622,9.02,-97,4,208,0
250,230,130,180,416,8.41,-70,3,208,0
250,230,130,180,440,8.41,-70,3,208,0
250,230,130,180,464,8.41,-70,3,208,0
250,230,130,180,488,8.41,-70,4,208,0
250,230,130,180,512,8.41,-70,4,208,0
250,230,130,180,536,8.41,-70,4,208,0
250,230,130,180,560,8.41,-70,4,208,0
250,230,130,180,584,8.41,-70,4,208,0
250,230,130,180,608,8.41,-70,4,208,0
250,230,130,180,632,8.41,-70,4,208,0
250,230,130,55,554,8.81,-195,4,208,0
250,230,130,55,581,8.81,-195,4,208,0
250,230,130,55,608,8.81,-195,4,208,0
250,230,130,55,635,8.81,-195,4,208,0
250,230,130,42,426,8.46,-208,3,208,0
250,230,130,42,450,8.46,-208,3,208,0
250,230,130,42,474,8.46,-208,4,208,0
250,230,130,42,498,8.46,-208,4,208,0
250,230,130,42,522,8.46,-208,4,209,0
250,230,130,42,546,8.46,-208,4,209,0
250,230,130,42,570,8.46,-208,4,209,0
250,230,130,42,594,8.46,-208,4,209,0
250,230,130,274,299,7.79,24,4,209,0
250,230,130,274,323,7.79,24,5,209,0
250,230,130,274,347,7.79,24,4,209,0
250,230,130,274,371,7.79,24,4,209,0
250,230,130,274,395,7.79,24,4,209,0
250,230,130,274,419,7.79,24,4,209,0
250,230,130,274,443,7.79,24,4,209,0
245,225,135,274,467,7.79,29,4,209,-1
230,210,150,274,491,7.79,44,4,209,-1
215,195,165,274,515,7.79,59,4,209,-1
205,185,175,274,539,7.79,69,4,209,0
205,185,175,274,563,7.79,69,4,209,0
205,185,175,274,587,7.79,69,4,209,0
205,185,175,274,611,7.79,69,4,209,0
205,185,175,140,474,8.05,-65,5,209,0
210,190,170,140,498,8.05,-70,4,209,1
225,205,155,140,522,8.05,-85,4,210,1
240,220,140,140,546,8.05,-100,4,210,1
255,235,125,208,466,9.2,-47,4,210,1
270,250,110,208,493,9.2,-62,4,210,1
270,250,110,208,520,9.2,-62,4,210,0
270,250,110,208,547,9.2,-62,5,210,0
270,250,110,208,574,9.2,-62,4,210,0
270,250,110,208,601,9.2,-62,4,210,0
270,250,110,208,628,9.2,-62,4,210,0
270,250,110,147,472,8.57,-123,3,210,0
270,250,110,147,499,8.57,-123,3,210,0
270,250,110,147,526,8.57,-123,3,210,0
270,250,110,147,553,8.57,-123,4,210,0
270,250,110,147,580,8.57,-123,4,210,0
270,250,110,323,433,8.68,53,4,210,0
270,250,110,323,460,8.68,53,4,210,0
265,245,115,323,487,8.68,58,3,210,-1
250,230,130,323,514,8.68,73,3,210,-1
235,215,145,323,541,8.68,88,4,210,-1
230,210,150,323,568,8.68,93,4,210,0
230,210,150,323,595,8.68,93,4,211,0
230,210,150,323,622,8.68,93,4,211,0
230,210,150,139,465,8.71,-91,3,211,0
230,210,150,139,492,8.71,-91,3,211,0
230,210,150,139,519,8.71,-91,3,211,0
230,210,150,139,546,8.71,-91,4,211,0
230,210,150,139,573,8.71,-91,4,211,0
225,205,155,139,600,8.71,-86,4,211,-1
210,190,170,252,447,8.77,42,4,211,-1
195,175,185,252,474,8.77,57,3,211,-1
180,160,200,252,501,8.77,72,3,211,-1
170,150,210,252,528,8.77,82,3,211,0
170,150,210,252,555,8.77,82,4,211,0
170,150,210,252,582,8.77,82,4,211,0
170,150,210,252,609,8.77,82,4,211,0
170,150,210,252,636,8.77,82,4,211,0
170,150,210,42,483,9.12,-128,3,211,0
170,150,210,42,510,9.12,-128,3,211,0
170,150,210,42,537,9.12,-128,4,211,0
170,150,210,42,564,9.12,-128,4,211,0
170,150,210,42,591,9.12,-128,4,212,0
170,150,210,103,435,8.62,-67,4,212,0
170,150,210,103,462,8.62,-67,4,212,0
170,150,210,103,489,8.62,-67,3,212,0
170,150,210,103,516,8.62,-67,3,212,0
170,150,210,103,543,8.62,-67,4,212,0
170,150,210,103,570,8.62,-67,4,212,0
170,150,210,103,597,8.62,-67,4,212,0
170,150,210,103,624,8.62,-67,4,212,0
170,150,210,103,651,8.62,-67,4,212,0
170,150,210,368,502,8.7,198,3,212,0
170,150,210,368,529,8.7,198,3,212,0
170,150,210,191,372,9.17,21,4,212,0
170,150,210,191,399,9.17,21,4,212,0
160,140,220,191,426,9.17,31,4,212,-1
145,125,235,191,453,9.17,46,4,212,-1
130,110,250,191,480,9.17,61,3,212,-1
120,100,260,191,507,9.17,71,3,212,0
120,100,260,191,534,9.17,71,4,212,0
120,100,260,191,561,9.17,71,4,212,0
120,100,260,191,588,9.17,71,4,213,0
120,100,260,191,615,9.17,71,4,213,0
120,100,260,191,642,9.17,71,4,213,0
120,100,260,109,311,8.77,-11,3,213,0
120,100,260,109,338,8.77,-11,3,213,0
120,100,260,109,365,8.77,-11,4,213,0
120,100,260,109,392,8.77,-11,4,213,0
120,100,260,109,419,8.77,-11,4,213,0
125,105,255,109,446,8.77,-16,4,213,1
140,120,240,109,473,8.77,-31,4,213,1
155,135,225,109,500,8.77,-46,4,213,1
170,150,210,109,527,8.77,-61,4,213,1
170,150,210,109,554,8.77,-61,5,213,0
170,150,210,109,581,8.77,-61,4,213,0
170,150,210,109,608,8.77,-61,4,213,0
170,150,210,133,460,9.1,-37,4,213,0
170,150,210,133,487,9.1,-37,3,213,0
180,160,200,133,514,9.1,-47,3,213,1
195,175,185,133,541,9.1,-62,4,213,1
210,190,170,133,568,9.1,-77,4,213,1
220,200,160,133,595,9.1,-87,4,214,0
220,200,160,133,622,9.1,-87,4,214,0
220,200,160,185,411,8.05,-35,3,214,0
220,200,160,185,435,8.05,-35,3,214,0
220,200,160,185,459,8.05,-35,3,214,0
225,205,155,185,483,8.05,-40,4,214,1
240,220,140,185,507,8.05,-55,4,214,1
255,235,125,185,531,8.05,-70,4,214,1
260,240,120,185,555,8.05,-75,4,214,0
260,240,120,185,579,8.05,-75,4,214,0
260,240,120,198,500,8.69,-62,4,214,0
260,240,120,198,527,8.69,-62,4,214,0
260,240,120,198,554,8.69,-62,5,214,0
260,240,120,198,581,8.69,-62,4,214,0
260,240,120,198,608,8.69,-62,4,214,0
260,240,120,198,635,8.69,-62,4,214,0
260,240,120,253,271,8.22,-7,3,214,0
260,240,120,253,295,8.22,-7,3,214,0
260,240,120,253,319,8.22,-7,4,214,0
260,240,120,253,343,8.22,-7,4,214,0
260,240,120,253,367,8.22,-7,4,215,0
255,235,125,253,391,8.22,-2,4,215,-1
240,220,140,253,415,8.22,13,4,215,-1
225,205,155,253,439,8.22,28,4,215,-1
210,190,170,253,463,8.22,43,4,215,-1
195,175,185,253,487,8.22,58,5,215,-1
180,160,200,253,511,8.22,73,4,215,-1
170,150,210,253,535,8.22,83,4,215,0
170,150,210,253,559,8.22,83,4,215,0
170,150,210,253,583,8.22,83,4,215,0
170,150,210,243,503,8.7,73,4,215,0
170,150,210,243,530,8.7,73,4,215,0
170,150,210,243,557,8.7,73,4,215,0
170,150,210,243,584,8.7,73,4,215,0
170,150,210,243,611,8.7,73,4,215,0
170,150,210,119,457,8.61,-51,4,215,0
170,150,210,119,484,8.61,-51,3,215,0
180,160,200,119,511,8.61,-61,3,215,1
195,175,185,119,538,8.61,-76,4,215,1
210,190,170,119,565,8.61,-91,4,215,1
210,190,170,119,592,8.61,-91,4,216,0
210,190,170,119,619,8.61,-91,4,216,0
210,190,170,119,646,8.61,-91,4,216,0
210,190,170,41,439,8.38,-169,3,216,0
210,190,170,41,463,8.38,-169,3,216,0
210,190,170,41,487,8.38,-169,4,216,0
210,190,170,41,511,8.38,-169,4,216,0
210,190,170,41,535,8.38,-169,4,216,0
210,190,170,41,559,8.38,-169,4,216,0
210,190,170,41,583,8.38,-169,4,216,0
210,190,170,41,607,8.38,-169,4,216,0
210,190,170,83,466,7.92,-127,4,216,0
210,190,170,83,490,7.92,-127,4,216,0
210,190,170,83,514,7.92,-127,4,216,0
210,190,170,83,538,7.92,-127,4,216,0
210,190,170,83,562,7.92,-127,4,216,0
210,190,170,83,586,7.92,-127,4,216,0
210,190,170,338,507,8.58,128,4,216,0
210,190,170,338,534,8.58,128,5,216,0
210,190,170,338,561,8.58,128,4,216,0
210,190,170,338,588,8.58,128,4,217,0
210,190,170,148,441,9.23,-62,4,217,0
210,190,170,148,468,9.23,-62,4,217,0
210,190,170,148,495,9.23,-62,3,217,0
210,190,170,148,522,9.23,-62,3,217,0
210,190,170,148,549,9.23,-62,4,217,0
210,190,170,148,576,9.23,-62,4,217,0
210,190,170,148,603,9.23,-62,4,217,0
210,190,170,148,630,9.23,-62,4,217,0
210,190,170,351,477,9.1,141,3,217,0
210,190,170,351,504,9.1,141,3,217,0
210,190,170,351,531,9.1,141,3,217,0
210,190,170,351,558,9.1,141,4,217,0
210,190,170,351,585,9.1,141,4,217,0
210,190,170,351,612,9.1,141,4,217,0
210,190,170,161,404,8.39,-49,4,217,0
210,190,170,161,428,8.39,-49,3,217,0
210,190,170,161,452,8.39,-49,3,217,0
210,190,170,161,476,8.39,-49,4,217,0
210,190,170,161,500,8.39,-49,4,217,0
210,190,170,161,524,8.39,-49,4,218,0
210,190,170,161,548,8.39,-49,4,218,0
210,190,170,161,572,8.39,-49,4,218,0
210,190,170,161,596,8.39,-49,4,218,0
220,200,160,198,464,8.12,-22,4,218,1
235,215,145,198,488,8.12,-37,5,218,1
245,225,135,198,512,8.12,-47,4,218,0
245,225,135,198,536,8.12,-47,4,218,0
245,225,135,198,560,8.12,-47,4,218,0
245,225,135,198,584,8.12,-47,4,218,0
245,225,135,198,608,8.12,-47,4,218,0
245,225,135,198,632,8.12,-47,4,218,0
245,225,135,328,495,8.29,83,4,218,0
245,225,135,328,519,8.29,83,4,218,0
245,225,135,328,543,8.29,83,4,218,0
245,225,135,328,567,8.29,83,4,218,0
245,225,135,328,591,8.29,83,4,218,0
245,225,135,328,615,8.29,83,4,218,0
245,225,135,356,539,8.68,111,5,218,0
245,225,135,356,566,8.68,111,4,218,0
245,225,135,356,593,8.68,111,4,219,0
245,225,135,356,620,8.68,111,4,219,0
245,225,135,356,647,8.68,111,4,219,0
245,225,135,54,435,8.09,-191,3,219,0
245,225,135,54,459,8.09,-191,3,219,0
245,225,135,54,483,8.09,-191,4,219,0
245,225,135,54,507,8.09,-191,4,219,0
245,225,135,54,531,8.09,-191,4,219,0
245,225,135,54,555,8.09,-191,4,219,0
245,225,135,113,473,9.01,-132,4,219,0
245,225,135,113,500,9.01,-132,4,219,0
245,225,135,113,527,9.01,-132,4,219,0
245,225,135,113,554,9.01,-132,5,219,0
245,225,135,113,581,9.01,-132,4,219,0
245,225,135,113,608,9.01,-132,4,219,0
245,225,135,360,459,8.78,115,4,219,0
245,225,135,360,486,8.78,115,3,219,0
245,225,135,360,513,8.78,115,3,219,0
245,225,135,360,540,8.78,115,4,219,0
245,225,135,360,567,8.78,115,4,219,0
245,225,135,360,594,8.78,115,4,220,0
245,225,135,241,386,8.07,-4,4,220,0
245,225,135,241,410,8.07,-4,4,220,0
235,215,145,241,434,8.07,6,3,220,-1
220,200,160,241,458,8.07,21,3,220,-1
205,185,175,241,482,8.07,36,4,220,-1
190,170,190,241,506,8.07,51,4,220,-1
185,165,195,241,530,8.07,56,4,220,0
185,165,195,241,554,8.07,56,4,220,0
185,165,195,241,578,8.07,56,4,220,0
185,165,195,241,602,8.07,56,4,220,0
185,165,195,241,626,8.07,56,4,220,0
185,165,195,241,650,8.07,56,5,220,0
185,165,195,381,584,8.54,196,4,220,0
185,165,195,381,611,8.54,196,4,220,0
185,165,195,381,638,8.54,196,4,220,0
185,165,195,340,425,8.49,155,3,220,0
185,165,195,340,449,8.49,155,3,220,0
185,165,195,340,473,8.49,155,4,220,0
185,165,195,340,497,8.49,155,4,220,0
185,165,195,340,521,8.49,155,4,221,0
185,165,195,340,545,8.49,155,4,221,0
185,165,195,340,569,8.49,155,4,221,0
185,165,195,48,495,9.09,-137,4,221,0
185,165,195,48,522,9.09,-137,4,221,0
185,165,195,48,549,9.09,-137,5,221,0
185,165,195,186,392,8.84,1,4,221,0
185,165,195,186,419,8.84,1,4,221,0
195,175,185,186,446,8.84,-9,4,221,1
210,190,170,186,473,8.84,-24,3,221,1
225,205,155,186,500,8.84,-39,3,221,1
240,220,140,186,527,8.84,-54,3,221,1
250,230,130,186,554,8.84,-64,4,221,0
250,230,130,186,581,8.84,-64,4,221,0
250,230,130,186,608,8.84,-64,4,221,0
250,230,130,186,635,8.84,-64,4,221,0
250,230,130,214,425,8.1,-36,3,221,0
260,240,120,214,449,8.1,-46,3,221,1
275,255,105,214,473,8.1,-61,4,221,1
290,270,90,214,497,8.1,-76,4,221,1
295,275,85,214,521,8.1,-81,4,222,0
295,275,85,214,545,8.1,-81,4,222,0
295,275,85,214,569,8.1,-81,4,222,0
295,275,85,348,492,9.41,53,4,222,0
295,275,85,348,519,9.41,53,4,222,0
295,275,85,348,546,9.41,53,5,222,0
295,275,85,348,573,9.41,53,4,222,0
295,275,85,348,600,9.41,53,4,222,0
295,275,85,348,627,9.41,53,4,222,0
295,275,85,242,476,8.74,-53,3,222,0
305,285,75,242,503,8.74,-63,3,222,1
320,300,60,242,530,8.74,-78,3,222,1
325,305,55,242,557,8.74,-83,4,222,0
325,305,55,242,584,8.74,-83,4,222,0
325,305,55,242,611,8.74,-83,4,222,0
325,305,55,242,638,8.74,-83,4,222,0
325,305,55,288,270,8.12,-37,3,222,0
325,305,55,288,294,8.12,-37,3,222,0
325,305,55,288,318,8.12,-37,4,222,0
325,305,55,288,342,8.12,-37,4,222,0
325,305,55,288,366,8.12,-37,4,223,0
325,305,55,288,390,8.12,-37,4,223,0
325,305,55,288,414,8.12,-37,4,223,0
335,315,45,288,438,8.12,-47,4,223,1
350,330,30,288,462,8.12,-62,4,223,1
360,340,20,288,486,8.12,-72,5,223,0
360,340,20,288,510,8.12,-72,4,223,0
360,340,20,288,534,8.12,-72,4,223,0
360,340,20,288,558,8.12,-72,4,223,0
360,340,20,288,582,8.12,-72,4,223,0
360,340,20,288,606,8.12,-72,4,223,0
360,340,20,288,630,8.12,-72,4,223,0
360,340,20,360,375,8.95,0,4,223,0
360,340,20,360,402,8.95,0,4,223,0
350,330,30,360,429,8.95,10,4,223,-1
335,315,45,360,456,8.95,25,4,223,-1
320,300,60,360,483,8.95,40,4,223,-1
305,285,75,360,510,8.95,55,4,223,-1
290,270,90,360,537,8.95,70,5,223,-1
290,270,90,360,564,8.95,70,4,223,0
290,270,90,360,591,8.95,70,4,224,0
290,270,90,360,618,8.95,70,4,224,0
290,270,90,360,645,8.95,70,4,224,0
290,270,90,40,439,8.5,-250,3,224,0
290,270,90,40,463,8.5,-250,3,224,0
290,270,90,40,487,8.5,-250,4,224,0
290,270,90,40,511,8.5,-250,4,224,0
290,270,90,40,535,8.5,-250,4,224,0
290,270,90,40,559,8.5,-250,4,224,0
290,270,90,174,418,8.13,-116,4,224,0
290,270,90,174,442,8.13,-116,4,224,0
290,270,90,174,466,8.13,-116,4,224,0
290,270,90,174,490,8.13,-116,4,224,0
290,270,90,174,514,8.13,-116,4,224,0
290,270,90,174,538,8.13,-116,4,224,0
290,270,90,174,562,8.13,-116,4,224,0
290,270,90,355,481,8.52,65,4,224,0
290,270,90,355,508,8.52,65,4,224,0
290,270,90,355,535,8.52,65,5,224,0
290,270,90,355,562,8.52,65,4,224,0
290,270,90,355,589,8.52,65,4,225,0
290,270,90,355,616,8.52,65,4,225,0
290,270,90,217,468,8.77,-73,4,225,0
290,270,90,217,495,8.77,-73,3,225,0
290,270,90,217,522,8.77,-73,3,225,0
290,270,90,217,549,8.77,-73,4,225,0
290,270,90,217,576,8.77,-73,4,225,0
290,270,90,217,603,8.77,-73,4,225,0
290,270,90,263,446,9.4,-27,4,225,0
290,270,90,263,473,9.4,-27,3,225,0
305,285,75,263,500,9.4,-42,3,225,1
320,300,60,263,527,9.4,-57,3,225,1
330,310,50,263,554,9.4,-67,4,225,0
330,310,50,263,581,9.4,-67,4,225,0
330,310,50,263,608,9.4,-67,4,225,0
325,305,55,263,635,9.4,-62,4,225,-1
310,290,70,342,432,8.11,32,3,225,-1
295,275,85,342,456,8.11,47,3,225,-1
280,260,100,342,480,8.11,62,4,225,-1
270,250,110,342,504,8.11,72,4,225,0
270,250,110,342,528,8.11,72,4,226,0
270,250,110,342,552,8.11,72,4,226,0
270,250,110,342,576,8.11,72,4,226,0
270,250,110,342,600,8.11,72,4,226,0
270,250,110,342,624,8.11,72,4,226,0
270,250,110,127,549,9.13,-143,4,226,0
270,250,110,127,576,9.13,-143,4,226,0
270,250,110,127,603,9.13,-143,4,226,0
270,250,110,127,630,9.13,-143,4,226,0
270,250,110,96,475,8.6,-174,3,226,0
270,250,110,96,502,8.6,-174,3,226,0
270,250,110,96,529,8.6,-174,3,226,0
270,250,110,96,556,8.6,-174,4,226,0
270,250,110,96,583,8.6,-174,4,226,0
270,250,110,96,610,8.6,-174,4,226,0
270,250,110,96,637,8.6,-174,4,226,0
270,250,110,54,429,8.5,-216,3,226,0
270,250,110,54,453,8.5,-216,3,226,0
270,250,110,54,477,8.5,-216,4,226,0
270,250,110,54,501,8.5,-216,4,226,0
270,250,110,54,525,8.5,-216,4,227,0
270,250,110,54,549,8.5,-216,4,227,0
270,250,110,54,573,8.5,-216,4,227,0
270,250,110,372,433,8.37,102,4,227,0
270,250,110,372,457,8.37,102,4,227,0
270,250,110,372,481,8.37,102,5,227,0
270,250,110,372,505,8.37,102,4,227,0
270,250,110,372,529,8.37,102,4,227,0
270,250,110,372,553,8.37,102,4,227,0
270,250,110,372,577,8.37,102,4,227,0
270,250,110,372,601,8.37,102,4,227,0
270,250,110,372,625,8.37,102,4,227,0
270,250,110,372,649,8.37,102,5,227,0
270,250,110,191,399,8.7,-79,3,227,0
270,250,110,191,426,8.7,-79,3,227,0
270,250,110,191,453,8.7,-79,3,227,0
270,250,110,191,480,8.7,-79,3,227,0
270,250,110,191,507,8.7,-79,3,227,0
270,250,110,191,534,8.7,-79,4,227,0
270,250,110,191,561,8.7,-79,4,227,0
270,250,110,191,588,8.7,-79,4,228,0
270,250,110,191,615,8.7,-79,4,228,0
270,250,110,191,642,8.7,-79,4,228,0
270,250,110,149,492,8.78,-121,3,228,0
270,250,110,149,519,8.78,-121,3,228,0
270,250,110,149,546,8.78,-121,4,228,0
270,250,110,149,573,8.78,-121,4,228,0
270,250,110,149,600,8.78,-121,4,228,0
270,250,110,206,447,9.21,-64,4,228,0
270,250,110,206,474,9.21,-64,3,228,0
270,250,110,206,501,9.21,-64,3,228,0
270,250,110,206,528,9.21,-64,3,228,0
270,250,110,206,555,9.21,-64,4,228,0
270,250,110,206,582,9.21,-64,4,228,0
260,240,120,206,609,9.21,-54,4,228,-1
245,225,135,271,454,8.72,26,4,228,-1
230,210,150,271,481,8.72,41,3,228,-1
220,200,160,271,508,8.72,51,3,228,0
220,200,160,271,535,8.72,51,4,228,0
220,200,160,271,562,8.72,51,4,228,0
220,200,160,271,589,8.72,51,4,229,0
220,200,160,271,616,8.72,51,4,229,0
205,185,175,243,467,8.54,38,4,229,-1
190,170,190,243,494,8.54,53,3,229,-1
175,155,205,243,521,8.54,68,3,229,-1
170,150,210,243,548,8.54,73,4,229,0
170,150,210,243,575,8.54,73,4,229,0
170,150,210,243,602,8.54,73,4,229,0
170,150,210,243,629,8.54,73,4,229,0
170,150,210,233,474,9.28,63,3,229,0
170,150,210,233,501,9.28,63,3,229,0
155,135,225,233,528,9.28,78,3,229,-1
140,120,240,233,555,9.28,93,4,229,-1
135,115,245,233,582,9.28,98,4,229,0
135,115,245,233,609,9.28,98,4,229,0
135,115,245,233,636,9.28,98,4,229,0
135,115,245,299,484,8.95,164,3,229,0
135,115,245,299,511,8.95,164,3,229,0
135,115,245,299,538,8.95,164,4,229,0
135,115,245,299,565,8.95,164,4,229,0
135,115,245,92,412,8.92,-43,4,230,0
135,115,245,92,439,8.92,-43,4,230,0
135,115,245,92,466,8.92,-43,4,230,0
135,115,245,92,493,8.92,-43,3,230,0
150,130,230,92,520,8.92,-58,3,230,1
165,145,215,92,547,8.92,-73,4,230,1
180,160,200,92,574,8.92,-88,4,230,1
180,160,200,92,601,8.92,-88,4,230,0
180,160,200,165,446,9.48,-15,4,230,0
190,170,190,165,473,9.48,-25,3,230,1
205,185,175,165,500,9.48,-40,3,230,1
220,200,160,165,527,9.48,-55,3,230,1
230,210,150,165,554,9.48,-65,4,230,0
230,210,150,165,581,9.48,-65,4,230,0
230,210,150,165,608,9.48,-65,4,230,0
230,210,150,165,635,9.48,-65,4,230,0
230,210,150,19,484,8.55,-211,3,230,0
230,210,150,19,511,8.55,-211,3,230,0
230,210,150,19,538,8.55,-211,4,230,0
230,210,150,19,565,8.55,-211,4,230,0
230,210,150,19,592,8.55,-211,4,231,0
230,210,150,379,438,8.99,149,4,231,0
230,210,150,379,465,8.99,149,4,231,0
230,210,150,379,492,8.99,149,3,231,0
230,210,150,379,519,8.99,149,3,231,0
230,210,150,379,546,8.99,149,4,231,0
230,210,150,379,573,8.99,149,4,231,0
230,210,150,379,600,8.99,149,4,231,0
230,210,150,379,627,8.99,149,4,231,0
230,210,150,19,476,9.33,-211,3,231,0
230,210,150,19,503,9.33,-211,3,231,0
230,210,150,19,530,9.33,-211,3,231,0
230,210,150,19,557,9.33,-211,4,231,0
230,210,150,19,584,9.33,-211,4,231,0
230,210,150,19,611,9.33,-211,4,231,0
230,210,150,75,457,8.65,-155,4,231,0
230,210,150,75,484,8.65,-155,3,231,0
230,210,150,75,511,8.65,-155,3,231,0
230,210,150,75,538,8.65,-155,4,231,0
230,210,150,75,565,8.65,-155,4,231,0
230,210,150,75,592,8.65,-155,4,232,0
230,210,150,75,619,8.65,-155,4,232,0
230,210,150,87,465,9.4,-143,4,232,0
230,210,150,87,492,9.4,-143,3,232,0
230,210,150,87,519,9.4,-143,3,232,0
230,210,150,87,546,9.4,-143,4,232,0
230,210,150,87,573,9.4,-143,4,232,0
230,210,150,87,600,9.4,-143,4,232,0
230,210,150,87,627,9.4,-143,4,232,0
230,210,150,40,472,9.08,-190,3,232,0
230,210,150,40,499,9.08,-190,3,232,0
230,210,150,40,526,9.08,-190,3,232,0
230,210,150,40,553,9.08,-190,4,232,0
230,210,150,40,580,9.08,-190,4,232,0
230,210,150,307,430,8.94,77,4,232,0
230,210,150,307,457,8.94,77,4,232,0
230,210,150,307,484,8.94,77,3,232,0
230,210,150,307,511,8.94,77,3,232,0
230,210,150,307,538,8.94,77,4,232,0
230,210,150,307,565,8.94,77,4,232,0
220,200,160,307,592,8.94,87,4,233,-1
205,185,175,244,437,8.84,39,4,233,-1
190,170,190,244,464,8.84,54,4,233,-1
175,155,205,244,491,8.84,69,3,233,-1
175,155,205,244,518,8.84,69,3,233,0
175,155,205,244,545,8.84,69,4,233,0
175,155,205,244,572,8.84,69,4,233,0
175,155,205,244,599,8.84,69,4,233,0
175,155,205,244,626,8.84,69,4,233,0
185,165,195,179,424,8.46,-6,3,233,1
200,180,180,179,448,8.46,-21,3,233,1
215,195,165,179,472,8.46,-36,3,233,1
230,210,150,179,496,8.46,-51,4,233,1
235,215,145,179,520,8.46,-56,4,233,0
235,215,145,179,544,8.46,-56,4,233,0
235,215,145,179,568,8.46,-56,4,233,0
235,215,145,179,592,8.46,-56,4,233,0
235,215,145,307,510,9.29,72,4,233,0
235,215,145,307,537,9.29,72,5,233,0
235,215,145,307,564,9.29,72,4,233,0
235,215,145,307,591,9.29,72,4,234,0
235,215,145,307,618,9.29,72,4,234,0
235,215,145,307,645,9.29,72,4,234,0
235,215,145,289,433,8.41,54,3,234,0
235,215,145,289,457,8.41,54,3,234,0
235,215,145,289,481,8.41,54,4,234,0
235,215,145,289,505,8.41,54,4,234,0
235,215,145,289,529,8.41,54,4,234,0
235,215,145,289,553,8.41,54,4,234,0
235,215,145,289,577,8.41,54,4,234,0
235,215,145,289,601,8.41,54,4,234,0
235,215,145,276,469,8.37,41,4,234,0
235,215,145,276,493,8.37,41,5,234,0
235,215,145,276,517,8.37,41,4,234,0
235,215,145,276,541,8.37,41,4,234,0
235,215,145,276,565,8.37,41,4,234,0
235,215,145,276,589,8.37,41,4,234,0
235,215,145,276,613,8.37,41,4,234,0
235,215,145,276,637,8.37,41,5,234,0
235,215,145,140,626,9.66,-95,4,234,0
235,215,145,287,413,8.6,52,3,235,0
235,215,145,287,440,8.6,52,3,235,0
235,215,145,287,467,8.6,52,3,235,0
235,215,145,287,494,8.6,52,3,235,0
235,215,145,287,521,8.6,52,3,235,0
235,215,145,287,548,8.6,52,4,235,0
235,215,145,287,575,8.6,52,4,235,0
235,215,145,287,602,8.6,52,4,235,0
250,230,130,209,500,9.58,-41,4,235,1
265,245,115,209,530,9.58,-56,3,235,1
275,255,105,209,560,9.58,-66,3,235,0
275,255,105,209,590,9.58,-66,3,235,0
275,255,105,209,620,9.58,-66,4,235,0
275,255,105,202,193,8.42,-73,3,235,0
275,255,105,202,217,8.42,-73,3,235,0
275,255,105,202,241,8.42,-73,3,235,0
275,255,105,202,265,8.42,-73,3,235,0
275,255,105,202,289,8.42,-73,3,235,0
275,255,105,202,313,8.42,-73,4,235,0
275,255,105,202,337,8.42,-73,4,235,0
275,255,105,202,361,8.42,-73,4,236,0
275,255,105,202,385,8.42,-73,4,236,0
275,255,105,202,409,8.42,-73,4,236,0
275,255,105,202,433,8.42,-73,4,236,0
275,255,105,202,457,8.42,-73,4,236,0
275,255,105,202,481,8.42,-73,4,236,0
275,255,105,202,505,8.42,-73,4,236,0
275,255,105,202,529,8.42,-73,4,236,0
275,255,105,202,553,8.42,-73,4,236,0
275,255,105,202,577,8.42,-73,4,236,0
275,255,105,202,601,8.42,-73,4,236,0
275,255,105,202,625,8.42,-73,4,236,0
275,255,105,202,649,8.42,-73,5,236,0
275,255,105,223,399,9.24,-52,4,236,0
275,255,105,223,426,9.24,-52,4,236,0
275,255,105,223,453,9.24,-52,4,236,0
275,255,105,223,480,9.24,-52,4,236,0
275,255,105,223,507,9.24,-52,4,236,0
275,255,105,223,534,9.24,-52,5,236,0
275,255,105,223,561,9.24,-52,4,236,0
285,265,95,223,588,9.24,-62,4,237,1
300,280,80,237,485,9.63,-63,4,237,1
315,295,65,237,515,9.63,-78,4,237,1
315,295,65,237,545,9.63,-78,3,237,0
315,295,65,237,575,9.63,-78,3,237,0
315,295,65,237,605,9.63,-78,4,237,0
315,295,65,237,635,9.63,-78,4,237,0
315,295,65,349,370,8.47,34,3,237,0
315,295,65,349,394,8.47,34,3,237,0
315,295,65,349,418,8.47,34,3,237,0
315,295,65,349,442,8.47,34,3,237,0
305,285,75,349,466,8.47,44,3,237,-1
290,270,90,349,490,8.47,59,4,237,-1
275,255,105,349,514,8.47,74,4,237,-1
265,245,115,349,538,8.47,84,4,237,0
265,245,115,349,562,8.47,84,4,237,0
265,245,115,349,586,8.47,84,4,237,0
265,245,115,349,610,8.47,84,4,237,0
265,245,115,349,634,8.47,84,5,237,0
265,245,115,27,567,8.63,-238,4,237,0
265,245,115,27,594,8.63,-238,4,238,0
265,245,115,31,489,9.81,-234,4,238,0
265,245,115,31,519,9.81,-234,4,238,0
265,245,115,31,549,9.81,-234,3,238,0
265,245,115,31,579,9.81,-234,3,238,0
265,245,115,31,609,9.81,-234,4,238,0
265,245,115,115,395,8.55,-150,4,238,0
265,245,115,115,422,8.55,-150,3,238,0
265,245,115,115,449,8.55,-150,3,238,0
265,245,115,115,476,8.55,-150,3,238,0
265,245,115,115,503,8.55,-150,3,238,0
265,245,115,115,530,8.55,-150,3,238,0
265,245,115,115,557,8.55,-150,4,238,0
265,245,115,115,584,8.55,-150,4,238,0
265,245,115,351,427,8.62,86,4,238,0
265,245,115,351,454,8.62,86,4,238,0
265,245,115,351,481,8.62,86,3,238,0
265,245,115,351,508,8.62,86,3,238,0
265,245,115,351,535,8.62,86,4,238,0
265,245,115,351,562,8.62,86,4,238,0
265,245,115,351,589,8.62,86,4,239,0
265,245,115,351,616,8.62,86,4,239,0
265,245,115,351,643,8.62,86,4,239,0
265,245,115,192,433,8.49,-73,3,239,0
265,245,115,192,457,8.49,-73,3,239,0
265,245,115,192,481,8.49,-73,4,239,0
265,245,115,192,505,8.49,-73,4,239,0
265,245,115,192,529,8.49,-73,4,239,0
265,245,115,192,553,8.49,-73,4,239,0
265,245,115,192,577,8.49,-73,4,239,0
265,245,115,192,601,8.49,-73,4,239,0
265,245,115,192,625,8.49,-73,4,239,0
265,245,115,192,649,8.49,-73,5,239,0
265,245,115,324,406,8.67,59,4,239,0
265,245,115,324,433,8.67,59,3,239,0
265,245,115,324,460,8.67,59,3,239,0
265,245,115,324,487,8.67,59,3,239,0
265,245,115,324,514,8.67,59,3,239,0
265,245,115,324,541,8.67,59,4,239,0
265,245,115,324,568,8.67,59,4,239,0
280,260,100,324,595,8.67,44,4,240,1
295,275,85,324,622,8.67,29,4,240,1
310,290,70,250,519,9.71,-60,3,240,1
320,300,60,250,549,9.71,-70,3,240,0
320,300,60,250,579,9.71,-70,3,240,0
320,300,60,250,609,9.71,-70,4,240,0
320,300,60,250,639,9.71,-70,4,240,0
320,300,60,164,421,8.87,-156,3,240,0
320,300,60,164,448,8.87,-156,3,240,0
320,300,60,164,475,8.87,-156,3,240,0
320,300,60,164,502,8.87,-156,3,240,0
320,300,60,164,529,8.87,-156,3,240,0
320,300,60,164,556,8.87,-156,4,240,0
320,300,60,314,400,8.68,-6,4,240,0
305,285,75,314,427,8.68,9,4,240,-1
290,270,90,314,454,8.68,24,4,240,-1
275,255,105,314,481,8.68,39,3,240,-1
260,240,120,314,508,8.68,54,3,240,-1
245,225,135,314,535,8.68,69,4,240,-1
240,220,140,314,562,8.68,74,4,240,0
240,220,140,314,589,8.68,74,4,241,0
240,220,140,314,616,8.68,74,4,241,0
240,220,140,280,469,8.6,40,4,241,0
225,205,155,280,496,8.6,55,3,241,-1
210,190,170,280,523,8.6,70,3,241,-1
195,175,185,280,550,8.6,85,4,241,-1
190,170,190,280,577,8.6,90,4,241,0
190,170,190,280,604,8.6,90,4,241,0
190,170,190,280,631,8.6,90,4,241,0
190,170,190,351,472,8.55,161,3,241,0
190,170,190,351,499,8.55,161,3,241,0
190,170,190,351,526,8.55,161,3,241,0
190,170,190,351,553,8.55,161,4,241,0
190,170,190,351,580,8.55,161,4,241,0
190,170,190,275,428,9.11,85,4,241,0
190,170,190,275,455,9.11,85,4,241,0
190,170,190,275,482,9.11,85,3,241,0
190,170,190,275,509,9.11,85,3,241,0
190,170,190,275,536,9.11,85,4,241,0
190,170,190,275,563,9.11,85,4,241,0
190,170,190,275,590,9.11,85,4,242,0
190,170,190,275,617,9.11,85,4,242,0
190,170,190,275,644,9.11,85,4,242,0
190,170,190,342,547,9.77,152,3,242,0
190,170,190,342,577,9.77,152,3,242,0
190,170,190,342,607,9.77,152,4,242,0
190,170,190,342,637,9.77,152,4,242,0
190,170,190,77,417,9.24,-113,3,242,0
190,170,190,77,444,9.24,-113,3,242,0
190,170,190,77,471,9.24,-113,3,242,0
190,170,190,77,498,9.24,-113,3,242,0
190,170,190,77,525,9.24,-113,3,242,0
190,170,190,77,552,9.24,-113,4,242,0
190,170,190,77,579,9.24,-113,4,242,0
190,170,190,77,606,9.24,-113,4,242,0
190,170,190,77,633,9.24,-113,4,242,0
190,170,190,84,485,8.6,-106,3,242,0
190,170,190,84,512,8.6,-106,3,242,0
190,170,190,84,539,8.6,-106,4,242,0
190,170,190,84,566,8.6,-106,4,242,0
190,170,190,198,411,9.01,8,4,243,0
205,185,175,198,438,9.01,-7,4,243,1
220,200,160,198,465,9.01,-22,4,243,1
235,215,145,198,492,9.01,-37,3,243,1
240,220,140,198,519,9.01,-42,3,243,0
240,220,140,198,546,9.01,-42,4,243,0
240,220,140,198,573,9.01,-42,4,243,0
245,225,135,198,600,9.01,-47,4,243,1
260,240,120,225,449,8.98,-35,4,243,1
275,255,105,225,476,8.98,-50,3,243,1
285,265,95,225,503,8.98,-60,3,243,0
285,265,95,225,530,8.98,-60,3,243,0
285,265,95,225,557,8.98,-60,4,243,0
285,265,95,225,584,8.98,-60,4,243,0
280,260,100,225,611,8.98,-55,4,243,-1
265,245,115,225,638,8.98,-40,4,243,-1
250,230,130,317,484,8.94,67,3,243,-1
235,215,145,317,511,8.94,82,3,243,-1
230,210,150,317,538,8.94,87,4,243,0
230,210,150,317,565,8.94,87,4,243,0
230,210,150,317,592,8.94,87,4,244,0
230,210,150,244,442,9.2,14,4,244,0
225,205,155,244,469,9.2,19,4,244,-1
210,190,170,244,496,9.2,34,3,244,-1
195,175,185,244,523,9.2,49,3,244,-1
185,165,195,244,550,9.2,59,4,244,0
185,165,195,244,577,9.2,59,4,244,0
185,165,195,244,604,9.2,59,4,244,0
185,165,195,161,449,8.62,-24,4,244,0
200,180,180,161,476,8.62,-39,3,244,1
215,195,165,161,503,8.62,-54,3,244,1
230,210,150,161,530,8.62,-69,3,244,1
235,215,145,161,557,8.62,-74,4,244,0
235,215,145,161,584,8.62,-74,4,244,0
235,215,145,161,611,8.62,-74,4,244,0
235,215,145,161,638,8.62,-74,4,244,0
235,215,145,91,480,8.82,-144,3,244,0
235,215,145,91,507,8.82,-144,3,244,0
235,215,145,91,534,8.82,-144,4,244,0
235,215,145,91,561,8.82,-144,4,244,0
235,215,145,91,588,8.82,-144,4,245,0
235,215,145,91,615,8.82,-144,4,245,0
235,215,145,94,464,9.49,-141,4,245,0
235,215,145,94,491,9.49,-141,3,245,0
235,215,145,94,518,9.49,-141,3,245,0
235,215,145,94,545,9.49,-141,4,245,0
235,215,145,94,572,9.49,-141,4,245,0
235,215,145,209,418,9.29,-26,4,245,0
240,220,140,209,445,9.29,-31,4,245,1
255,235,125,209,472,9.29,-46,3,245,1
270,250,110,209,499,9.29,-61,3,245,1
275,255,105,209,526,9.29,-66,3,245,0
275,255,105,209,553,9.29,-66,4,245,0
275,255,105,209,580,9.29,-66,4,245,0
275,255,105,209,607,9.29,-66,4,245,0
275,255,105,209,634,9.29,-66,4,245,0
275,255,105,381,482,9.37,106,3,245,0
275,255,105,381,509,9.37,106,3,245,0
275,255,105,381,536,9.37,106,4,245,0
275,255,105,381,563,9.37,106,4,245,0
275,255,105,381,590,9.37,106,4,246,0
275,255,105,381,617,9.37,106,4,246,0
275,255,105,381,644,9.37,106,4,246,0
275,255,105,108,545,10.07,-167,3,246,0
275,255,105,108,575,10.07,-167,3,246,0
275,255,105,108,605,10.07,-167,4,246,0
275,255,105,108,635,10.07,-167,4,246,0
275,255,105,371,417,8.94,96,3,246,0
275,255,105,371,444,8.94,96,3,246,0
275,255,105,371,471,8.94,96,3,246,0
275,255,105,371,498,8.94,96,3,246,0
275,255,105,371,525,8.94,96,3,246,0
275,255,105,371,552,8.94,96,4,246,0
260,240,120,371,579,8.94,111,4,246,-1
245,225,135,263,429,9.34,18,4,246,-1
230,210,150,263,456,9.34,33,4,246,-1
215,195,165,263,483,9.34,48,3,246,-1
205,185,175,263,510,9.34,58,3,246,0
205,185,175,263,537,9.34,58,4,246,0
200,180,180,263,564,9.34,63,4,246,-1
185,165,195,263,591,9.34,78,4,247,-1
170,150,210,212,488,10.04,42,4,247,-1
155,135,225,212,518,10.04,57,4,247,-1
145,125,235,212,548,10.04,67,3,247,0
145,125,235,212,578,10.04,67,3,247,0
145,125,235,212,608,10.04,67,4,247,0
145,125,235,212,638,10.04,67,4,247,0
145,125,235,249,423,9.29,104,3,247,0
145,125,235,249,450,9.29,104,3,247,0
145,125,235,249,477,9.29,104,3,247,0
145,125,235,249,504,9.29,104,3,247,0
145,125,235,249,531,9.29,104,3,247,0
145,125,235,249,558,9.29,104,4,247,0
145,125,235,249,585,9.29,104,4,247,0
145,125,235,249,612,9.29,104,4,247,0
145,125,235,249,639,9.29,104,4,247,0
145,125,235,47,481,9.19,-98,3,247,0
145,125,235,47,508,9.19,-98,3,247,0
145,125,235,47,535,9.19,-98,4,247,0
145,125,235,47,562,9.19,-98,4,247,0
145,125,235,47,589,9.19,-98,4,248,0
145,125,235,58,488,10.04,-87,4,248,0
145,125,235,58,518,10.04,-87,4,248,0
145,125,235,58,548,10.04,-87,3,248,0
145,125,235,58,578,10.04,-87,3,248,0
145,125,235,58,608,10.04,-87,4,248,0
145,125,235,58,638,10.04,-87,4,248,0
145,125,235,40,466,9.67,-105,3,248,0
145,125,235,40,496,9.67,-105,3,248,0
145,125,235,40,526,9.67,-105,3,248,0
145,125,235,40,556,9.67,-105,3,248,0
145,125,235,40,586,9.67,-105,3,248,0
145,125,235,40,616,9.67,-105,4,248,0
145,125,235,40,646,9.67,-105,4,248,0
145,125,235,286,430,9.08,141,3,248,0
145,125,235,286,457,9.08,141,3,248,0
145,125,235,286,484,9.08,141,3,248,0
145,125,235,286,511,9.08,141,3,248,0
145,125,235,286,538,9.08,141,4,248,0
145,125,235,286,565,9.08,141,4,248,0
145,125,235,286,592,9.08,141,4,249,0
145,125,235,286,619,9.08,141,4,249,0
145,125,235,286,646,9.08,141,4,249,0
145,125,235,320,490,9.0,175,3,249,0
145,125,235,320,517,9.0,175,3,249,0
145,125,235,320,544,9.0,175,4,249,0
145,125,235,320,571,9.0,175,4,249,0
145,125,235,257,472,9.51,112,4,249,0
145,125,235,257,502,9.51,112,4,249,0
145,125,235,257,532,9.51,112,4,249,0
145,125,235,257,562,9.51,112,3,249,0
145,125,235,257,592,9.51,112,3,249,0
145,125,235,257,622,9.51,112,4,249,0
145,125,235,368,401,8.99,223,3,249,0
145,125,235,368,428,8.99,223,3,249,0
145,125,235,368,455,8.99,223,3,249,0
145,125,235,368,482,8.99,223,3,249,0
145,125,235,368,509,8.99,223,3,249,0
145,125,235,368,536,8.99,223,4,249,0
145,125,235,368,563,8.99,223,4,249,0
145,125,235,216,412,9.15,71,4,250,0
145,125,235,216,439,9.15,71,4,250,0
145,125,235,216,466,9.15,71,4,250,0
145,125,235,216,493,9.15,71,3,250,0
145,125,235,216,520,9.15,71,3,250,0
145,125,235,216,547,9.15,71,4,250,0
145,125,235,216,574,9.15,71,4,250,0
145,125,235,216,601,9.15,71,4,250,0
145,125,235,230,495,10.12,85,4,250,0
145,125,235,230,525,10.12,85,3,250,0
145,125,235,230,555,10.12,85,3,250,0
145,125,235,230,585,10.12,85,3,250,0
145,125,235,230,615,10.12,85,4,250,0
145,125,235,230,645,10.12,85,4,250,0
145,125,235,362,431,9.37,217,3,250,0
145,125,235,362,458,9.37,217,3,250,0
145,125,235,362,485,9.37,217,3,250,0
145,125,235,362,512,9.37,217,3,250,0
145,125,235,362,539,9.37,217,4,250,0
145,125,235,237,426,9.95,92,4,250,0
145,125,235,237,456,9.95,92,4,251,0
145,125,235,237,486,9.95,92,4,251,0
145,125,235,237,516,9.95,92,4,251,0
145,125,235,237,546,9.95,92,3,251,0
145,125,235,237,576,9.95,92,3,251,0
145,125,235,237,606,9.95,92,4,251,0
145,125,235,237,636,9.95,92,4,251,0
145,125,235,272,471,9.59,127,3,251,0
145,125,235,272,501,9.59,127,3,251,0
145,125,235,272,531,9.59,127,3,251,0
145,125,235,272,561,9.59,127,3,251,0
145,125,235,272,591,9.59,127,3,251,0
145,125,235,77,422,9.68,-68,4,251,0
145,125,235,77,452,9.68,-68,3,251,0
145,125,235,77,482,9.68,-68,3,251,0
145,125,235,77,512,9.68,-68,3,251,0
145,125,235,77,542,9.68,-68,3,251,0
145,125,235,77,572,9.68,-68,3,251,0
145,125,235,77,602,9.68,-68,4,251,0
145,125,235,77,632,9.68,-68,4,251,0
145,125,235,78,415,9.01,-67,3,252,0
145,125,235,78,442,9.01,-67,3,252,0
145,125,235,78,469,9.01,-67,3,252,0
145,125,235,78,496,9.01,-67,3,252,0
145,125,235,78,523,9.01,-67,3,252,0
145,125,235,78,550,9.01,-67,4,252,0
145,125,235,78,577,9.01,-67,4,252,0
145,125,235,78,604,9.01,-67,4,252,0
145,125,235,63,495,10.24,-82,4,252,0
145,125,235,63,525,10.24,-82,3,252,0
145,125,235,63,555,10.24,-82,3,252,0
145,125,235,63,585,10.24,-82,3,252,0
145,125,235,63,615,10.24,-82,4,252,0
145,125,235,63,645,10.24,-82,4,252,0
145,125,235,33,478,10.13,-112,3,252,0
145,125,235,33,508,10.13,-112,3,252,0
145,125,235,33,538,10.13,-112,3,252,0
145,125,235,33,568,10.13,-112,3,252,0
145,125,235,33,598,10.13,-112,4,252,0
145,125,235,33,628,10.13,-112,4,252,0
145,125,235,32,412,9.01,-113,3,253,0
145,125,235,32,439,9.01,-113,3,253,0
145,125,235,32,466,9.01,-113,3,253,0
145,125,235,32,493,9.01,-113,3,253,0
145,125,235,32,520,9.01,-113,3,253,0
145,125,235,32,547,9.01,-113,4,253,0
145,125,235,32,574,9.01,-113,4,253,0
145,125,235,32,601,9.01,-113,4,253,0
145,125,235,32,628,9.01,-113,4,253,0
145,125,235,300,525,9.68,155,3,253,0
145,125,235,300,555,9.68,155,3,253,0
145,125,235,300,585,9.68,155,3,253,0
145,125,235,300,615,9.68,155,4,253,0
145,125,235,15,451,9.51,-130,4,253,0
145,125,235,15,481,9.51,-130,3,253,0
145,125,235,15,511,9.51,-130,3,253,0
145,125,235,15,541,9.51,-130,3,253,0
145,125,235,15,571,9.51,-130,3,253,0
145,125,235,15,601,9.51,-130,4,253,0
145,125,235,15,631,9.51,-130,4,253,0
145,125,235,12,411,9.3,-133,3,254,0
145,125,235,12,438,9.3,-133,3,254,0
145,125,235,12,465,9.3,-133,3,254,0
145,125,235,12,492,9.3,-133,3,254,0
145,125,235,12,519,9.3,-133,3,254,0
145,125,235,12,546,9.3,-133,4,254,0
145,125,235,12,573,9.3,-133,4,254,0
145,125,235,140,420,8.94,-5,4,254,0
150,130,230,140,447,8.94,-10,4,254,1
165,145,215,140,474,8.94,-25,3,254,1
180,160,200,140,501,8.94,-40,3,254,1
180,160,200,140,528,8.94,-40,3,254,0
180,160,200,140,555,8.94,-40,4,254,0
180,160,200,140,582,8.94,-40,4,254,0
180,160,200,140,609,8.94,-40,4,254,0
180,160,200,140,636,8.94,-40,4,254,0
180,160,200,247,485,9.07,67,3,254,0
170,150,210,247,512,9.07,77,3,254,-1
155,135,225,247,539,9.07,92,4,254,-1
140,120,240,247,566,9.07,107,4,254,-1
130,110,250,247,593,9.07,117,4,255,0
130,110,250,186,438,9.01,56,4,255,0
130,110,250,186,465,9.01,56,4,255,0
130,110,250,186,492,9.01,56,3,255,0
130,110,250,186,519,9.01,56,3,255,0
130,110,250,186,546,9.01,56,4,255,0
130,110,250,186,573,9.01,56,4,255,0
135,115,245,186,600,9.01,51,4,255,1
150,130,230,186,627,9.01,36,4,255,1
165,145,215,126,474,8.89,-39,3,255,1
180,160,200,126,501,8.89,-54,3,255,1
180,160,200,126,528,8.89,-54,3,255,0
180,160,200,126,555,8.89,-54,4,255,0
180,160,200,126,582,8.89,-54,4,255,0
180,160,200,126,609,8.89,-54,4,255,0
180,160,200,126,636,8.89,-54,4,255,0
180,160,200,358,541,9.99,178,3,255,0
180,160,200,358,571,9.99,178,3,255,0
180,160,200,358,601,9.99,178,4,255,0
180,160,200,283,428,9.52,103,4,255,0
180,160,200,283,458,9.52,103,3,256,0
180,160,200,283,488,9.52,103,3,256,0
180,160,200,283,518,9.52,103,3,256,0
180,160,200,283,548,9.52,103,3,256,0
180,160,200,283,578,9.52,103,3,256,0
180,160,200,283,608,9.52,103,4,256,0
180,160,200,283,638,9.52,103,4,256,0
180,160,200,366,468,10.03,186,3,256,0
180,160,200,366,498,10.03,186,3,256,0
180,160,200,366,528,10.03,186,3,256,0
180,160,200,366,558,10.03,186,3,256,0
180,160,200,366,588,10.03,186,3,256,0
180,160,200,247,373,9.06,67,4,256,0
180,160,200,247,400,9.06,67,4,256,0
180,160,200,247,427,9.06,67,3,256,0
180,160,200,247,454,9.06,67,3,256,0
180,160,200,247,481,9.06,67,3,256,0
180,160,200,247,508,9.06,67,3,256,0
180,160,200,247,535,9.06,67,4,256,0
180,160,200,247,562,9.06,67,4,256,0
180,160,200,247,589,9.06,67,4,257,0
180,160,200,247,616,9.06,67,4,257,0
180,160,200,247,643,9.06,67,4,257,0
180,160,200,267,492,9.22,87,3,257,0
180,160,200,267,519,9.22,87,3,257,0
180,160,200,267,546,9.22,87,4,257,0
180,160,200,267,573,9.22,87,4,257,0
180,160,200,267,600,9.22,87,4,257,0
180,160,200,267,627,9.22,87,4,257,0
180,160,200,42,531,9.72,-138,3,257,0
180,160,200,42,561,9.72,-138,3,257,0
180,160,200,42,591,9.72,-138,3,257,0
180,160,200,42,621,9.72,-138,4,257,0
180,160,200,69,403,9.33,-111,3,257,0
180,160,200,69,430,9.33,-111,3,257,0
180,160,200,69,457,9.33,-111,3,257,0
180,160,200,69,484,9.33,-111,3,257,0
180,160,200,69,511,9.33,-111,3,257,0
180,160,200,69,538,9.33,-111,4,257,0
180,160,200,69,565,9.33,-111,4,257,0
180,160,200,69,592,9.33,-111,4,258,0
180,160,200,114,439,9.16,-66,4,258,0
180,160,200,114,466,9.16,-66,4,258,0
180,160,200,114,493,9.16,-66,3,258,0
180,160,200,114,520,9.16,-66,3,258,0
180,160,200,114,547,9.16,-66,4,258,0
180,160,200,114,574,9.16,-66,4,258,0
180,160,200,114,601,9.16,-66,4,258,0
180,160,200,114,628,9.16,-66,4,258,0
180,160,200,62,527,10.2,-118,3,258,0
180,160,200,62,557,10.2,-118,3,258,0
180,160,200,62,587,10.2,-118,3,258,0
180,160,200,62,617,10.2,-118,4,258,0
180,160,200,259,447,10.27,79,4,258,0
180,160,200,259,477,10.27,79,3,258,0
180,160,200,259,507,10.27,79,3,258,0
180,160,200,259,537,10.27,79,3,258,0
180,160,200,259,567,10.27,79,3,258,0
180,160,200,259,597,10.27,79,4,258,0
180,160,200,259,627,10.27,79,4,258,0
180,160,200,295,456,10.34,115,3,259,0
180,160,200,295,486,10.34,115,3,259,0
180,160,200,295,516,10.34,115,3,259,0
180,160,200,295,546,10.34,115,3,259,0
180,160,200,295,576,10.34,115,3,259,0
180,160,200,295,606,10.34,115,4,259,0
180,160,200,295,636,10.34,115,4,259,0
180,160,200,329,470,9.61,149,3,259,0
180,160,200,329,500,9.61,149,3,259,0
180,160,200,329,530,9.61,149,3,259,0
180,160,200,329,560,9.61,149,3,259,0
180,160,200,329,590,9.61,149,3,259,0
180,160,200,329,620,9.61,149,4,259,0
180,160,200,361,447,9.8,181,3,259,0
180,160,200,361,477,9.8,181,3,259,0
180,160,200,361,507,9.8,181,3,259,0
180,160,200,361,537,9.8,181,3,259,0
180,160,200,361,567,9.8,181,3,259,0
180,160,200,361,597,9.8,181,4,259,0
180,160,200,361,627,9.8,181,4,259,0
180,160,200,84,408,8.99,-96,3,260,0
180,160,200,84,435,8.99,-96,3,260,0
180,160,200,84,462,8.99,-96,3,260,0
180,160,200,84,489,8.99,-96,3,260,0
180,160,200,84,516,8.99,-96,3,260,0
180,160,200,84,543,8.99,-96,4,260,0
180,160,200,84,570,8.99,-96,4,260,0
180,160,200,84,597,8.99,-96,4,260,0
180,160,200,94,499,9.55,-86,4,260,0
180,160,200,94,529,9.55,-86,4,260,0
180,160,200,94,559,9.55,-86,3,260,0
180,160,200,94,589,9.55,-86,3,260,0
180,160,200,94,619,9.55,-86,4,260,0
180,160,200,124,445,10.02,-56,4,260,0
180,160,200,124,475,10.02,-56,3,260,0
180,160,200,124,505,10.02,-56,3,260,0
180,160,200,124,535,10.02,-56,3,260,0
180,160,200,124,565,10.02,-56,3,260,0
180,160,200,124,595,10.02,-56,4,260,0
180,160,200,124,625,10.02,-56,4,260,0
180,160,200,55,457,10.17,-125,3,261,0
180,160,200,55,487,10.17,-125,3,261,0
180,160,200,55,517,10.17,-125,3,261,0
180,160,200,55,547,10.17,-125,3,261,0
180,160,200,55,577,10.17,-125,3,261,0
180,160,200,198,411,9.89,18,4,261,0
180,160,200,198,441,9.89,18,4,261,0
165,145,215,198,471,9.89,33,3,261,-1
150,130,230,198,501,9.89,48,3,261,-1
135,115,245,198,531,9.89,63,3,261,-1
135,115,245,198,561,9.89,63,3,261,0
135,115,245,198,591,9.89,63,3,261,0
135,115,245,198,621,9.89,63,4,261,0
135,115,245,301,451,9.65,166,3,261,0
135,115,245,301,481,9.65,166,3,261,0
135,115,245,301,511,9.65,166,3,261,0
135,115,245,301,541,9.65,166,3,261,0
135,115,245,301,571,9.65,166,3,261,0
135,115,245,301,601,9.65,166,4,261,0
135,115,245,301,631,9.65,166,4,261,0
135,115,245,288,461,9.91,153,3,262,0
135,115,245,288,491,9.91,153,3,262,0
135,115,245,288,521,9.91,153,3,262,0
135,115,245,288,551,9.91,153,3,262,0
135,115,245,288,581,9.91,153,3,262,0
135,115,245,288,611,9.91,153,4,262,0
135,115,245,227,435,10.14,92,4,262,0
135,115,245,227,465,10.14,92,3,262,0
135,115,245,227,495,10.14,92,3,262,0
135,115,245,227,525,10.14,92,3,262,0
135,115,245,227,555,10.14,92,3,262,0
135,115,245,227,585,10.14,92,3,262,0
135,115,245,227,615,10.14,92,4,262,0
135,115,245,227,645,10.14,92,4,262,0
135,115,245,217,426,9.06,82,3,262,0
135,115,245,217,453,9.06,82,3,262,0
135,115,245,217,480,9.06,82,3,262,0
135,115,245,217,507,9.06,82,3,262,0
135,115,245,217,534,9.06,82,4,262,0
135,115,245,217,561,9.06,82,4,262,0
135,115,245,217,588,9.06,82,4,263,0
135,115,245,217,615,9.06,82,4,263,0
135,115,245,205,466,9.07,70,4,263,0
135,115,245,205,493,9.07,70,3,263,0
135,115,245,205,520,9.07,70,3,263,0
135,115,245,205,547,9.07,70,4,263,0
135,115,245,205,574,9.07,70,4,263,0
135,115,245,205,601,9.07,70,4,263,0
135,115,245,205,628,9.07,70,4,263,0
135,115,245,23,476,9.29,-112,3,263,0
135,115,245,23,503,9.29,-112,3,263,0
135,115,245,23,530,9.29,-112,3,263,0
135,115,245,23,557,9.29,-112,4,263,0
135,115,245,23,584,9.29,-112,4,263,0
135,115,245,23,611,9.29,-112,4,263,0
135,115,245,23,638,9.29,-112,4,263,0
135,115,245,51,370,10.57,-84,3,263,0
135,115,245,51,403,10.57,-84,3,263,0
135,115,245,51,436,10.57,-84,4,263,0
135,115,245,51,469,10.57,-84,4,263,0
135,115,245,51,502,10.57,-84,4,264,0
135,115,245,51,535,10.57,-84,4,264,0
135,115,245,51,568,10.57,-84,4,264,0
135,115,245,51,601,10.57,-84,3,264,0
135,115,245,51,634,10.57,-84,3,264,0
135,115,245,357,405,10.42,222,3,264,0
135,115,245,357,435,10.42,222,3,264,0
135,115,245,357,465,10.42,222,3,264,0
135,115,245,357,495,10.42,222,3,264,0
135,115,245,357,525,10.42,222,3,264,0
135,115,245,357,555,10.42,222,3,264,0
135,115,245,357,585,10.42,222,3,264,0
135,115,245,357,615,10.42,222,4,264,0
135,115,245,338,447,9.58,203,4,264,0
135,115,245,338,477,9.58,203,3,264,0
135,115,245,338,507,9.58,203,3,264,0
135,115,245,338,537,9.58,203,3,264,0
135,115,245,338,567,9.58,203,3,264,0
135,115,245,338,597,9.58,203,4,264,0
135,115,245,338,627,9.58,203,4,264,0
135,115,245,372,414,9.37,237,3,265,0
135,115,245,372,441,9.37,237,3,265,0
135,115,245,372,468,9.37,237,3,265,0
135,115,245,372,495,9.37,237,3,265,0
135,115,245,372,522,9.37,237,3,265,0
135,115,245,372,549,9.37,237,4,265,0
135,115,245,260,435,10.28,125,4,265,0
135,115,245,260,465,10.28,125,4,265,0
135,115,245,260,495,10.28,125,4,265,0
135,115,245,260,525,10.28,125,3,265,0
135,115,245,260,555,10.28,125,3,265,0
135,115,245,260,585,10.28,125,3,265,0
135,115,245,260,615,10.28,125,4,265,0
135,115,245,247,447,10.1,112,4,265,0
135,115,245,247,477,10.1,112,3,265,0
135,115,245,247,507,10.1,112,3,265,0
135,115,245,247,537,10.1,112,3,265,0
135,115,245,247,567,10.1,112,3,265,0
135,115,245,247,597,10.1,112,4,265,0
135,115,245,247,627,10.1,112,4,265,0
135,115,245,227,458,9.8,92,3,266,0
135,115,245,227,488,9.8,92,3,266,0
135,115,245,227,518,9.8,92,3,266,0
135,115,245,227,548,9.8,92,3,266,0
135,115,245,227,578,9.8,92,3,266,0
135,115,245,227,608,9.8,92,4,266,0
135,115,245,99,441,9.94,-36,4,266,0
150,130,230,99,471,9.94,-51,3,266,1
165,145,215,99,501,9.94,-66,3,266,1
175,155,205,99,531,9.94,-76,3,266,0
175,155,205,99,561,9.94,-76,3,266,0
175,155,205,99,591,9.94,-76,3,266,0
175,155,205,99,621,9.94,-76,4,266,0
175,155,205,282,452,9.83,107,3,266,0
175,155,205,282,482,9.83,107,3,266,0
175,155,205,282,512,9.83,107,3,266,0
175,155,205,282,542,9.83,107,3,266,0
175,155,205,282,572,9.83,107,3,266,0
170,150,210,178,401,9.64,8,4,266,-1
155,135,225,178,431,9.64,23,4,266,-1
140,120,240,178,461,9.64,38,3,267,-1
125,105,255,178,491,9.64,53,3,267,-1
115,95,265,178,521,9.64,63,3,267,0
115,95,265,178,551,9.64,63,3,267,0
115,95,265,178,581,9.64,63,3,267,0
115,95,265,178,611,9.64,63,4,267,0
125,105,255,178,641,9.64,53,4,267,1
140,120,240,93,467,10.08,-47,3,267,1
155,135,225,93,497,10.08,-62,3,267,1
165,145,215,93,527,10.08,-72,3,267,0
165,145,215,93,557,10.08,-72,3,267,0
165,145,215,93,587,10.08,-72,3,267,0
165,145,215,93,617,10.08,-72,4,267,0
150,130,230,93,647,10.08,-57,4,267,-1
135,115,245,204,476,9.62,69,3,267,-1
120,100,260,204,506,9.62,84,3,267,-1
115,95,265,204,536,9.62,89,3,267,0
115,95,265,204,566,9.62,89,3,267,0
115,95,265,204,596,9.62,89,4,267,0
115,95,265,204,626,9.62,89,4,267,0
115,95,265,221,412,9.22,106,3,268,0
115,95,265,221,439,9.22,106,3,268,0
115,95,265,221,466,9.22,106,3,268,0
115,95,265,221,493,9.22,106,3,268,0
115,95,265,221,520,9.22,106,3,268,0
115,95,265,221,547,9.22,106,4,268,0
115,95,265,221,574,9.22,106,4,268,0
115,95,265,148,465,10.37,33,4,268,0
100,80,280,148,495,10.37,48,4,268,-1
85,65,295,148,525,10.37,63,3,268,-1
75,55,305,148,555,10.37,73,3,268,0
75,55,305,148,585,10.37,73,3,268,0
75,55,305,148,615,10.37,73,4,268,0
75,55,305,148,645,10.37,73,4,268,0
75,55,305,227,476,9.6,152,3,268,0
75,55,305,227,506,9.6,152,3,268,0
75,55,305,227,536,9.6,152,3,268,0
75,55,305,227,566,9.6,152,3,268,0
75,55,305,227,596,9.6,152,4,268,0
75,55,305,162,431,9.88,87,4,268,0
75,55,305,162,461,9.88,87,3,269,0
75,55,305,162,491,9.88,87,3,269,0
75,55,305,162,521,9.88,87,3,269,0
75,55,305,162,551,9.88,87,3,269,0
75,55,305,162,581,9.88,87,3,269,0
75,55,305,162,611,9.88,87,4,269,0
75,55,305,162,641,9.88,87,4,269,0
75,55,305,188,418,9.27,113,3,269,0
75,55,305,188,445,9.27,113,3,269,0
75,55,305,188,472,9.27,113,3,269,0
75,55,305,188,499,9.27,113,3,269,0
75,55,305,188,526,9.27,113,3,269,0
70,50,310,188,553,9.27,118,4,269,-1
55,35,325,129,495,10.54,74,4,269,-1
40,20,340,129,528,10.54,89,4,269,-1
40,20,340,129,561,10.54,89,4,269,0
40,20,340,129,594,10.54,89,3,269,0
40,20,340,129,627,10.54,89,3,269,0
40,20,340,22,201,10.0,-18,3,269,0
40,20,340,22,231,10.0,-18,3,269,0
40,20,340,22,261,10.0,-18,3,270,0
40,20,340,22,291,10.0,-18,3,270,0
40,20,340,22,321,10.0,-18,3,270,0
40,20,340,22,351,10.0,-18,3,270,0
40,20,340,22,381,10.0,-18,3,270,0
40,20,340,22,411,10.0,-18,3,270,0
40,20,340,22,441,10.0,-18,3,270,0
55,35,325,22,471,10.0,-33,3,270,1
70,50,310,22,501,10.0,-48,3,270,1
85,65,295,22,531,10.0,-63,3,270,1
85,65,295,22,561,10.0,-63,3,270,0
85,65,295,22,591,10.0,-63,3,270,0
85,65,295,22,621,10.0,-63,4,270,0
90,70,290,68,448,9.64,-22,3,270,1
105,85,275,68,478,9.64,-37,3,270,1
120,100,260,68,508,9.64,-52,3,270,1
135,115,245,68,538,9.64,-67,3,270,1
135,115,245,68,568,9.64,-67,3,270,0
135,115,245,68,598,9.64,-67,4,270,0
135,115,245,68,628,9.64,-67,4,270,0
135,115,245,49,462,10.48,-86,3,271,0
135,115,245,49,492,10.48,-86,3,271,0
135,115,245,49,522,10.48,-86,3,271,0
135,115,245,49,552,10.48,-86,3,271,0
135,115,245,49,582,10.48,-86,3,271,0
135,115,245,49,612,10.48,-86,4,271,0
135,115,245,49,642,10.48,-86,4,271,0
135,115,245,268,466,9.99,133,3,271,0
135,115,245,268,496,9.99,133,3,271,0
135,115,245,268,526,9.99,133,3,271,0
135,115,245,268,556,9.99,133,3,271,0
135,115,245,268,586,9.99,133,3,271,0
135,115,245,268,616,9.99,133,4,271,0
135,115,245,27,492,10.69,-108,4,271,0
135,115,245,27,525,10.69,-108,3,271,0
135,115,245,27,558,10.69,-108,3,271,0
135,115,245,27,591,10.69,-108,3,271,0
135,115,245,27,624,10.69,-108,3,271,0
135,115,245,293,437,10.65,158,3,271,0
135,115,245,293,470,10.65,158,3,271,0
135,115,245,293,503,10.65,158,3,272,0
135,115,245,293,536,10.65,158,3,272,0
135,115,245,293,569,10.65,158,3,272,0
135,115,245,293,602,10.65,158,3,272,0
135,115,245,102,376,9.74,-33,3,272,0
135,115,245,102,406,9.74,-33,3,272,0
135,115,245,102,436,9.74,-33,3,272,0
135,115,245,102,466,9.74,-33,3,272,0
135,115,245,102,496,9.74,-33,3,272,0
150,130,230,102,526,9.74,-48,3,272,1
165,145,215,102,556,9.74,-63,3,272,1
175,155,205,102,586,9.74,-73,3,272,0
175,155,205,102,616,9.74,-73,4,272,0
175,155,205,102,646,9.74,-73,4,272,0
175,155,205,285,478,9.66,110,3,272,0
175,155,205,285,508,9.66,110,3,272,0
175,155,205,285,538,9.66,110,3,272,0
175,155,205,285,568,9.66,110,3,272,0
175,155,205,285,598,9.66,110,4,272,0
175,155,205,285,628,9.66,110,4,272,0
175,155,205,315,455,10.13,140,3,273,0
175,155,205,315,485,10.13,140,3,273,0
175,155,205,315,515,10.13,140,3,273,0
175,155,205,315,545,10.13,140,3,273,0
175,155,205,315,575,10.13,140,3,273,0
175,155,205,315,605,10.13,140,4,273,0
175,155,205,315,635,10.13,140,4,273,0
175,155,205,297,465,10.2,122,3,273,0
175,155,205,297,495,10.2,122,3,273,0
175,155,205,297,525,10.2,122,3,273,0
175,155,205,297,555,10.2,122,3,273,0
175,155,205,297,585,10.2,122,3,273,0
175,155,205,150,417,10.28,-25,4,273,0
185,165,195,150,447,10.28,-35,4,273,1
200,180,180,150,477,10.28,-50,3,273,1
215,195,165,150,507,10.28,-65,3,273,1
220,200,160,150,537,10.28,-70,3,273,0
220,200,160,150,567,10.28,-70,3,273,0
220,200,160,150,597,10.28,-70,4,273,0
220,200,160,150,627,10.28,-70,4,273,0
215,195,165,247,456,10.12,32,3,274,-1
200,180,180,247,486,10.12,47,3,274,-1
185,165,195,247,516,10.12,62,3,274,-1
180,160,200,247,546,10.12,67,3,274,0
180,160,200,247,576,10.12,67,3,274,0
180,160,200,247,606,10.12,67,4,274,0
180,160,200,247,636,10.12,67,4,274,0
180,160,200,128,467,9.69,-52,3,274,0
180,160,200,128,497,9.69,-52,3,274,0
190,170,190,128,527,9.69,-62,3,274,1
205,185,175,128,557,9.69,-77,3,274,1
215,195,165,128,587,9.69,-87,3,274,0
215,195,165,128,617,9.69,-87,4,274,0
215,195,165,123,491,10.69,-92,4,274,0
215,195,165,123,524,10.69,-92,3,274,0
215,195,165,123,557,10.69,-92,3,274,0
215,195,165,123,590,10.69,-92,3,274,0
215,195,165,123,623,10.69,-92,3,274,0
215,195,165,386,399,9.75,171,3,274,0
215,195,165,386,429,9.75,171,3,274,0
215,195,165,386,459,9.75,171,3,275,0
215,195,165,386,489,9.75,171,3,275,0
215,195,165,386,519,9.75,171,3,275,0
215,195,165,386,549,9.75,171,3,275,0
215,195,165,386,579,9.75,171,3,275,0
215,195,165,386,609,9.75,171,4,275,0
215,195,165,386,639,9.75,171,4,275,0
215,195,165,27,422,9.37,-188,3,275,0
215,195,165,27,449,9.37,-188,3,275,0
215,195,165,27,476,9.37,-188,3,275,0
215,195,165,27,503,9.37,-188,3,275,0
215,195,165,27,530,9.37,-188,3,275,0
215,195,165,27,557,9.37,-188,4,275,0
215,195,165,27,584,9.37,-188,4,275,0
215,195,165,342,430,9.36,127,4,275,0
215,195,165,342,457,9.36,127,4,275,0
215,195,165,342,484,9.36,127,3,275,0
215,195,165,342,511,9.36,127,3,275,0
215,195,165,342,538,9.36,127,4,275,0
215,195,165,342,565,9.36,127,4,275,0
215,195,165,342,592,9.36,127,4,276,0
215,195,165,342,619,9.36,127,4,276,0
215,195,165,342,646,9.36,127,4,276,0
215,195,165,357,495,9.43,142,3,276,0
215,195,165,357,522,9.43,142,3,276,0
215,195,165,357,549,9.43,142,4,276,0
215,195,165,256,440,10.33,41,4,276,0
200,180,180,256,470,10.33,56,4,276,-1
185,165,195,256,500,10.33,71,4,276,-1
175,155,205,256,530,10.33,81,3,276,0
175,155,205,256,560,10.33,81,3,276,0
175,155,205,256,590,10.33,81,3,276,0
175,155,205,256,620,10.33,81,4,276,0
175,155,205,229,447,10.45,54,3,276,0
175,155,205,229,477,10.45,54,3,276,0
160,140,220,229,507,10.45,69,3,276,-1
145,125,235,229,537,10.45,84,3,276,-1
135,115,245,229,567,10.45,94,3,276,0
135,115,245,229,597,10.45,94,4,276,0
135,115,245,229,627,10.45,94,4,276,0
135,115,245,332,456,9.61,197,3,277,0
135,115,245,332,486,9.61,197,3,277,0
135,115,245,332,516,9.61,197,3,277,0
135,115,245,332,546,9.61,197,3,277,0
135,115,245,143,376,9.95,8,3,277,0
135,115,245,143,406,9.95,8,4,277,0
135,115,245,143,436,9.95,8,4,277,0
150,130,230,143,466,9.95,-7,3,277,1
165,145,215,143,496,9.95,-22,3,277,1
180,160,200,143,526,9.95,-37,3,277,1
190,170,190,143,556,9.95,-47,3,277,0
190,170,190,143,586,9.95,-47,3,277,0
190,170,190,143,616,9.95,-47,4,277,0
190,170,190,143,646,9.95,-47,4,277,0
190,170,190,324,525,10.66,134,3,277,0
190,170,190,324,558,10.66,134,3,277,0
190,170,190,324,591,10.66,134,3,277,0
190,170,190,324,624,10.66,134,3,277,0
190,170,190,72,442,10.78,-118,3,277,0
190,170,190,72,475,10.78,-118,3,277,0
190,170,190,72,508,10.78,-118,3,278,0
190,170,190,72,541,10.78,-118,3,278,0
190,170,190,72,574,10.78,-118,3,278,0
190,170,190,72,607,10.78,-118,3,278,0
190,170,190,169,380,10.0,-21,3,278,0
190,170,190,169,410,10.0,-21,3,278,0
195,175,185,169,440,10.0,-26,3,278,1
210,190,170,169,470,10.0,-41,3,278,1
225,205,155,169,500,10.0,-56,3,278,1
235,215,145,169,530,10.0,-66,3,278,0
235,215,145,169,560,10.0,-66,3,278,0
235,215,145,169,590,10.0,-66,3,278,0
235,215,145,169,620,10.0,-66,4,278,0
235,215,145,325,447,10.41,90,3,278,0
235,215,145,325,477,10.41,90,3,278,0
235,215,145,325,507,10.41,90,3,278,0
235,215,145,325,537,10.41,90,3,278,0
235,215,145,325,567,10.41,90,3,278,0
235,215,145,325,597,10.41,90,4,278,0
235,215,145,325,627,10.41,90,4,278,0
235,215,145,348,509,10.87,113,3,279,0
235,215,145,348,542,10.87,113,3,279,0
235,215,145,348,575,10.87,113,3,279,0
235,215,145,348,608,10.87,113,3,279,0
235,215,145,348,641,10.87,113,3,279,0
235,215,145,360,409,9.61,125,3,279,0
235,215,145,360,439,9.61,125,3,279,0
235,215,145,360,469,9.61,125,3,279,0
235,215,145,360,499,9.61,125,3,279,0
235,215,145,360,529,9.61,125,3,279,0
235,215,145,360,559,9.61,125,3,279,0
235,215,145,360,589,9.61,125,3,279,0
235,215,145,360,619,9.61,125,4,279,0
235,215,145,340,450,9.65,105,4,279,0
235,215,145,340,480,9.65,105,3,279,0
235,215,145,340,510,9.65,105,3,279,0
235,215,145,340,540,9.65,105,3,279,0
235,215,145,340,570,9.65,105,3,279,0
235,215,145,340,600,9.65,105,4,279,0
235,215,145,340,630,9.65,105,4,279,0
235,215,145,209,413,9.49,-26,3,280,0
235,215,145,209,440,9.49,-26,3,280,0
240,220,140,209,467,9.49,-31,3,280,1
255,235,125,209,494,9.49,-46,3,280,1
270,250,110,209,521,9.49,-61,3,280,1
270,250,110,209,548,9.49,-61,4,280,0
270,250,110,209,575,9.49,-61,4,280,0
270,250,110,209,602,9.49,-61,4,280,0
270,250,110,209,629,9.49,-61,4,280,0
270,250,110,79,525,10.08,-191,3,280,0
270,250,110,79,555,10.08,-191,3,280,0
270,250,110,79,585,10.08,-191,3,280,0
270,250,110,79,615,10.08,-191,4,280,0
270,250,110,104,492,10.81,-166,4,280,0
270,250,110,104,525,10.81,-166,3,280,0
270,250,110,104,558,10.81,-166,3,280,0
270,250,110,104,591,10.81,-166,3,280,0
270,250,110,299,405,10.94,29,3,280,0
270,250,110,299,438,10.94,29,3,280,0
260,240,120,299,471,10.94,39,3,280,-1
245,225,135,299,504,10.94,54,3,281,-1
230,210,150,299,537,10.94,69,3,281,-1
225,205,155,299,570,10.94,74,3,281,0
225,205,155,299,603,10.94,74,3,281,0
225,205,155,299,636,10.94,74,3,281,0
225,205,155,280,406,9.63,55,3,281,0
225,205,155,280,436,9.63,55,3,281,0
225,205,155,280,466,9.63,55,3,281,0
220,200,160,280,496,9.63,60,3,281,-1
205,185,175,280,526,9.63,75,3,281,-1
190,170,190,280,556,9.63,90,3,281,-1
190,170,190,280,586,9.63,90,3,281,0
190,170,190,280,616,9.63,90,4,281,0
190,170,190,86,494,10.76,-104,4,281,0
190,170,190,86,527,10.76,-104,3,281,0
190,170,190,86,560,10.76,-104,3,281,0
190,170,190,86,593,10.76,-104,3,281,0
190,170,190,86,626,10.76,-104,3,281,0
190,170,190,148,399,9.83,-42,3,281,0
190,170,190,148,429,9.83,-42,3,281,0
190,170,190,148,459,9.83,-42,3,282,0
190,170,190,148,489,9.83,-42,3,282,0
190,170,190,148,519,9.83,-42,3,282,0
190,170,190,148,549,9.83,-42,3,282,0
190,170,190,148,579,9.83,-42,3,282,0
190,170,190,148,609,9.83,-42,4,282,0
190,170,190,148,639,9.83,-42,4,282,0
190,170,190,267,516,10.56,77,3,282,0
175,155,205,267,549,10.56,92,3,282,-1
160,140,220,267,582,10.56,107,3,282,-1
150,130,230,267,615,10.56,117,3,282,0
150,130,230,267,648,10.56,117,3,282,0
150,130,230,287,459,10.95,137,3,282,0
150,130,230,287,492,10.95,137,3,282,0
150,130,230,287,525,10.95,137,3,282,0
150,130,230,287,558,10.95,137,3,282,0
150,130,230,287,591,10.95,137,3,282,0
150,130,230,287,624,10.95,137,3,282,0
150,130,230,85,396,9.99,-65,3,282,0
150,130,230,85,426,9.99,-65,3,282,0
150,130,230,85,456,9.99,-65,3,283,0
150,130,230,85,486,9.99,-65,3,283,0
150,130,230,85,516,9.99,-65,3,283,0
150,130,230,85,546,9.99,-65,3,283,0
150,130,230,85,576,9.99,-65,3,283,0
150,130,230,85,606,9.99,-65,4,283,0
150,130,230,85,636,9.99,-65,4,283,0
150,130,230,324,519,10.7,174,3,283,0
150,130,230,324,552,10.7,174,3,283,0
150,130,230,324,585,10.7,174,3,283,0
150,130,230,216,396,10.59,66,3,283,0
150,130,230,216,429,10.59,66,2,283,0
150,130,230,216,462,10.59,66,3,283,0
150,130,230,216,495,10.59,66,3,283,0
150,130,230,216,528,10.59,66,3,283,0
150,130,230,216,561,10.59,66,3,283,0
150,130,230,216,594,10.59,66,3,283,0
150,130,230,216,627,10.59,66,3,283,0
165,145,215,173,436,10.52,8,3,283,1
180,160,200,173,469,10.52,-7,3,283,1
195,175,185,173,502,10.52,-22,3,284,1
210,190,170,173,535,10.52,-37,3,284,1
225,205,155,173,568,10.52,-52,3,284,1
230,210,150,173,601,10.52,-57,3,284,0
230,210,150,173,634,10.52,-57,3,284,0
230,210,150,363,450,10.56,133,3,284,0
230,210,150,363,483,10.56,133,3,284,0
230,210,150,363,516,10.56,133,3,284,0
230,210,150,363,549,10.56,133,3,284,0
230,210,150,363,582,10.56,133,3,284,0
230,210,150,363,615,10.56,133,3,284,0
230,210,150,363,648,10.56,133,3,284,0
230,210,150,156,415,10.4,-74,3,284,0
230,210,150,156,445,10.4,-74,3,284,0
230,210,150,156,475,10.4,-74,3,284,0
230,210,150,156,505,10.4,-74,3,284,0
230,210,150,156,535,10.4,-74,3,284,0
230,210,150,156,565,10.4,-74,3,284,0
230,210,150,156,595,10.4,-74,4,284,0
230,210,150,156,625,10.4,-74,4,284,0
230,210,150,275,458,9.98,45,3,285,0
230,210,150,275,488,9.98,45,3,285,0
225,205,155,275,518,9.98,50,3,285,-1
210,190,170,275,548,9.98,65,3,285,-1
195,175,185,275,578,9.98,80,3,285,-1
190,170,190,275,608,9.98,85,4,285,0
190,170,190,275,638,9.98,85,4,285,0
190,170,190,36,466,9.96,-154,3,285,0
190,170,190,36,496,9.96,-154,3,285,0
190,170,190,36,526,9.96,-154,3,285,0
190,170,190,36,556,9.96,-154,3,285,0
190,170,190,220,430,10.72,30,3,285,0
185,165,195,220,463,10.72,35,4,285,-1
170,150,210,220,496,10.72,50,4,285,-1
155,135,225,220,529,10.72,65,3,285,-1
150,130,230,220,562,10.72,70,3,285,0
150,130,230,220,595,10.72,70,3,285,0
150,130,230,220,628,10.72,70,3,285,0
150,130,230,107,438,10.88,-43,3,285,0
150,130,230,107,471,10.88,-43,3,285,0
150,130,230,107,504,10.88,-43,3,286,0
150,130,230,107,537,10.88,-43,3,286,0
150,130,230,107,570,10.88,-43,3,286,0
150,130,230,107,603,10.88,-43,3,286,0
150,130,230,107,636,10.88,-43,3,286,0
150,130,230,331,449,10.7,181,3,286,0
150,130,230,331,482,10.7,181,3,286,0
150,130,230,331,515,10.7,181,3,286,0
150,130,230,331,548,10.7,181,3,286,0
150,130,230,331,581,10.7,181,3,286,0
150,130,230,331,614,10.7,181,3,286,0
150,130,230,331,647,10.7,181,3,286,0
150,130,230,278,416,9.77,128,3,286,0
150,130,230,278,446,9.77,128,3,286,0
150,130,230,278,476,9.77,128,3,286,0
150,130,230,278,506,9.77,128,3,286,0
150,130,230,278,536,9.77,128,3,286,0
150,130,230,278,566,9.77,128,3,286,0
150,130,230,278,596,9.77,128,4,286,0
160,140,220,172,428,9.77,12,4,286,1
175,155,205,172,458,9.77,-3,3,287,1
190,170,190,172,488,9.77,-18,3,287,1
205,185,175,172,518,9.77,-33,3,287,1
210,190,170,172,548,9.77,-38,3,287,0
210,190,170,172,578,9.77,-38,3,287,0
210,190,170,172,608,9.77,-38,4,287,0
210,190,170,172,638,9.77,-38,4,287,0
210,190,170,318,467,10.49,108,3,287,0
210,190,170,318,497,10.49,108,3,287,0
210,190,170,318,527,10.49,108,3,287,0
210,190,170,318,557,10.49,108,3,287,0
210,190,170,318,587,10.49,108,3,287,0
210,190,170,318,617,10.49,108,4,287,0
210,190,170,97,493,10.75,-113,4,287,0
210,190,170,97,526,10.75,-113,3,287,0
210,190,170,97,559,10.75,-113,3,287,0
210,190,170,97,592,10.75,-113,3,287,0
210,190,170,239,409,11.04,29,3,287,0
210,190,170,239,442,11.04,29,3,287,0
205,185,175,239,475,11.04,34,3,287,-1
190,170,190,239,508,11.04,49,3,288,-1
175,155,205,239,541,11.04,64,3,288,-1
170,150,210,239,574,11.04,69,3,288,0
170,150,210,239,607,11.04,69,3,288,0
170,150,210,179,414,10.63,9,3,288,0
155,135,225,179,447,10.63,24,3,288,-1
140,120,240,179,480,10.63,39,3,288,-1
125,105,255,179,513,10.63,54,3,288,-1
110,90,270,179,546,10.63,69,3,288,-1
105,85,275,179,579,10.63,74,3,288,0
105,85,275,179,612,10.63,74,3,288,0
105,85,275,179,645,10.63,74,3,288,0
105,85,275,267,458,10.94,162,3,288,0
105,85,275,267,491,10.94,162,3,288,0
105,85,275,267,524,10.94,162,3,288,0
105,85,275,267,557,10.94,162,3,288,0
105,85,275,267,590,10.94,162,3,288,0
105,85,275,267,623,10.94,162,3,288,0
105,85,275,267,436,10.85,162,3,288,0
105,85,275,267,469,10.85,162,3,288,0
105,85,275,267,502,10.85,162,3,289,0
105,85,275,267,535,10.85,162,3,289,0
105,85,275,267,568,10.85,162,3,289,0
105,85,275,127,386,11.08,22,3,289,0
105,85,275,127,419,11.08,22,3,289,0
105,85,275,127,452,11.08,22,3,289,0
105,85,275,127,485,11.08,22,3,289,0
90,70,290,127,518,11.08,37,3,289,-1
75,55,305,127,551,11.08,52,3,289,-1
60,40,320,127,584,11.08,67,3,289,-1
60,40,320,127,617,11.08,67,3,289,0
60,40,320,185,425,10.61,125,2,289,0
60,40,320,185,458,10.61,125,3,289,0
60,40,320,185,491,10.61,125,3,289,0
60,40,320,185,524,10.61,125,3,289,0
60,40,320,185,557,10.61,125,3,289,0
60,40,320,185,590,10.61,125,3,289,0
60,40,320,185,623,10.61,125,3,289,0
60,40,320,211,440,10.55,151,3,289,0
60,40,320,211,473,10.55,151,3,289,0
60,40,320,211,506,10.55,151,3,290,0
60,40,320,211,539,10.55,151,3,290,0
60,40,320,211,572,10.55,151,3,290,0
60,40,320,211,605,10.55,151,3,290,0
60,40,320,211,638,10.55,151,3,290,0
60,40,320,354,406,10.32,294,3,290,0
60,40,320,354,436,10.32,294,3,290,0
60,40,320,354,466,10.32,294,3,290,0
60,40,320,354,496,10.32,294,3,290,0
60,40,320,354,526,10.32,294,3,290,0
60,40,320,354,556,10.32,294,3,290,0
60,40,320,354,586,10.32,294,3,290,0
60,40,320,291,465,10.61,231,4,290,0
60,40,320,291,498,10.61,231,4,290,0
60,40,320,291,531,10.61,231,3,290,0
60,40,320,291,564,10.61,231,3,290,0
60,40,320,291,597,10.61,231,3,290,0
60,40,320,291,630,10.61,231,3,290,0
60,40,320,193,397,10.3,133,3,290,0
60,40,320,193,427,10.3,133,3,290,0
60,40,320,193,457,10.3,133,3,291,0
60,40,320,193,487,10.3,133,3,291,0
60,40,320,193,517,10.3,133,3,291,0
60,40,320,193,547,10.3,133,3,291,0
60,40,320,193,577,10.3,133,3,291,0
60,40,320,193,607,10.3,133,4,291,0
60,40,320,193,637,10.3,133,4,291,0
60,40,320,276,517,10.68,216,3,291,0
60,40,320,276,550,10.68,216,3,291,0
60,40,320,276,583,10.68,216,3,291,0
60,40,320,276,616,10.68,216,3,291,0
60,40,320,276,649,10.68,216,3,291,0
60,40,320,88,244,11.26,28,3,291,0
60,40,320,88,277,11.26,28,3,291,0
60,40,320,88,310,11.26,28,3,291,0
60,40,320,88,343,11.26,28,3,291,0
60,40,320,88,376,11.26,28,3,291,0
60,40,320,88,409,11.26,28,3,291,0
60,40,320,88,442,11.26,28,3,291,0
60,40,320,88,475,11.26,28,3,291,0
50,30,330,88,508,11.26,38,3,292,-1
35,15,345,88,541,11.26,53,3,292,-1
25,5,355,88,574,11.26,63,3,292,0
25,5,355,88,607,11.26,63,3,292,0
25,5,355,88,640,11.26,63,3,292,0
25,5,355,131,410,10.34,106,3,292,0
25,5,355,131,440,10.34,106,3,292,0
25,5,355,131,470,10.34,106,3,292,0
25,5,355,131,500,10.34,106,3,292,0
25,5,355,131,530,10.34,106,3,292,0
25,5,355,131,560,10.34,106,3,292,0
25,5,355,131,590,10.34,106,3,292,0
25,5,355,131,620,10.34,106,4,292,0
25,5,355,338,492,10.7,313,3,292,0
25,5,355,338,525,10.7,313,3,292,0
25,5,355,338,558,10.7,313,3,292,0
25,5,355,338,591,10.7,313,3,292,0
25,5,355,338,624,10.7,313,3,292,0
25,5,355,345,441,11.15,320,3,292,0
25,5,355,345,474,11.15,320,3,292,0
25,5,355,345,507,11.15,320,3,293,0
25,5,355,345,540,11.15,320,3,293,0
25,5,355,345,573,11.15,320,3,293,0
25,5,355,345,606,11.15,320,3,293,0
25,5,355,285,418,11.01,260,3,293,0
25,5,355,285,451,11.01,260,3,293,0
25,5,355,285,484,11.01,260,3,293,0
25,5,355,285,517,11.01,260,3,293,0
25,5,355,285,550,11.01,260,3,293,0
25,5,355,285,583,11.01,260,3,293,0
25,5,355,285,616,11.01,260,3,293,0
25,5,355,207,430,10.53,182,3,293,0
25,5,355,207,463,10.53,182,3,293,0
25,5,355,207,496,10.53,182,3,293,0
25,5,355,207,529,10.53,182,3,293,0
25,5,355,207,562,10.53,182,3,293,0
25,5,355,207,595,10.53,182,3,293,0
25,5,355,207,628,10.53,182,3,293,0
25,5,355,72,219,11.07,47,3,293,0
25,5,355,72,252,11.07,47,3,293,0
25,5,355,72,285,11.07,47,3,294,0
25,5,355,72,318,11.07,47,3,294,0
25,5,355,72,351,11.07,47,3,294,0
25,5,355,72,384,11.07,47,3,294,0
25,5,355,72,417,11.07,47,3,294,0
25,5,355,72,450,11.07,47,3,294,0
25,5,355,72,483,11.07,47,3,294,0
25,5,355,72,516,11.07,47,3,294,0
25,5,355,72,549,11.07,47,3,294,0
25,5,355,72,582,11.07,47,3,294,0
25,5,355,72,615,11.07,47,3,294,0
25,5,355,72,648,11.07,47,3,294,0
25,5,355,161,459,11.14,136,3,294,0
25,5,355,161,492,11.14,136,3,294,0
25,5,355,161,525,11.14,136,3,294,0
25,5,355,161,558,11.14,136,3,294,0
25,5,355,161,591,11.14,136,3,294,0
35,15,345,30,405,11.05,-5,3,294,1
50,30,330,30,438,11.05,-20,3,294,1
65,45,315,30,471,11.05,-35,3,294,1
80,60,300,30,504,11.05,-50,3,295,1
95,75,285,30,537,11.05,-65,3,295,1
100,80,280,30,570,11.05,-70,3,295,0
100,80,280,30,603,11.05,-70,3,295,0
100,80,280,30,636,11.05,-70,3,295,0
100,80,280,334,408,10.2,234,3,295,0
100,80,280,334,438,10.2,234,3,295,0
100,80,280,334,468,10.2,234,3,295,0
100,80,280,334,498,10.2,234,3,295,0
100,80,280,334,528,10.2,234,3,295,0
100,80,280,334,558,10.2,234,3,295,0
100,80,280,223,430,11.07,123,3,295,0
100,80,280,223,463,11.07,123,4,295,0
100,80,280,223,496,11.07,123,4,295,0
100,80,280,223,529,11.07,123,3,295,0
100,80,280,223,562,11.07,123,3,295,0
100,80,280,223,595,11.07,123,3,295,0
100,80,280,223,628,11.07,123,3,295,0
100,80,280,184,439,10.59,84,3,295,0
100,80,280,184,472,10.59,84,3,295,0
100,80,280,184,505,10.59,84,3,296,0
100,80,280,184,538,10.59,84,3,296,0
100,80,280,184,571,10.59,84,3,296,0
100,80,280,184,604,10.59,84,3,296,0
100,80,280,184,637,10.59,84,3,296,0
100,80,280,255,447,10.91,155,3,296,0
100,80,280,255,480,10.91,155,3,296,0
100,80,280,255,513,10.91,155,3,296,0
100,80,280,255,546,10.91,155,3,296,0
100,80,280,255,579,10.91,155,3,296,0
100,80,280,255,612,10.91,155,3,296,0
100,80,280,255,645,10.91,155,3,296,0
100,80,280,274,421,10.2,174,3,296,0
100,80,280,274,451,10.2,174,3,296,0
100,80,280,274,481,10.2,174,3,296,0
100,80,280,274,511,10.2,174,3,296,0
100,80,280,274,541,10.2,174,3,296,0
100,80,280,274,571,10.2,174,3,296,0
100,80,280,148,395,9.95,48,4,296,0
100,80,280,148,425,9.95,48,4,296,0
100,80,280,148,455,9.95,48,3,297,0
100,80,280,148,485,9.95,48,3,297,0
85,65,295,148,515,9.95,63,3,297,-1
70,50,310,148,545,9.95,78,3,297,-1
65,45,315,148,575,9.95,83,3,297,0
65,45,315,148,605,9.95,83,4,297,0
65,45,315,148,635,9.95,83,4,297,0
65,45,315,298,518,10.81,233,3,297,0
65,45,315,298,551,10.81,233,3,297,0
65,45,315,298,584,10.81,233,3,297,0
65,45,315,298,617,10.81,233,3,297,0
65,45,315,278,427,11.07,213,2,297,0
65,45,315,278,460,11.07,213,3,297,0
65,45,315,278,493,11.07,213,3,297,0
65,45,315,278,526,11.07,213,3,297,0
65,45,315,278,559,11.07,213,3,297,0
65,45,315,278,592,11.07,213,3,297,0
65,45,315,205,408,10.95,140,3,297,0
65,45,315,205,441,10.95,140,3,297,0
65,45,315,205,474,10.95,140,3,297,0
65,45,315,205,507,10.95,140,3,298,0
65,45,315,205,540,10.95,140,3,298,0
65,45,315,205,573,10.95,140,3,298,0
65,45,315,95,387,10.84,30,3,298,0
65,45,315,95,420,10.84,30,3,298,0
65,45,315,95,453,10.84,30,3,298,0
50,30,330,95,486,10.84,45,3,298,-1
35,15,345,95,519,10.84,60,3,298,-1
25,5,355,95,552,10.84,70,3,298,0
25,5,355,95,585,10.84,70,3,298,0
25,5,355,95,618,10.84,70,3,298,0
25,5,355,210,432,10.98,185,2,298,0
25,5,355,210,465,10.98,185,3,298,0
25,5,355,210,498,10.98,185,3,298,0
25,5,355,210,531,10.98,185,3,298,0
25,5,355,210,564,10.98,185,3,298,0
25,5,355,210,597,10.98,185,3,298,0
25,5,355,210,630,10.98,185,3,298,0
25,5,355,140,223,10.61,115,3,298,0
25,5,355,140,256,10.61,115,3,298,0
25,5,355,140,289,10.61,115,3,299,0
25,5,355,140,322,10.61,115,3,299,0
25,5,355,140,355,10.61,115,3,299,0
25,5,355,140,388,10.61,115,3,299,0
25,5,355,140,421,10.61,115,3,299,0
25,5,355,140,454,10.61,115,4,299,0
25,5,355,140,487,10.61,115,4,299,0
25,5,355,140,520,10.61,115,3,299,0
25,5,355,140,553,10.61,115,3,299,0
25,5,355,140,586,10.61,115,3,299,0
25,5,355,140,619,10.61,115,3,299,0
25,5,355,368,431,10.52,343,2,299,0
25,5,355,368,464,10.52,343,3,299,0
25,5,355,368,497,10.52,343,3,299,0
25,5,355,368,530,10.52,343,3,299,0
25,5,355,368,563,10.52,343,3,299,0
25,5,355,368,596,10.52,343,3,299,0
25,5,355,203,369,10.06,178,3,299,0
25,5,355,203,399,10.06,178,3,299,0
25,5,355,203,429,10.06,178,3,299,0
25,5,355,203,459,10.06,178,3,300,0
25,5,355,203,489,10.06,178,3,300,0
25,5,355,203,519,10.06,178,3,300,0
25,5,355,203,549,10.06,178,3,300,0
25,5,355,203,579,10.06,178,3,300,0
25,5,355,135,450,11.02,110,4,300,0
25,5,355,135,483,11.02,110,4,300,0
25,5,355,135,516,11.02,110,3,300,0
25,5,355,135,549,11.02,110,3,300,0
25,5,355,135,582,11.02,110,3,300,0
25,5,355,135,615,11.02,110,3,300,0
25,5,355,135,648,11.02,110,3,300,0
25,5,355,40,242,11.14,15,3,300,0
30,10,350,40,275,11.14,10,3,300,1
45,25,335,40,308,11.14,-5,3,300,1
60,40,320,40,341,11.14,-20,3,300,1
75,55,305,40,374,11.14,-35,3,300,1
90,70,290,40,407,11.14,-50,3,300,1
105,85,275,40,440,11.14,-65,4,300,1
105,85,275,40,473,11.14,-65,4,300,0
105,85,275,40,506,11.14,-65,3,301,0
105,85,275,40,539,11.14,-65,3,301,0
105,85,275,40,572,11.14,-65,3,301,0
105,85,275,40,605,11.14,-65,3,301,0
105,85,275,40,638,11.14,-65,3,301,0
105,85,275,342,406,10.12,237,3,301,0
105,85,275,342,436,10.12,237,3,301,0
105,85,275,342,466,10.12,237,3,301,0
105,85,275,342,496,10.12,237,3,301,0
105,85,275,342,526,10.12,237,3,301,0
105,85,275,342,556,10.12,237,3,301,0
105,85,275,199,431,10.94,94,3,301,0
105,85,275,199,464,10.94,94,4,301,0
105,85,275,199,497,10.94,94,4,301,0
105,85,275,199,530,10.94,94,3,301,0
105,85,275,199,563,10.94,94,3,301,0
105,85,275,199,596,10.94,94,3,301,0
105,85,275,199,629,10.94,94,3,301,0
110,90,270,105,396,10.17,-5,3,301,1
125,105,255,105,426,10.17,-20,3,301,1
140,120,240,105,456,10.17,-35,3,302,1
155,135,225,105,486,10.17,-50,3,302,1
170,150,210,105,516,10.17,-65,3,302,1
170,150,210,105,546,10.17,-65,3,302,0
170,150,210,105,576,10.17,-65,3,302,0
170,150,210,105,606,10.17,-65,4,302,0
170,150,210,105,636,10.17,-65,4,302,0
170,150,210,312,519,11.04,142,3,302,0
170,150,210,312,552,11.04,142,3,302,0
170,150,210,312,585,11.04,142,3,302,0
170,150,210,157,396,10.53,-13,3,302,0
175,155,205,157,429,10.53,-18,2,302,1
190,170,190,157,462,10.53,-33,3,302,1
205,185,175,157,495,10.53,-48,3,302,1
215,195,165,157,528,10.53,-58,3,302,0
215,195,165,157,561,10.53,-58,3,302,0
215,195,165,157,594,10.53,-58,3,302,0
215,195,165,157,627,10.53,-58,3,302,0
215,195,165,215,395,10.1,0,3,302,0
215,195,165,215,425,10.1,0,3,302,0
225,205,155,215,455,10.1,-10,3,303,1
240,220,140,215,485,10.1,-25,3,303,1
255,235,125,215,515,10.1,-40,3,303,1
265,245,115,215,545,10.1,-50,3,303,0
265,245,115,215,575,10.1,-50,3,303,0
265,245,115,215,605,10.1,-50,4,303,0
265,245,115,313,482,11.42,48,4,303,0
255,235,125,313,515,11.42,58,3,303,-1
240,220,140,313,548,11.42,73,3,303,-1
225,205,155,313,581,11.42,88,3,303,-1
225,205,155,313,614,11.42,88,3,303,0
225,205,155,207,429,11.17,-18,3,303,0
225,205,155,207,462,11.17,-18,3,303,0
240,220,140,207,495,11.17,-33,3,303,1
255,235,125,207,528,11.17,-48,3,303,1
270,250,110,207,561,11.17,-63,3,303,1
275,255,105,207,594,11.17,-68,3,303,0
275,255,105,207,627,11.17,-68,3,303,0
275,255,105,385,395,10.33,110,3,303,0
275,255,105,385,425,10.33,110,3,303,0
275,255,105,385,455,10.33,110,3,304,0
275,255,105,385,485,10.33,110,3,304,0
275,255,105,385,515,10.33,110,3,304,0
275,255,105,385,545,10.33,110,3,304,0
275,255,105,385,575,10.33,110,3,304,0
275,255,105,385,605,10.33,110,4,304,0
275,255,105,385,635,10.33,110,4,304,0
275,255,105,129,467,10.43,-146,3,304,0
275,255,105,129,497,10.43,-146,3,304,0
275,255,105,129,527,10.43,-146,3,304,0
275,255,105,129,557,10.43,-146,3,304,0
275,255,105,317,426,10.64,42,3,304,0
275,255,105,317,459,10.64,42,4,304,0
275,255,105,317,492,10.64,42,4,304,0
260,240,120,317,525,10.64,57,3,304,-1
245,225,135,317,558,10.64,72,3,304,-1
240,220,140,317,591,10.64,77,3,304,0
240,220,140,317,624,10.64,77,3,304,0
240,220,140,192,441,10.7,-48,3,304,0
240,220,140,192,474,10.7,-48,3,304,0
245,225,135,192,507,10.7,-53,3,305,1
260,240,120,192,540,10.7,-68,3,305,1
275,255,105,192,573,10.7,-83,3,305,1
275,255,105,192,606,10.7,-83,3,305,0
275,255,105,192,639,10.7,-83,3,305,0
275,255,105,230,451,11.11,-45,3,305,0
275,255,105,230,484,11.11,-45,3,305,0
275,255,105,230,517,11.11,-45,3,305,0
280,260,100,230,550,11.11,-50,3,305,1
295,275,85,230,583,11.11,-65,3,305,1
310,290,70,230,616,11.11,-80,3,305,1
310,290,70,230,649,11.11,-80,3,305,0
310,290,70,103,506,11.56,-207,3,305,0
310,290,70,103,542,11.56,-207,3,305,0
310,290,70,103,578,11.56,-207,3,305,0
310,290,70,318,343,11.28,8,3,305,0
310,290,70,318,376,11.28,8,2,305,0
310,290,70,318,409,11.28,8,2,305,0
310,290,70,318,442,11.28,8,3,305,0
295,275,85,318,475,11.28,23,3,305,-1
280,260,100,318,508,11.28,38,3,306,-1
265,245,115,318,541,11.28,53,3,306,-1
260,240,120,318,574,11.28,58,3,306,0
260,240,120,318,607,11.28,58,3,306,0
260,240,120,318,640,11.28,58,3,306,0
260,240,120,179,450,10.61,-81,3,306,0
260,240,120,179,483,10.61,-81,3,306,0
260,240,120,179,516,10.61,-81,3,306,0
260,240,120,179,549,10.61,-81,3,306,0
260,240,120,179,582,10.61,-81,3,306,0
260,240,120,179,615,10.61,-81,3,306,0
260,240,120,321,469,11.51,61,3,306,0
250,230,130,321,505,11.51,71,3,306,-1
235,215,145,321,541,11.51,86,3,306,-1
220,200,160,321,577,11.51,101,3,306,-1
220,200,160,321,613,11.51,101,3,306,0
220,200,160,321,649,11.51,101,3,306,0
220,200,160,87,365,10.47,-133,2,306,0
220,200,160,87,395,10.47,-133,3,306,0
220,200,160,87,425,10.47,-133,3,306,0
220,200,160,87,455,10.47,-133,3,307,0
220,200,160,87,485,10.47,-133,3,307,0
220,200,160,87,515,10.47,-133,3,307,0
220,200,160,87,545,10.47,-133,3,307,0
220,200,160,263,458,11.57,43,3,307,0
210,190,170,263,494,11.57,53,4,307,-1
195,175,185,263,530,11.57,68,4,307,-1
180,160,200,263,566,11.57,83,3,307,-1
170,150,210,263,602,11.57,93,3,307,0
170,150,210,263,638,11.57,93,3,307,0
170,150,210,128,397,10.71,-42,2,307,0
170,150,210,128,430,10.71,-42,2,307,0
170,150,210,128,463,10.71,-42,3,307,0
170,150,210,128,496,10.71,-42,3,307,0
180,160,200,128,529,10.71,-52,3,307,1
195,175,185,128,562,10.71,-67,3,307,1
205,185,175,128,595,10.71,-77,3,307,0
205,185,175,128,628,10.71,-77,3,307,0
200,180,180,237,438,11.15,37,3,307,-1
185,165,195,237,471,11.15,52,3,307,-1
170,150,210,237,504,11.15,67,3,308,-1
155,135,225,237,537,11.15,82,3,308,-1
155,135,225,237,570,11.15,82,3,308,0
155,135,225,237,603,11.15,82,3,308,0
155,135,225,237,636,11.15,82,3,308,0
155,135,225,351,490,11.53,196,3,308,0
155,135,225,351,526,11.53,196,3,308,0
155,135,225,351,562,11.53,196,3,308,0
155,135,225,351,598,11.53,196,3,308,0
155,135,225,351,634,11.53,196,3,308,0
155,135,225,308,394,11.06,153,2,308,0
155,135,225,308,427,11.06,153,2,308,0
155,135,225,308,460,11.06,153,3,308,0
155,135,225,308,493,11.06,153,3,308,0
155,135,225,308,526,11.06,153,3,308,0
155,135,225,308,559,11.06,153,3,308,0
155,135,225,308,592,11.06,153,3,308,0
155,135,225,308,625,11.06,153,3,308,0
155,135,225,68,395,10.35,-87,3,308,0
155,135,225,68,425,10.35,-87,3,308,0
155,135,225,68,455,10.35,-87,3,309,0
155,135,225,68,485,10.35,-87,3,309,0
155,135,225,68,515,10.35,-87,3,309,0
155,135,225,68,545,10.35,-87,3,309,0
155,135,225,68,575,10.35,-87,3,309,0
155,135,225,68,605,10.35,-87,4,309,0
155,135,225,68,635,10.35,-87,4,309,0
155,135,225,265,518,11.37,110,3,309,0
155,135,225,265,551,11.37,110,3,309,0
155,135,225,265,584,11.37,110,3,309,0
155,135,225,265,617,11.37,110,3,309,0
155,135,225,306,431,11.35,151,2,309,0
155,135,225,306,464,11.35,151,3,309,0
155,135,225,306,497,11.35,151,3,309,0
155,135,225,306,530,11.35,151,3,309,0
155,135,225,306,563,11.35,151,3,309,0
155,135,225,306,596,11.35,151,3,309,0
155,135,225,241,444,11.53,86,3,309,0
155,135,225,241,480,11.53,86,3,309,0
155,135,225,241,516,11.53,86,3,309,0
155,135,225,241,552,11.53,86,3,310,0
155,135,225,241,588,11.53,86,3,310,0
155,135,225,241,624,11.53,86,3,310,0
155,135,225,186,387,11.08,31,2,310,0
155,135,225,186,420,11.08,31,2,310,0
150,130,230,186,453,11.08,36,3,310,-1
135,115,245,186,486,11.08,51,3,310,-1
120,100,260,186,519,11.08,66,3,310,-1
115,95,265,186,552,11.08,71,3,310,0
115,95,265,186,585,11.08,71,3,310,0
115,95,265,186,618,11.08,71,3,310,0
115,95,265,303,430,11.42,188,2,310,0
115,95,265,303,463,11.42,188,3,310,0
115,95,265,303,496,11.42,188,3,310,0
115,95,265,303,529,11.42,188,3,310,0
115,95,265,303,562,11.42,188,3,310,0
115,95,265,70,377,11.41,-45,3,310,0
115,95,265,70,410,11.41,-45,3,310,0
115,95,265,70,443,11.41,-45,3,310,0
115,95,265,70,476,11.41,-45,3,310,0
115,95,265,70,509,11.41,-45,3,311,0
115,95,265,70,542,11.41,-45,3,311,0
115,95,265,70,575,11.41,-45,3,311,0
115,95,265,70,608,11.41,-45,3,311,0
115,95,265,70,641,11.41,-45,3,311,0
115,95,265,62,449,11.41,-53,3,311,0
115,95,265,62,482,11.41,-53,3,311,0
115,95,265,62,515,11.41,-53,3,311,0
115,95,265,62,548,11.41,-53,3,311,0
115,95,265,62,581,11.41,-53,3,311,0
115,95,265,62,614,11.41,-53,3,311,0
115,95,265,62,647,11.41,-53,3,311,0
115,95,265,361,505,11.75,246,3,311,0
115,95,265,361,541,11.75,246,3,311,0
115,95,265,361,577,11.75,246,3,311,0
115,95,265,204,341,11.03,89,3,311,0
115,95,265,204,374,11.03,89,3,311,0
115,95,265,204,407,11.03,89,2,311,0
115,95,265,204,440,11.03,89,3,311,0
115,95,265,204,473,11.03,89,3,311,0
115,95,265,204,506,11.03,89,3,312,0
115,95,265,204,539,11.03,89,3,312,0
115,95,265,204,572,11.03,89,3,312,0
115,95,265,204,605,11.03,89,3,312,0
115,95,265,204,638,11.03,89,3,312,0
115,95,265,37,449,10.71,-78,3,312,0
115,95,265,37,482,10.71,-78,3,312,0
115,95,265,37,515,10.71,-78,3,312,0
115,95,265,37,548,10.71,-78,3,312,0
115,95,265,37,581,10.71,-78,3,312,0
115,95,265,37,614,10.71,-78,3,312,0
115,95,265,37,647,10.71,-78,3,312,0
115,95,265,228,461,11.29,113,3,312,0
115,95,265,228,494,11.29,113,3,312,0
115,95,265,228,527,11.29,113,3,312,0
115,95,265,228,560,11.29,113,3,312,0
115,95,265,228,593,11.29,113,3,312,0
115,95,265,228,626,11.29,113,3,312,0
115,95,265,364,439,11.43,249,3,312,0
115,95,265,364,472,11.43,249,3,312,0
115,95,265,364,505,11.43,249,3,313,0
115,95,265,364,538,11.43,249,3,313,0
115,95,265,364,571,11.43,249,3,313,0
115,95,265,364,604,11.43,249,3,313,0
115,95,265,255,419,10.51,140,3,313,0
115,95,265,255,452,10.51,140,3,313,0
115,95,265,255,485,10.51,140,3,313,0
115,95,265,255,518,10.51,140,3,313,0
115,95,265,255,551,10.51,140,3,313,0
115,95,265,255,584,10.51,140,3,313,0
115,95,265,176,430,11.75,61,3,313,0
115,95,265,176,466,11.75,61,2,313,0
115,95,265,176,502,11.75,61,3,313,0
115,95,265,176,538,11.75,61,3,313,0
115,95,265,176,574,11.75,61,3,313,0
115,95,265,176,610,11.75,61,3,313,0
115,95,265,176,646,11.75,61,3,313,0
115,95,265,98,408,11.15,-17,2,313,0
125,105,255,98,441,11.15,-27,3,313,1
140,120,240,98,474,11.15,-42,3,313,1
155,135,225,98,507,11.15,-57,3,314,1
160,140,220,98,540,11.15,-62,3,314,0
160,140,220,98,573,11.15,-62,3,314,0
160,140,220,98,606,11.15,-62,3,314,0
160,140,220,98,639,11.15,-62,3,314,0
160,140,220,23,448,11.4,-137,3,314,0
160,140,220,23,481,11.4,-137,3,314,0
160,140,220,23,514,11.4,-137,3,314,0
160,140,220,23,547,11.4,-137,3,314,0
160,140,220,23,580,11.4,-137,3,314,0
160,140,220,23,613,11.4,-137,3,314,0
160,140,220,23,646,11.4,-137,3,314,0
160,140,220,253,420,10.43,93,3,314,0
160,140,220,253,450,10.43,93,3,314,0
160,140,220,253,480,10.43,93,3,314,0
160,140,220,253,510,10.43,93,3,314,0
160,140,220,253,540,10.43,93,3,314,0
160,140,220,253,570,10.43,93,3,314,0
160,140,220,253,600,10.43,93,4,314,0
160,140,220,106,470,10.83,-54,4,314,0
160,140,220,106,503,10.83,-54,3,315,0
160,140,220,106,536,10.83,-54,3,315,0
160,140,220,106,569,10.83,-54,3,315,0
170,150,210,106,602,10.83,-64,3,315,1
185,165,195,141,456,11.59,-44,3,315,1
200,180,180,141,492,11.59,-59,3,315,1
210,190,170,141,528,11.59,-69,3,315,0
210,190,170,141,564,11.59,-69,3,315,0
210,190,170,141,600,11.59,-69,3,315,0
210,190,170,141,636,11.59,-69,3,315,0
210,190,170,352,393,11.2,142,2,315,0
210,190,170,352,426,11.2,142,2,315,0
210,190,170,352,459,11.2,142,3,315,0
210,190,170,352,492,11.2,142,3,315,0
210,190,170,352,525,11.2,142,3,315,0
210,190,170,352,558,11.2,142,3,315,0
210,190,170,352,591,11.2,142,3,315,0
210,190,170,352,624,11.2,142,3,315,0
210,190,170,320,436,10.76,110,3,315,0
210,190,170,320,469,10.76,110,3,315,0
210,190,170,320,502,10.76,110,3,316,0
210,190,170,320,535,10.76,110,3,316,0
210,190,170,320,568,10.76,110,3,316,0
210,190,170,320,601,10.76,110,3,316,0
210,190,170,320,634,10.76,110,3,316,0
210,190,170,298,453,11.34,88,3,316,0
210,190,170,298,486,11.34,88,3,316,0
210,190,170,298,519,11.34,88,3,316,0
210,190,170,298,552,11.34,88,3,316,0
210,190,170,298,585,11.34,88,3,316,0
195,175,185,199,396,10.68,4,3,316,-1
180,160,200,199,429,10.68,19,2,316,-1
165,145,215,199,462,10.68,34,3,316,-1
160,140,220,199,495,10.68,39,3,316,0
160,140,220,199,528,10.68,39,3,316,0
200,180,180,200,-100,0.0,0,0,0,0
200,180,180,200,-100,0.0,0,0,0,0
200,180,180,200,-100,0.0,0,0,0,0
200,180,180,200,-100,0.0,0,0,0,0
200,180,180,200,-100,0.0,0,0,0,0
200,180,180,200,-100,0.0,0,0,0,0
200,180,180,200,-100,0.0,0,0,0,0
200,180,180,200,-100,0.0,0,0,0,0
200,180,180,200,-100,0.0,0,0,0,0
200,180,180,200,-100,0.0,0,0,0,0
200,180,180,200,-100,0.0,0,0,0,0
200,180,180,200,-100,0.0,0,0,0,0
200,180,180,200,-100,0.0,0,0,0,0
200,180,180,200,-100,0.0,0,0,0,0
200,180,180,200,-100,0.0,0,0,0,0
200,180,180,200,-100,0.0,0,0,0,0
200,180,180,200,-100,0.0,0,0,0,0
200,180,180,200,-100,0.0,0,0,0,0
200,180,180,200,-100,0.0,0,0,0,0
200,180,180,201,-12,3.43,1,1,1,0
200,180,180,201,-3,3.43,1,1,1,0
200,180,180,201,6,3.43,1,1,1,0
200,180,180,201,15,3.43,1,1,1,0
200,180,180,201,24,3.43,1,1,1,0
200,180,180,201,33,3.43,1,1,1,0
200,180,180,201,42,3.43,1,1,1,0
200,180,180,201,51,3.43,1,1,1,0
200,180,180,201,60,3.43,1,1,1,0
200,180,180,201,69,3.43,1,1,1,0
200,180,180,201,78,3.43,1,1,1,0
200,180,180,201,87,3.43,1,1,1,0
200,180,180,201,96,3.43,1,1,1,0
200,180,180,201,105,3.43,1,1,1,0
200,180,180,201,114,3.43,1,1,1,0
200,180,180,201,123,3.43,1,1,1,0
200,180,180,201,132,3.43,1,1,1,0
200,180,180,201,141,3.43,1,1,1,0
200,180,180,201,150,3.43,1,1,1,0
200,180,180,201,159,3.43,1,1,1,0
200,180,180,201,168,3.43,1,2,2,0
200,180,180,201,177,3.43,1,2,2,0
200,180,180,201,186,3.43,1,2,2,0
200,180,180,201,195,3.43,1,2,2,0
200,180,180,201,204,3.43,1,2,2,0
200,180,180,201,213,3.43,1,2,2,0
200,180,180,201,222,3.43,1,2,2,0
200,180,180,201,231,3.43,1,2,2,0
200,180,180,201,240,3.43,1,2,2,0
200,180,180,201,249,3.43,1,2,2,0
200,180,180,201,258,3.43,1,2,2,0
200,180,180,201,267,3.43,1,2,2,0
200,180,180,201,276,3.43,1,2,2,0
200,180,180,201,285,3.43,1,2,2,0
200,180,180,201,294,3.43,1,2,2,0
200,180,180,201,303,3.43,1,2,2,0
215,195,165,201,312,3.43,-14,2,2,1
230,210,150,201,321,3.43,-29,2,2,1
245,225,135,201,330,3.43,-44,2,2,1
260,240,120,201,339,3.43,-59,2,2,1
275,255,105,201,348,3.43,-74,3,3,1
290,270,90,201,357,3.43,-89,3,3,1
305,285,75,201,366,3.43,-104,3,3,1
320,300,60,201,375,3.43,-119,3,3,1
335,315,45,201,384,3.43,-134,3,3,1
350,330,30,201,393,3.43,-149,3,3,1
365,345,15,201,402,3.43,-164,3,3,1
365,345,15,201,411,3.43,-164,3,3,0
365,345,15,201,420,3.43,-164,3,3,0
365,345,15,201,429,3.43,-164,3,3,0
365,345,15,201,438,3.43,-164,3,3,0
365,345,15,201,447,3.43,-164,3,3,0
365,345,15,201,456,3.43,-164,3,3,0
365,345,15,201,465,3.43,-164,3,3,0
365,345,15,201,474,3.43,-164,3,3,0
365,345,15,201,483,3.43,-164,3,3,0
365,345,15,201,492,3.43,-164,3,3,0
365,345,15,201,501,3.43,-164,3,3,0
365,345,15,201,510,3.43,-164,3,3,0
365,345,15,201,519,3.43,-164,3,3,0
365,345,15,201,528,3.43,-164,4,4,0
365,345,15,201,537,3.43,-164,4,4,0
365,345,15,201,546,3.43,-164,4,4,0
365,345,15,201,555,3.43,-164,4,4,0
365,345,15,201,564,3.43,-164,4,4,0
365,345,15,201,573,3.43,-164,4,4,0
365,345,15,201,582,3.43,-164,4,4,0
365,345,15,201,591,3.43,-164,4,4,0
365,345,15,201,600,3.43,-164,4,4,0
365,345,15,201,609,3.43,-164,4,4,0
365,345,15,201,618,3.43,-164,4,4,0
365,345,15,201,627,3.43,-164,4,4,0
365,345,15,208,458,2.59,-157,4,4,0
365,345,15,208,467,2.59,-157,4,4,0
365,345,15,208,476,2.59,-157,4,4,0
365,345,15,208,485,2.59,-157,3,4,0
365,345,15,208,494,2.59,-157,3,4,0
365,345,15,208,503,2.59,-157,3,4,0
365,345,15,208,512,2.59,-157,3,4,0
365,345,15,208,521,2.59,-157,3,4,0
365,345,15,208,530,2.59,-157,4,5,0
365,345,15,208,539,2.59,-157,4,5,0
365,345,15,208,548,2.59,-157,4,5,0
365,345,15,208,557,2.59,-157,4,5,0
365,345,15,208,566,2.59,-157,4,5,0
375,355,5,208,575,2.59,-167,4,5,1
380,360,0,208,584,2.59,-172,4,5,1
380,360,0,311,416,2.78,-69,4,5,1
380,360,0,311,425,2.78,-69,4,5,1
380,360,0,311,434,2.78,-69,4,5,0
380,360,0,311,443,2.78,-69,4,5,0
380,360,0,311,452,2.78,-69,4,5,0
380,360,0,311,461,2.78,-69,4,5,0
380,360,0,311,470,2.78,-69,4,5,0
380,360,0,311,479,2.78,-69,3,5,0
380,360,0,311,488,2.78,-69,3,5,0
380,360,0,311,497,2.78,-69,3,5,0
380,360,0,311,506,2.78,-69,3,5,0
380,360,0,311,515,2.78,-69,3,5,0
380,360,0,311,524,2.78,-69,4,5,0
380,360,0,311,533,2.78,-69,4,6,0
380,360,0,311,542,2.78,-69,4,6,0
380,360,0,311,551,2.78,-69,4,6,0
380,360,0,311,560,2.78,-69,4,6,0
380,360,0,311,569,2.78,-69,4,6,0
380,360,0,311,578,2.78,-69,4,6,0
370,350,10,311,587,2.78,-59,4,6,-1
355,335,25,311,596,2.78,-44,4,6,-1
340,320,40,311,605,2.78,-29,4,6,-1
325,305,55,311,614,2.78,-14,4,6,-1
315,295,65,311,623,2.78,-4,4,6,0
315,295,65,311,632,2.78,-4,4,6,0
315,295,65,311,641,2.78,-4,4,6,0
330,310,50,251,470,3.32,-79,3,6,1
345,325,35,251,479,3.32,-94,3,6,1
360,340,20,251,488,3.32,-109,3,6,1
365,345,15,251,497,3.32,-114,3,6,0
365,345,15,251,506,3.32,-114,3,6,0
365,345,15,251,515,3.32,-114,3,6,0
365,345,15,251,524,3.32,-114,4,6,0
365,345,15,251,533,3.32,-114,4,7,0
365,345,15,251,542,3.32,-114,4,7,0
365,345,15,251,551,3.32,-114,4,7,0
365,345,15,251,560,3.32,-114,4,7,0
365,345,15,251,569,3.32,-114,4,7,0
365,345,15,251,578,3.32,-114,4,7,0
360,340,20,251,587,3.32,-109,4,7,-1
345,325,35,251,596,3.32,-94,4,7,-1
330,310,50,251,605,3.32,-79,4,7,-1
315,295,65,251,614,3.32,-64,4,7,-1
300,280,80,251,623,3.32,-49,4,7,-1
285,265,95,251,632,3.32,-34,4,7,-1
270,250,110,251,641,3.32,-19,4,7,-1
255,235,125,251,650,3.32,-4,4,7,-1
240,220,140,74,487,3.43,-166,3,7,-1
225,205,155,74,496,3.43,-151,3,7,-1
210,190,170,74,505,3.43,-136,3,7,-1
195,175,185,74,514,3.43,-121,3,7,-1
180,160,200,74,523,3.43,-106,4,7,-1
170,150,210,74,532,3.43,-96,4,7,0
170,150,210,74,541,3.43,-96,4,8,0
170,150,210,74,550,3.43,-96,4,8,0
170,150,210,74,559,3.43,-96,4,8,0
170,150,210,74,568,3.43,-96,4,8,0
170,150,210,74,577,3.43,-96,4,8,0
170,150,210,74,586,3.43,-96,4,8,0
170,150,210,74,595,3.43,-96,4,8,0
170,150,210,74,604,3.43,-96,4,8,0
170,150,210,74,613,3.43,-96,4,8,0
170,150,210,110,444,2.88,-60,4,8,0
170,150,210,110,453,2.88,-60,4,8,0
170,150,210,110,462,2.88,-60,4,8,0
170,150,210,110,471,2.88,-60,3,8,0
170,150,210,110,480,2.88,-60,3,8,0
170,150,210,110,489,2.88,-60,3,8,0
170,150,210,110,498,2.88,-60,3,8,0
170,150,210,110,507,2.88,-60,3,8,0
170,150,210,110,516,2.88,-60,4,8,0
170,150,210,110,525,2.88,-60,4,8,0
170,150,210,110,534,2.88,-60,4,8,0
170,150,210,110,543,2.88,-60,4,9,0
170,150,210,110,552,2.88,-60,4,9,0
170,150,210,110,561,2.88,-60,4,9,0
170,150,210,110,570,2.88,-60,4,9,0
170,150,210,110,579,2.88,-60,4,9,0
170,150,210,110,588,2.88,-60,4,9,0
170,150,210,110,597,2.88,-60,4,9,0
170,150,210,110,606,2.88,-60,4,9,0
170,150,210,110,615,2.88,-60,4,9,0
180,160,200,153,446,2.97,-27,4,9,1
195,175,185,153,455,2.97,-42,4,9,1
210,190,170,153,464,2.97,-57,4,9,1
225,205,155,153,473,2.97,-72,3,9,1
240,220,140,153,482,2.97,-87,3,9,1
255,235,125,153,491,2.97,-102,3,9,1
270,250,110,153,500,2.97,-117,3,9,1
285,265,95,153,509,2.97,-132,4,9,1
300,280,80,153,518,2.97,-147,4,9,1
315,295,65,153,527,2.97,-162,4,9,1
315,295,65,153,536,2.97,-162,4,9,0
315,295,65,153,545,2.97,-162,4,10,0
315,295,65,153,554,2.97,-162,4,10,0
315,295,65,312,392,2.73,-3,4,10,0
315,295,65,312,401,2.73,-3,4,10,0
315,295,65,312,410,2.73,-3,4,10,0
315,295,65,312,419,2.73,-3,4,10,0
315,295,65,312,428,2.73,-3,4,10,0
300,280,80,312,437,2.73,12,4,10,-1
285,265,95,312,446,2.73,27,4,10,-1
270,250,110,312,455,2.73,42,4,10,-1
255,235,125,312,464,2.73,57,4,10,-1
240,220,140,312,473,2.73,72,4,10,-1
225,205,155,312,482,2.73,87,3,10,-1
210,190,170,312,491,2.73,102,3,10,-1
195,175,185,312,500,2.73,117,3,10,-1
180,160,200,312,509,2.73,132,4,10,-1
165,145,215,312,518,2.73,147,4,10,-1
150,130,230,312,527,2.73,162,4,10,-1
150,130,230,312,536,2.73,162,4,10,0
150,130,230,312,545,2.73,162,4,10,0
150,130,230,312,554,2.73,162,4,11,0
150,130,230,312,563,2.73,162,4,11,0
150,130,230,172,397,3.17,22,4,11,0
150,130,230,172,406,3.17,22,4,11,0
150,130,230,172,415,3.17,22,4,11,0
150,130,230,172,424,3.17,22,4,11,0
150,130,230,172,433,3.17,22,4,11,0
150,130,230,172,442,3.17,22,4,11,0
145,125,235,172,451,3.17,27,4,11,-1
130,110,250,172,460,3.17,42,4,11,-1
115,95,265,172,469,3.17,57,4,11,-1
100,80,280,172,478,3.17,72,3,11,-1
85,65,295,172,487,3.17,87,3,11,-1
70,50,310,172,496,3.17,102,3,11,-1
55,35,325,172,505,3.17,117,4,11,-1
45,25,335,172,514,3.17,127,4,11,0
45,25,335,172,523,3.17,127,4,11,0
45,25,335,172,532,3.17,127,4,11,0
45,25,335,172,541,3.17,127,4,11,0
45,25,335,172,550,3.17,127,4,11,0
45,25,335,172,559,3.17,127,4,12,0
45,25,335,148,529,3.97,103,4,12,0
45,25,335,148,541,3.97,103,4,12,0
45,25,335,148,553,3.97,103,4,12,0
45,25,335,148,565,3.97,103,4,12,0
45,25,335,148,577,3.97,103,4,12,0
45,25,335,148,589,3.97,103,4,12,0
45,25,335,148,601,3.97,103,4,12,0
45,25,335,50,390,3.86,5,4,12,0
45,25,335,50,402,3.86,5,4,12,0
60,40,320,50,414,3.86,-10,4,12,1
75,55,305,50,426,3.86,-25,3,12,1
90,70,290,50,438,3.86,-40,2,12,1
105,85,275,50,450,3.86,-55,3,12,1
120,100,260,50,462,3.86,-70,3,12,1
135,115,245,50,474,3.86,-85,3,12,1
150,130,230,50,486,3.86,-100,3,12,1
155,135,225,50,498,3.86,-105,3,12,0
155,135,225,50,510,3.86,-105,3,12,0
155,135,225,50,522,3.86,-105,3,12,0
155,135,225,50,534,3.86,-105,3,13,0
155,135,225,50,546,3.86,-105,3,13,0
155,135,225,50,558,3.86,-105,3,13,0
155,135,225,50,570,3.86,-105,3,13,0
155,135,225,50,582,3.86,-105,3,13,0
155,135,225,50,594,3.86,-105,3,13,0
155,135,225,50,606,3.86,-105,3,13,0
155,135,225,50,618,3.86,-105,3,13,0
155,135,225,50,630,3.86,-105,3,13,0
155,135,225,50,642,3.86,-105,3,13,0
155,135,225,133,312,3.17,-22,2,13,0
155,135,225,133,321,3.17,-22,2,13,0
155,135,225,133,330,3.17,-22,3,13,0
155,135,225,133,339,3.17,-22,3,13,0
155,135,225,133,348,3.17,-22,3,13,0
155,135,225,133,357,3.17,-22,3,13,0
155,135,225,133,366,3.17,-22,3,13,0
155,135,225,133,375,3.17,-22,3,13,0
155,135,225,133,384,3.17,-22,3,13,0
155,135,225,133,393,3.17,-22,3,13,0
155,135,225,133,402,3.17,-22,3,14,0
155,135,225,133,411,3.17,-22,3,14,0
155,135,225,133,420,3.17,-22,3,14,0
155,135,225,133,429,3.17,-22,3,14,0
160,140,220,133,438,3.17,-27,3,14,1
175,155,205,133,447,3.17,-42,3,14,1
190,170,190,133,456,3.17,-57,3,14,1
205,185,175,133,465,3.17,-72,3,14,1
220,200,160,133,474,3.17,-87,3,14,1
235,215,145,133,483,3.17,-102,3,14,1
235,215,145,133,492,3.17,-102,4,14,0
235,215,145,133,501,3.17,-102,4,14,0
235,215,145,133,510,3.17,-102,4,14,0
235,215,145,133,519,3.17,-102,4,14,0
235,215,145,133,528,3.17,-102,4,14,0
235,215,145,133,537,3.17,-102,4,14,0
235,215,145,133,546,3.17,-102,4,14,0
235,215,145,133,555,3.17,-102,4,14,0
235,215,145,133,564,3.17,-102,4,14,0
235,215,145,133,573,3.17,-102,4,14,0
235,215,145,133,582,3.17,-102,4,15,0
235,215,145,133,591,3.17,-102,4,15,0
235,215,145,133,600,3.17,-102,4,15,0
235,215,145,133,609,3.17,-102,4,15,0
235,215,145,133,618,3.17,-102,4,15,0
235,215,145,133,627,3.17,-102,4,15,0
235,215,145,133,636,3.17,-102,4,15,0
235,215,145,355,477,3.15,120,4,15,0
235,215,145,355,486,3.15,120,3,15,0
235,215,145,355,495,3.15,120,4,15,0
235,215,145,355,504,3.15,120,4,15,0
235,215,145,355,513,3.15,120,4,15,0
235,215,145,355,522,3.15,120,4,15,0
235,215,145,355,531,3.15,120,4,15,0
235,215,145,355,540,3.15,120,4,15,0
235,215,145,355,549,3.15,120,4,15,0
235,215,145,355,558,3.15,120,4,15,0
235,215,145,355,567,3.15,120,4,15,0
235,215,145,355,576,3.15,120,4,15,0
235,215,145,355,585,3.15,120,4,15,0
235,215,145,355,594,3.15,120,4,16,0
235,215,145,176,440,3.03,-59,4,16,0
235,215,145,176,449,3.03,-59,4,16,0
235,215,145,176,458,3.03,-59,4,16,0
235,215,145,176,467,3.03,-59,4,16,0
235,215,145,176,476,3.03,-59,4,16,0
235,215,145,176,485,3.03,-59,4,16,0
235,215,145,176,494,3.03,-59,4,16,0
235,215,145,176,503,3.03,-59,4,16,0
235,215,145,176,512,3.03,-59,4,16,0
235,215,145,176,521,3.03,-59,4,16,0
235,215,145,176,530,3.03,-59,4,16,0
235,215,145,176,539,3.03,-59,4,16,0
235,215,145,176,548,3.03,-59,4,16,0
235,215,145,176,557,3.03,-59,4,16,0
235,215,145,176,566,3.03,-59,4,16,0
235,215,145,176,575,3.03,-59,4,16,0
235,215,145,176,584,3.03,-59,4,16,0
235,215,145,176,593,3.03,-59,4,16,0
235,215,145,176,602,3.03,-59,4,16,0
235,215,145,176,611,3.03,-59,4,17,0
235,215,145,176,620,3.03,-59,4,17,0
235,215,145,176,629,3.03,-59,4,17,0
235,215,145,176,638,3.03,-59,4,17,0
235,215,145,176,647,3.03,-59,4,17,0
235,215,145,119,649,3.81,-116,4,17,0
235,215,145,364,443,4.05,129,3,17,0
235,215,145,364,455,4.05,129,3,17,0
235,215,145,364,467,4.05,129,3,17,0
235,215,145,364,479,4.05,129,3,17,0
235,215,145,364,491,4.05,129,3,17,0
235,215,145,364,503,4.05,129,3,17,0
235,215,145,364,515,4.05,129,3,17,0
235,215,145,364,527,4.05,129,3,17,0
235,215,145,364,539,4.05,129,3,17,0
235,215,145,364,551,4.05,129,3,17,0
235,215,145,364,563,4.05,129,3,17,0
235,215,145,364,575,4.05,129,3,17,0
235,215,145,364,587,4.05,129,3,17,0
235,215,145,364,599,4.05,129,3,17,0
235,215,145,261,391,3.8,26,3,18,0
220,200,160,261,403,3.8,41,3,18,-1
205,185,175,261,415,3.8,56,3,18,-1
190,170,190,261,427,3.8,71,4,18,-1
175,155,205,261,439,3.8,86,3,18,-1
160,140,220,261,451,3.8,101,3,18,-1
145,125,235,261,463,3.8,116,3,18,-1
130,110,250,261,475,3.8,131,3,18,-1
125,105,255,261,487,3.8,136,3,18,0
125,105,255,261,499,3.8,136,3,18,0
125,105,255,261,511,3.8,136,3,18,0
125,105,255,261,523,3.8,136,3,18,0
125,105,255,261,535,3.8,136,3,18,0
125,105,255,261,547,3.8,136,3,18,0
125,105,255,261,559,3.8,136,3,18,0
125,105,255,261,571,3.8,136,3,18,0
125,105,255,261,583,3.8,136,3,18,0
125,105,255,261,595,3.8,136,3,18,0
125,105,255,261,607,3.8,136,3,18,0
125,105,255,261,619,3.8,136,3,18,0
125,105,255,261,631,3.8,136,3,19,0
125,105,255,261,643,3.8,136,4,19,0
125,105,255,129,327,3.18,4,3,19,0
125,105,255,129,336,3.18,4,3,19,0
125,105,255,129,345,3.18,4,3,19,0
125,105,255,129,354,3.18,4,3,19,0
125,105,255,129,363,3.18,4,3,19,0
125,105,255,129,372,3.18,4,3,19,0
125,105,255,129,381,3.18,4,3,19,0
125,105,255,129,390,3.18,4,3,19,0
140,120,240,129,399,3.18,-11,3,19,1
155,135,225,129,408,3.18,-26,3,19,1
170,150,210,129,417,3.18,-41,3,19,1
185,165,195,129,426,3.18,-56,3,19,1
200,180,180,129,435,3.18,-71,3,19,1
215,195,165,129,444,3.18,-86,3,19,1
230,210,150,129,453,3.18,-101,3,19,1
245,225,135,129,462,3.18,-116,3,19,1
255,235,125,129,471,3.18,-126,3,19,0
255,235,125,129,480,3.18,-126,4,19,0
255,235,125,129,489,3.18,-126,4,20,0
255,235,125,129,498,3.18,-126,4,20,0
255,235,125,129,507,3.18,-126,4,20,0
255,235,125,129,516,3.18,-126,4,20,0
255,235,125,129,525,3.18,-126,4,20,0
255,235,125,129,534,3.18,-126,4,20,0
255,235,125,129,543,3.18,-126,4,20,0
255,235,125,129,552,3.18,-126,4,20,0
255,235,125,129,561,3.18,-126,4,20,0
255,235,125,129,570,3.18,-126,4,20,0
255,235,125,129,579,3.18,-126,4,20,0
255,235,125,129,588,3.18,-126,4,20,0
255,235,125,129,597,3.18,-126,4,20,0
255,235,125,129,606,3.18,-126,4,20,0
255,235,125,129,615,3.18,-126,4,20,0
255,235,125,129,624,3.18,-126,4,20,0
255,235,125,129,633,3.18,-126,4,20,0
255,235,125,129,642,3.18,-126,5,20,0
255,235,125,215,322,3.05,-40,3,20,0
255,235,125,215,331,3.05,-40,3,20,0
255,235,125,215,340,3.05,-40,3,21,0
255,235,125,215,349,3.05,-40,3,21,0
255,235,125,215,358,3.05,-40,3,21,0
255,235,125,215,367,3.05,-40,3,21,0
255,235,125,215,376,3.05,-40,3,21,0
255,235,125,215,385,3.05,-40,3,21,0
255,235,125,215,394,3.05,-40,3,21,0
255,235,125,215,403,3.05,-40,3,21,0
255,235,125,215,412,3.05,-40,3,21,0
255,235,125,215,421,3.05,-40,3,21,0
260,240,120,215,430,3.05,-45,3,21,1
275,255,105,215,439,3.05,-60,3,21,1
290,270,90,215,448,3.05,-75,3,21,1
305,285,75,215,457,3.05,-90,3,21,1
320,300,60,215,466,3.05,-105,3,21,1
335,315,45,215,475,3.05,-120,4,21,1
340,320,40,215,484,3.05,-125,4,21,0
340,320,40,215,493,3.05,-125,4,21,0
340,320,40,215,502,3.05,-125,4,21,0
340,320,40,215,511,3.05,-125,4,21,0
340,320,40,215,520,3.05,-125,4,22,0
340,320,40,215,529,3.05,-125,4,22,0
340,320,40,215,538,3.05,-125,4,22,0
340,320,40,215,547,3.05,-125,4,22,0
340,320,40,215,556,3.05,-125,4,22,0
340,320,40,215,565,3.05,-125,4,22,0
340,320,40,215,574,3.05,-125,4,22,0
340,320,40,215,583,3.05,-125,4,22,0
340,320,40,215,592,3.05,-125,4,22,0
340,320,40,215,601,3.05,-125,4,22,0
335,315,45,215,610,3.05,-120,4,22,-1
320,300,60,215,619,3.05,-105,4,22,-1
305,285,75,215,628,3.05,-90,4,22,-1
290,270,90,215,637,3.05,-75,5,22,-1
275,255,105,215,646,3.05,-60,4,22,-1
260,240,120,257,239,4.19,-3,3,22,-1
245,225,135,23,462,3.88,-222,3,22,-1
230,210,150,23,474,3.88,-207,3,22,-1
215,195,165,23,486,3.88,-192,3,22,-1
200,180,180,23,498,3.88,-177,3,22,-1
185,165,195,23,510,3.88,-162,3,23,-1
170,150,210,23,522,3.88,-147,3,23,-1
170,150,210,23,534,3.88,-147,3,23,0
170,150,210,23,546,3.88,-147,3,23,0
170,150,210,23,558,3.88,-147,3,23,0
170,150,210,23,570,3.88,-147,3,23,0
170,150,210,23,582,3.88,-147,3,23,0
170,150,210,23,594,3.88,-147,3,23,0
170,150,210,23,606,3.88,-147,3,23,0
170,150,210,23,618,3.88,-147,3,23,0
170,150,210,257,419,4.19,87,4,23,0
170,150,210,257,431,4.19,87,4,23,0
170,150,210,257,443,4.19,87,3,23,0
170,150,210,257,455,4.19,87,3,23,0
170,150,210,257,467,4.19,87,3,23,0
170,150,210,257,479,4.19,87,3,23,0
170,150,210,257,491,4.19,87,3,23,0
170,150,210,257,503,4.19,87,3,23,0
170,150,210,257,515,4.19,87,3,23,0
170,150,210,257,527,4.19,87,3,23,0
170,150,210,257,539,4.19,87,3,24,0
170,150,210,257,551,4.19,87,3,24,0
170,150,210,257,563,4.19,87,3,24,0
170,150,210,257,575,4.19,87,3,24,0
170,150,210,257,587,4.19,87,3,24,0
170,150,210,257,599,4.19,87,3,24,0
170,150,210,257,611,4.19,87,3,24,0
170,150,210,257,623,4.19,87,3,24,0
170,150,210,257,635,4.19,87,4,24,0
170,150,210,257,647,4.19,87,4,24,0
170,150,210,97,441,4.17,-73,3,24,0
170,150,210,97,453,4.17,-73,3,24,0
170,150,210,97,465,4.17,-73,3,24,0
170,150,210,97,477,4.17,-73,3,24,0
170,150,210,97,489,4.17,-73,3,24,0
170,150,210,97,501,4.17,-73,3,24,0
170,150,210,97,513,4.17,-73,3,24,0
170,150,210,97,525,4.17,-73,3,24,0
170,150,210,97,537,4.17,-73,3,24,0
170,150,210,97,549,4.17,-73,3,24,0
170,150,210,97,561,4.17,-73,3,25,0
170,150,210,97,573,4.17,-73,3,25,0
170,150,210,97,585,4.17,-73,3,25,0
170,150,210,97,597,4.17,-73,3,25,0
170,150,210,97,609,4.17,-73,3,25,0
170,150,210,97,621,4.17,-73,4,25,0
170,150,210,97,633,4.17,-73,4,25,0
170,150,210,129,439,3.85,-41,4,25,0
170,150,210,129,451,3.85,-41,3,25,0
175,155,205,129,463,3.85,-46,3,25,1
190,170,190,129,475,3.85,-61,3,25,1
205,185,175,129,487,3.85,-76,3,25,1
220,200,160,129,499,3.85,-91,3,25,1
230,210,150,129,511,3.85,-101,3,25,0
230,210,150,129,523,3.85,-101,3,25,0
230,210,150,129,535,3.85,-101,3,25,0
230,210,150,129,547,3.85,-101,3,25,0
230,210,150,129,559,3.85,-101,3,25,0
230,210,150,129,571,3.85,-101,3,25,0
230,210,150,129,583,3.85,-101,3,25,0
215,195,165,129,595,3.85,-86,3,26,-1
200,180,180,129,607,3.85,-71,3,26,-1
185,165,195,129,619,3.85,-56,4,26,-1
170,150,210,129,631,3.85,-41,4,26,-1
170,150,210,129,643,3.85,-41,4,26,0
170,150,210,87,447,4.36,-83,3,26,0
170,150,210,87,459,4.36,-83,3,26,0
170,150,210,87,471,4.36,-83,3,26,0
170,150,210,87,483,4.36,-83,3,26,0
170,150,210,87,495,4.36,-83,3,26,0
170,150,210,87,507,4.36,-83,3,26,0
170,150,210,87,519,4.36,-83,3,26,0
170,150,210,87,531,4.36,-83,3,26,0
170,150,210,87,543,4.36,-83,3,26,0
170,150,210,87,555,4.36,-83,3,26,0
170,150,210,87,567,4.36,-83,3,26,0
170,150,210,87,579,4.36,-83,3,26,0
170,150,210,87,591,4.36,-83,3,26,0
170,150,210,87,603,4.36,-83,3,26,0
175,155,205,87,615,4.36,-88,3,26,1
190,170,190,87,627,4.36,-103,4,27,1
205,185,175,121,429,3.63,-84,4,27,1
220,200,160,121,441,3.63,-99,3,27,1
235,215,145,121,453,3.63,-114,3,27,1
250,230,130,121,465,3.63,-129,3,27,1
265,245,115,121,477,3.63,-144,3,27,1
280,260,100,121,489,3.63,-159,3,27,1
295,275,85,121,501,3.63,-174,3,27,1
310,290,70,121,513,3.63,-189,3,27,1
325,305,55,121,525,3.63,-204,3,27,1
325,305,55,121,537,3.63,-204,3,27,0
325,305,55,121,549,3.63,-204,3,27,0
325,305,55,319,352,3.73,-6,3,27,0
315,295,65,319,364,3.73,4,3,27,-1
300,280,80,319,376,3.73,19,3,27,-1
285,265,95,319,388,3.73,34,3,27,-1
270,250,110,319,400,3.73,49,3,27,-1
255,235,125,319,412,3.73,64,4,27,-1
240,220,140,121,633,3.63,-119,4,27,-1
225,205,155,121,645,3.63,-104,4,27,-1
210,190,170,319,448,3.73,109,3,28,-1
205,185,175,319,460,3.73,114,3,28,0
205,185,175,319,472,3.73,114,3,28,0
205,185,175,319,484,3.73,114,3,28,0
205,185,175,319,496,3.73,114,3,28,0
205,185,175,319,508,3.73,114,3,28,0
205,185,175,319,520,3.73,114,3,28,0
205,185,175,319,532,3.73,114,3,28,0
205,185,175,319,544,3.73,114,3,28,0
205,185,175,319,556,3.73,114,3,28,0
205,185,175,319,568,3.73,114,3,28,0
205,185,175,319,580,3.73,114,3,28,0
220,200,160,319,592,3.73,99,3,28,1
235,215,145,319,604,3.73,84,3,28,1
250,230,130,319,616,3.73,69,4,28,1
265,245,115,319,628,3.73,54,4,28,1
280,260,100,319,640,3.73,39,4,28,1
295,275,85,202,442,3.95,-93,3,28,1
310,290,70,202,454,3.95,-108,3,28,1
325,305,55,202,466,3.95,-123,3,28,1
325,305,55,202,478,3.95,-123,3,29,0
325,305,55,202,490,3.95,-123,3,29,0
325,305,55,202,502,3.95,-123,3,29,0
325,305,55,202,514,3.95,-123,3,29,0
325,305,55,202,526,3.95,-123,3,29,0
325,305,55,202,538,3.95,-123,3,29,0
325,305,55,202,550,3.95,-123,3,29,0
325,305,55,202,562,3.95,-123,3,29,0
310,290,70,202,574,3.95,-108,3,29,-1
295,275,85,202,586,3.95,-93,3,29,-1
280,260,100,202,598,3.95,-78,3,29,-1
265,245,115,202,610,3.95,-63,4,29,-1
250,230,130,202,622,3.95,-48,4,29,-1
235,215,145,202,634,3.95,-33,4,29,-1
220,200,160,202,646,3.95,-18,4,29,-1
205,185,175,375,459,4.37,170,3,29,-1
190,170,190,375,471,4.37,185,3,29,-1
175,155,205,375,483,4.37,200,3,29,-1
165,145,215,375,495,4.37,210,3,29,0
165,145,215,375,507,4.37,210,3,29,0
165,145,215,375,519,4.37,210,3,30,0
165,145,215,375,531,4.37,210,3,30,0
165,145,215,375,543,4.37,210,3,30,0
165,145,215,375,555,4.37,210,3,30,0
165,145,215,375,567,4.37,210,3,30,0
165,145,215,375,579,4.37,210,3,30,0
165,145,215,375,591,4.37,210,3,30,0
165,145,215,375,603,4.37,210,4,30,0
165,145,215,375,615,4.37,210,4,30,0
165,145,215,134,311,3.49,-31,4,30,0
165,145,215,134,320,3.49,-31,4,30,0
165,145,215,134,329,3.49,-31,3,30,0
165,145,215,134,338,3.49,-31,3,30,0
165,145,215,134,347,3.49,-31,3,30,0
165,145,215,134,356,3.49,-31,3,30,0
165,145,215,134,365,3.49,-31,3,30,0
165,145,215,134,374,3.49,-31,3,30,0
165,145,215,134,383,3.49,-31,3,30,0
165,145,215,134,392,3.49,-31,3,30,0
180,160,200,134,401,3.49,-46,3,30,1
195,175,185,134,410,3.49,-61,3,31,1
210,190,170,134,419,3.49,-76,3,31,1
225,205,155,134,428,3.49,-91,3,31,1
240,220,140,134,437,3.49,-106,3,31,1
255,235,125,134,446,3.49,-121,4,31,1
270,250,110,134,455,3.49,-136,4,31,1
285,265,95,134,464,3.49,-151,4,31,1
295,275,85,134,473,3.49,-161,4,31,0
295,275,85,134,482,3.49,-161,4,31,0
295,275,85,134,491,3.49,-161,4,31,0
295,275,85,134,500,3.49,-161,4,31,0
295,275,85,134,509,3.49,-161,4,31,0
295,275,85,134,518,3.49,-161,4,31,0
295,275,85,134,527,3.49,-161,4,31,0
295,275,85,134,536,3.49,-161,4,31,0
295,275,85,134,545,3.49,-161,4,31,0
295,275,85,134,554,3.49,-161,4,31,0
295,275,85,134,563,3.49,-161,4,31,0
295,275,85,134,572,3.49,-161,4,31,0
295,275,85,134,581,3.49,-161,4,31,0
295,275,85,134,590,3.49,-161,4,32,0
280,260,100,134,599,3.49,-146,5,32,-1
265,245,115,134,608,3.49,-131,5,32,-1
250,230,130,134,617,3.49,-116,5,32,-1
235,215,145,134,626,3.49,-101,5,32,-1
220,200,160,134,635,3.49,-86,5,32,-1
205,185,175,134,644,3.49,-71,4,32,-1
190,170,190,273,353,3.4,83,3,32,-1
175,155,205,273,362,3.4,98,3,32,-1
160,140,220,273,371,3.4,113,3,32,-1
145,125,235,273,380,3.4,128,3,32,-1
145,125,235,273,389,3.4,128,3,32,0
145,125,235,273,398,3.4,128,3,32,0
145,125,235,273,407,3.4,128,3,32,0
145,125,235,273,416,3.4,128,3,32,0
145,125,235,273,425,3.4,128,3,32,0
145,125,235,273,434,3.4,128,3,32,0
145,125,235,273,443,3.4,128,4,32,0
145,125,235,273,452,3.4,128,4,32,0
145,125,235,273,461,3.4,128,4,32,0
145,125,235,273,470,3.4,128,4,33,0
145,125,235,273,479,3.4,128,4,33,0
145,125,235,273,488,3.4,128,4,33,0
145,125,235,273,497,3.4,128,4,33,0
145,125,235,273,506,3.4,128,4,33,0
145,125,235,273,515,3.4,128,4,33,0
145,125,235,273,524,3.4,128,4,33,0
145,125,235,273,533,3.4,128,4,33,0
145,125,235,273,542,3.4,128,4,33,0
145,125,235,273,551,3.4,128,4,33,0
130,110,250,273,560,3.4,143,4,33,-1
115,95,265,273,569,3.4,158,4,33,-1
100,80,280,273,578,3.4,173,4,33,-1
85,65,295,122,381,4.38,37,4,33,-1
70,50,310,122,393,4.38,52,5,33,-1
55,35,325,122,405,4.38,67,5,33,-1
40,20,340,122,417,4.38,82,5,33,-1
25,5,355,122,429,4.38,97,5,33,-1
20,0,360,122,441,4.38,102,5,33,0
20,0,360,122,453,4.38,102,5,33,0
20,0,360,122,465,4.38,102,4,34,0
20,0,360,122,477,4.38,102,4,34,0
20,0,360,122,489,4.38,102,4,34,0
20,0,360,122,501,4.38,102,4,34,0
20,0,360,122,513,4.38,102,4,34,0
20,0,360,122,525,4.38,102,4,34,0
20,0,360,122,537,4.38,102,4,34,0
20,0,360,122,549,4.38,102,4,34,0
20,0,360,122,561,4.38,102,4,34,0
20,0,360,122,573,4.38,102,4,34,0
20,0,360,122,585,4.38,102,5,34,0
20,0,360,122,597,4.38,102,5,34,0
20,0,360,122,609,4.38,102,5,34,0
20,0,360,122,621,4.38,102,5,34,0
20,0,360,122,633,4.38,102,5,34,0
20,0,360,122,645,4.38,102,5,34,0
20,0,360,235,645,3.48,215,4,34,0
20,0,360,318,349,3.42,298,3,34,0
20,0,360,318,358,3.42,298,3,34,0
20,0,360,318,367,3.42,298,3,34,0
20,0,360,318,376,3.42,298,3,35,0
20,0,360,318,385,3.42,298,3,35,0
20,0,360,318,394,3.42,298,3,35,0
20,0,360,318,403,3.42,298,3,35,0
30,10,350,318,412,3.42,288,3,35,1
45,25,335,318,421,3.42,273,3,35,1
60,40,320,318,430,3.42,258,4,35,1
75,55,305,318,439,3.42,243,4,35,1
90,70,290,318,448,3.42,228,4,35,1
105,85,275,318,457,3.42,213,4,35,1
120,100,260,318,466,3.42,198,4,35,1
135,115,245,318,475,3.42,183,4,35,1
150,130,230,318,484,3.42,168,4,35,1
165,145,215,318,493,3.42,153,4,35,1
175,155,205,318,502,3.42,143,4,35,0
175,155,205,318,511,3.42,143,4,35,0
175,155,205,318,520,3.42,143,4,35,0
175,155,205,318,529,3.42,143,4,35,0
175,155,205,318,538,3.42,143,4,35,0
175,155,205,318,547,3.42,143,4,35,0
175,155,205,310,549,4.35,135,4,36,0
175,155,205,310,561,4.35,135,4,36,0
175,155,205,310,573,4.35,135,5,36,0
175,155,205,310,585,4.35,135,5,36,0
175,155,205,310,597,4.35,135,5,36,0
175,155,205,318,601,3.42,143,5,36,0
175,155,205,318,610,3.42,143,5,36,0
175,155,205,85,438,4.38,-90,5,36,0
175,155,205,85,450,4.38,-90,5,36,0
175,155,205,85,462,4.38,-90,4,36,0
175,155,205,85,474,4.38,-90,4,36,0
175,155,205,85,486,4.38,-90,3,36,0
175,155,205,85,498,4.38,-90,3,36,0
175,155,205,85,510,4.38,-90,3,36,0
175,155,205,85,522,4.38,-90,3,36,0
175,155,205,85,534,4.38,-90,3,36,0
175,155,205,85,546,4.38,-90,3,36,0
175,155,205,85,558,4.38,-90,3,36,0
175,155,205,85,570,4.38,-90,4,36,0
175,155,205,85,582,4.38,-90,4,36,0
175,155,205,85,594,4.38,-90,4,37,0
175,155,205,85,606,4.38,-90,4,37,0
175,155,205,85,618,4.38,-90,4,37,0
175,155,205,85,630,4.38,-90,4,37,0
175,155,205,85,642,4.38,-90,4,37,0
175,155,205,103,339,3.38,-72,3,37,0
175,155,205,103,348,3.38,-72,3,37,0
175,155,205,103,357,3.38,-72,3,37,0
175,155,205,103,366,3.38,-72,3,37,0
175,155,205,103,375,3.38,-72,3,37,0
175,155,205,103,384,3.38,-72,3,37,0
175,155,205,103,393,3.38,-72,3,37,0
175,155,205,103,402,3.38,-72,3,37,0
175,155,205,103,411,3.38,-72,3,37,0
175,155,205,103,420,3.38,-72,4,37,0
175,155,205,103,429,3.38,-72,4,37,0
175,155,205,103,438,3.38,-72,4,37,0
175,155,205,103,447,3.38,-72,4,37,0
175,155,205,103,456,3.38,-72,4,37,0
175,155,205,103,465,3.38,-72,4,37,0
175,155,205,103,474,3.38,-72,4,38,0
175,155,205,103,483,3.38,-72,4,38,0
175,155,205,103,492,3.38,-72,4,38,0
175,155,205,103,501,3.38,-72,4,38,0
175,155,205,103,510,3.38,-72,4,38,0
175,155,205,103,519,3.38,-72,4,38,0
175,155,205,103,528,3.38,-72,4,38,0
175,155,205,103,537,3.38,-72,4,38,0
175,155,205,103,546,3.38,-72,4,38,0
175,155,205,103,555,3.38,-72,4,38,0
175,155,205,103,564,3.38,-72,5,38,0
175,155,205,103,573,3.38,-72,5,38,0
175,155,205,103,582,3.38,-72,5,38,0
175,155,205,103,591,3.38,-72,5,38,0
175,155,205,103,600,3.38,-72,5,38,0
175,155,205,103,609,3.38,-72,5,38,0
175,155,205,103,618,3.38,-72,5,38,0
175,155,205,103,627,3.38,-72,4,38,0
175,155,205,103,636,3.38,-72,4,38,0
175,155,205,103,645,3.38,-72,4,38,0
175,155,205,293,498,4.13,118,3,39,0
175,155,205,293,510,4.13,118,3,39,0
175,155,205,293,522,4.13,118,3,39,0
175,155,205,293,534,4.13,118,3,39,0
175,155,205,293,546,4.13,118,3,39,0
175,155,205,293,558,4.13,118,3,39,0
175,155,205,293,570,4.13,118,4,39,0
175,155,205,293,582,4.13,118,4,39,0
175,155,205,293,594,4.13,118,4,39,0
175,155,205,293,606,4.13,118,4,39,0
175,155,205,293,618,4.13,118,4,39,0
175,155,205,293,630,4.13,118,4,39,0
175,155,205,293,642,4.13,118,4,39,0
175,155,205,83,340,3.45,-92,3,39,0
175,155,205,268,353,4.59,93,3,39,0
175,155,205,268,368,4.59,93,3,39,0
175,155,205,268,383,4.59,93,3,39,0
175,155,205,268,398,4.59,93,3,39,0
175,155,205,268,413,4.59,93,3,39,0
175,155,205,268,428,4.59,93,3,39,0
175,155,205,268,443,4.59,93,3,40,0
175,155,205,268,458,4.59,93,3,40,0
175,155,205,268,473,4.59,93,4,40,0
175,155,205,268,488,4.59,93,4,40,0
175,155,205,268,503,4.59,93,4,40,0
175,155,205,268,518,4.59,93,4,40,0
175,155,205,268,533,4.59,93,4,40,0
175,155,205,268,548,4.59,93,4,40,0
175,155,205,268,563,4.59,93,4,40,0
175,155,205,268,578,4.59,93,4,40,0
175,155,205,268,593,4.59,93,4,40,0
175,155,205,83,502,3.45,-92,4,40,0
175,155,205,83,511,3.45,-92,4,40,0
175,155,205,83,520,3.45,-92,4,40,0
175,155,205,83,529,3.45,-92,3,40,0
175,155,205,83,538,3.45,-92,3,40,0
180,160,200,83,547,3.45,-97,3,40,1
195,175,185,83,556,3.45,-112,4,40,1
210,190,170,83,565,3.45,-127,4,40,1
225,205,155,83,574,3.45,-142,4,40,1
240,220,140,83,583,3.45,-157,4,41,1
255,235,125,83,592,3.45,-172,4,41,1
260,240,120,83,601,3.45,-177,4,41,0
260,240,120,149,444,3.91,-111,4,41,0
260,240,120,149,456,3.91,-111,4,41,0
260,240,120,149,468,3.91,-111,4,41,0
260,240,120,149,480,3.91,-111,4,41,0
260,240,120,149,492,3.91,-111,4,41,0
260,240,120,149,504,3.91,-111,3,41,0
260,240,120,149,516,3.91,-111,3,41,0
260,240,120,149,528,3.91,-111,3,41,0
245,225,135,149,540,3.91,-96,3,41,-1
230,210,150,149,552,3.91,-81,3,41,-1
215,195,165,149,564,3.91,-66,4,41,-1
200,180,180,149,576,3.91,-51,4,41,-1
185,165,195,149,588,3.91,-36,4,41,-1
170,150,210,149,600,3.91,-21,4,41,-1
155,135,225,149,612,3.91,-6,4,41,-1
155,135,225,149,624,3.91,-6,4,41,0
155,135,225,149,636,3.91,-6,4,41,0
155,135,225,296,575,4.66,141,3,42,0
155,135,225,296,590,4.66,141,3,42,0
155,135,225,296,605,4.66,141,3,42,0
155,135,225,296,620,4.66,141,3,42,0
155,135,225,296,635,4.66,141,3,42,0
170,150,210,154,327,3.84,-16,2,42,1
185,165,195,154,339,3.84,-31,2,42,1
200,180,180,154,351,3.84,-46,2,42,1
215,195,165,154,363,3.84,-61,3,42,1
230,210,150,154,375,3.84,-76,3,42,1
230,210,150,154,387,3.84,-76,3,42,0
230,210,150,154,399,3.84,-76,3,42,0
230,210,150,154,411,3.84,-76,3,42,0
230,210,150,154,423,3.84,-76,3,42,0
230,210,150,154,435,3.84,-76,3,42,0
230,210,150,154,447,3.84,-76,3,42,0
230,210,150,154,459,3.84,-76,3,42,0
230,210,150,154,471,3.84,-76,3,42,0
230,210,150,154,483,3.84,-76,3,42,0
230,210,150,154,495,3.84,-76,3,42,0
230,210,150,154,507,3.84,-76,3,43,0
230,210,150,154,519,3.84,-76,3,43,0
230,210,150,154,531,3.84,-76,3,43,0
230,210,150,154,543,3.84,-76,3,43,0
230,210,150,154,555,3.84,-76,4,43,0
230,210,150,154,567,3.84,-76,4,43,0
230,210,150,154,579,3.84,-76,4,43,0
230,210,150,154,591,3.84,-76,4,43,0
230,210,150,154,603,3.84,-76,4,43,0
230,210,150,154,615,3.84,-76,4,43,0
230,210,150,154,627,3.84,-76,4,43,0
230,210,150,154,639,3.84,-76,4,43,0
230,210,150,154,651,3.84,-76,4,43,0
230,210,150,127,474,4.03,-103,3,43,0
230,210,150,127,486,4.03,-103,3,43,0
230,210,150,127,498,4.03,-103,3,43,0
230,210,150,127,510,4.03,-103,3,43,0
230,210,150,127,522,4.03,-103,3,43,0
230,210,150,127,534,4.03,-103,3,43,0
230,210,150,127,546,4.03,-103,4,43,0
230,210,150,127,558,4.03,-103,4,44,0
230,210,150,127,570,4.03,-103,4,44,0
230,210,150,127,582,4.03,-103,4,44,0
230,210,150,127,594,4.03,-103,4,44,0
230,210,150,127,606,4.03,-103,4,44,0
230,210,150,177,434,4.32,-53,4,44,0
230,210,150,177,446,4.32,-53,4,44,0
240,220,140,177,458,4.32,-63,4,44,1
255,235,125,177,470,4.32,-78,3,44,1
270,250,110,177,482,4.32,-93,3,44,1
285,265,95,177,494,4.32,-108,3,44,1
295,275,85,177,506,4.32,-118,3,44,0
295,275,85,177,518,4.32,-118,3,44,0
295,275,85,177,530,4.32,-118,3,44,0
295,275,85,177,542,4.32,-118,4,44,0
295,275,85,177,554,4.32,-118,4,44,0
295,275,85,177,566,4.32,-118,4,44,0
295,275,85,177,578,4.32,-118,4,44,0
295,275,85,177,590,4.32,-118,4,44,0
295,275,85,177,602,4.32,-118,4,44,0
295,275,85,121,545,5.0,-174,4,45,0
295,275,85,121,560,5.0,-174,4,45,0
295,275,85,121,575,5.0,-174,4,45,0
295,275,85,121,590,5.0,-174,4,45,0
295,275,85,121,605,5.0,-174,3,45,0
295,275,85,121,620,5.0,-174,3,45,0
295,275,85,121,635,5.0,-174,3,45,0
295,275,85,197,335,4.47,-98,2,45,0
295,275,85,197,347,4.47,-98,2,45,0
295,275,85,197,359,4.47,-98,3,45,0
295,275,85,197,371,4.47,-98,3,45,0
295,275,85,197,383,4.47,-98,3,45,0
295,275,85,197,395,4.47,-98,3,45,0
295,275,85,197,407,4.47,-98,3,45,0
295,275,85,197,419,4.47,-98,3,45,0
295,275,85,197,431,4.47,-98,3,45,0
295,275,85,197,443,4.47,-98,3,45,0
295,275,85,197,455,4.47,-98,3,45,0
295,275,85,197,467,4.47,-98,3,45,0
295,275,85,197,479,4.47,-98,3,45,0
295,275,85,197,491,4.47,-98,3,46,0
295,275,85,197,503,4.47,-98,3,46,0
295,275,85,197,515,4.47,-98,3,46,0
295,275,85,197,527,4.47,-98,3,46,0
295,275,85,197,539,4.47,-98,4,46,0
295,275,85,197,551,4.47,-98,4,46,0
295,275,85,197,563,4.47,-98,4,46,0
295,275,85,197,575,4.47,-98,4,46,0
295,275,85,197,587,4.47,-98,4,46,0
295,275,85,197,599,4.47,-98,4,46,0
295,275,85,197,611,4.47,-98,4,46,0
295,275,85,197,623,4.47,-98,4,46,0
295,275,85,197,635,4.47,-98,4,46,0
295,275,85,197,647,4.47,-98,4,46,0
295,275,85,329,367,4.76,34,3,46,0
280,260,100,137,481,4.2,-143,3,46,-1
265,245,115,137,493,4.2,-128,3,46,-1
250,230,130,137,505,4.2,-113,3,46,-1
235,215,145,137,517,4.2,-98,3,46,-1
220,200,160,137,529,4.2,-83,4,46,-1
220,200,160,137,541,4.2,-83,4,47,0
220,200,160,137,553,4.2,-83,4,47,0
220,200,160,137,565,4.2,-83,4,47,0
220,200,160,137,577,4.2,-83,4,47,0
220,200,160,137,589,4.2,-83,4,47,0
220,200,160,329,532,4.76,109,4,47,0
220,200,160,329,547,4.76,109,4,47,0
220,200,160,329,562,4.76,109,4,47,0
220,200,160,329,577,4.76,109,4,47,0
220,200,160,329,592,4.76,109,4,47,0
220,200,160,329,607,4.76,109,3,47,0
220,200,160,329,622,4.76,109,3,47,0
220,200,160,329,637,4.76,109,3,47,0
220,200,160,347,431,4.6,127,2,47,0
220,200,160,347,446,4.6,127,3,47,0
220,200,160,347,461,4.6,127,3,47,0
220,200,160,347,476,4.6,127,3,47,0
220,200,160,347,491,4.6,127,3,47,0
220,200,160,347,506,4.6,127,3,47,0
220,200,160,347,521,4.6,127,3,47,0
220,200,160,347,536,4.6,127,3,48,0
220,200,160,347,551,4.6,127,3,48,0
220,200,160,347,566,4.6,127,3,48,0
220,200,160,347,581,4.6,127,3,48,0
220,200,160,347,596,4.6,127,3,48,0
220,200,160,347,611,4.6,127,3,48,0
220,200,160,347,626,4.6,127,3,48,0
220,200,160,347,641,4.6,127,3,48,0
220,200,160,207,338,3.93,-13,2,48,0
220,200,160,207,350,3.93,-13,3,48,0
220,200,160,207,362,3.93,-13,3,48,0
220,200,160,207,374,3.93,-13,3,48,0
230,210,150,207,386,3.93,-23,3,48,1
245,225,135,207,398,3.93,-38,3,48,1
260,240,120,207,410,3.93,-53,3,48,1
275,255,105,207,422,3.93,-68,3,48,1
290,270,90,207,434,3.93,-83,3,48,1
305,285,75,207,446,3.93,-98,3,48,1
320,300,60,207,458,3.93,-113,3,48,1
335,315,45,207,470,3.93,-128,3,48,1
345,325,35,207,482,3.93,-138,3,49,0
345,325,35,207,494,3.93,-138,3,49,0
345,325,35,207,506,3.93,-138,3,49,0
345,325,35,207,518,3.93,-138,3,49,0
345,325,35,207,530,3.93,-138,4,49,0
345,325,35,207,542,3.93,-138,4,49,0
345,325,35,207,554,3.93,-138,4,49,0
345,325,35,273,486,5.01,-72,4,49,0
345,325,35,273,501,5.01,-72,4,49,0
345,325,35,273,516,5.01,-72,4,49,0
345,325,35,273,531,5.01,-72,4,49,0
345,325,35,273,546,5.01,-72,4,49,0
345,325,35,273,561,5.01,-72,4,49,0
345,325,35,273,576,5.01,-72,4,49,0
345,325,35,273,591,5.01,-72,4,49,0
345,325,35,273,606,5.01,-72,3,49,0
345,325,35,273,621,5.01,-72,3,49,0
345,325,35,273,636,5.01,-72,3,49,0
345,325,35,273,651,5.01,-72,4,49,0
345,325,35,179,359,3.87,-166,3,49,0
345,325,35,179,371,3.87,-166,3,50,0
345,325,35,179,383,3.87,-166,3,50,0
345,325,35,179,395,3.87,-166,3,50,0
345,325,35,179,407,3.87,-166,3,50,0
345,325,35,179,419,3.87,-166,3,50,0
345,325,35,179,431,3.87,-166,3,50,0
345,325,35,179,443,3.87,-166,3,50,0
345,325,35,179,455,3.87,-166,3,50,0
345,325,35,179,467,3.87,-166,3,50,0
345,325,35,179,479,3.87,-166,3,50,0
345,325,35,179,491,3.87,-166,3,50,0
345,325,35,179,503,3.87,-166,3,50,0
345,325,35,179,515,3.87,-166,3,50,0
345,325,35,179,527,3.87,-166,4,50,0
345,325,35,179,539,3.87,-166,4,50,0
340,320,40,179,551,3.87,-161,4,50,-1
325,305,55,179,563,3.87,-146,4,50,-1
310,290,70,179,575,3.87,-131,4,50,-1
295,275,85,179,587,3.87,-116,4,50,-1
280,260,100,179,599,3.87,-101,4,50,-1
265,245,115,179,611,3.87,-86,4,51,-1
250,230,130,179,623,3.87,-71,4,51,-1
235,215,145,179,635,3.87,-56,4,51,-1
225,205,155,179,647,3.87,-46,4,51,0
225,205,155,355,477,4.4,130,3,51,0
225,205,155,355,489,4.4,130,3,51,0
225,205,155,355,501,4.4,130,3,51,0
225,205,155,355,513,4.4,130,4,51,0
225,205,155,355,525,4.4,130,4,51,0
225,205,155,355,537,4.4,130,4,51,0
225,205,155,355,549,4.4,130,4,51,0
225,205,155,355,561,4.4,130,4,51,0
225,205,155,355,573,4.4,130,4,51,0
225,205,155,355,585,4.4,130,4,51,0
225,205,155,355,597,4.4,130,4,51,0
225,205,155,355,609,4.4,130,4,51,0
225,205,155,125,451,4.33,-100,4,51,0
225,205,155,125,463,4.33,-100,4,51,0
225,205,155,125,475,4.33,-100,4,51,0
225,205,155,125,487,4.33,-100,3,51,0
225,205,155,125,499,4.33,-100,3,52,0
225,205,155,125,511,4.33,-100,3,52,0
225,205,155,125,523,4.33,-100,4,52,0
215,195,165,125,535,4.33,-90,4,52,-1
200,180,180,125,547,4.33,-75,4,52,-1
185,165,195,125,559,4.33,-60,4,52,-1
170,150,210,125,571,4.33,-45,4,52,-1
165,145,215,125,583,4.33,-40,4,52,0
165,145,215,125,595,4.33,-40,4,52,0
165,145,215,125,607,4.33,-40,4,52,0
165,145,215,125,619,4.33,-40,4,52,0
165,145,215,125,631,4.33,-40,4,52,0
165,145,215,125,643,4.33,-40,4,52,0
165,145,215,274,598,5.16,109,3,52,0
165,145,215,274,613,5.16,109,3,52,0
150,130,230,274,628,5.16,124,3,52,-1
135,115,245,229,431,4.75,94,4,52,-1
120,100,260,229,446,4.75,109,3,52,-1
105,85,275,229,461,4.75,124,3,52,-1
105,85,275,229,476,4.75,124,3,52,0
105,85,275,229,491,4.75,124,3,53,0
105,85,275,229,506,4.75,124,3,53,0
105,85,275,229,521,4.75,124,3,53,0
105,85,275,229,536,4.75,124,3,53,0
105,85,275,229,551,4.75,124,3,53,0
105,85,275,229,566,4.75,124,3,53,0
105,85,275,229,581,4.75,124,3,53,0
105,85,275,229,596,4.75,124,3,53,0
105,85,275,229,611,4.75,124,3,53,0
105,85,275,229,626,4.75,124,3,53,0
105,85,275,229,641,4.75,124,4,53,0
105,85,275,376,439,5.27,271,3,53,0
105,85,275,376,454,5.27,271,3,53,0
105,85,275,376,469,5.27,271,3,53,0
105,85,275,376,484,5.27,271,3,53,0
105,85,275,376,499,5.27,271,3,53,0
105,85,275,376,514,5.27,271,3,53,0
105,85,275,376,529,5.27,271,3,53,0
105,85,275,376,544,5.27,271,3,53,0
105,85,275,376,559,5.27,271,3,53,0
105,85,275,129,281,4.22,24,3,54,0
105,85,275,129,293,4.22,24,3,54,0
100,80,280,129,305,4.22,29,3,54,-1
85,65,295,129,317,4.22,44,3,54,-1
70,50,310,129,329,4.22,59,4,54,-1
65,45,315,129,341,4.22,64,4,54,0
65,45,315,129,353,4.22,64,3,54,0
70,50,310,129,365,4.22,59,3,54,1
85,65,295,129,377,4.22,44,3,54,1
100,80,280,129,389,4.22,29,3,54,1
115,95,265,129,401,4.22,14,3,54,1
130,110,250,129,413,4.22,-1,3,54,1
145,125,235,129,425,4.22,-16,3,54,1
160,140,220,129,437,4.22,-31,3,54,1
175,155,205,129,449,4.22,-46,3,54,1
190,170,190,129,461,4.22,-61,3,54,1
205,185,175,129,473,4.22,-76,3,54,1
215,195,165,129,485,4.22,-86,3,54,0
215,195,165,129,497,4.22,-86,4,54,0
215,195,165,129,509,4.22,-86,4,54,0
215,195,165,129,521,4.22,-86,4,55,0
215,195,165,129,533,4.22,-86,4,55,0
215,195,165,129,545,4.22,-86,4,55,0
215,195,165,129,557,4.22,-86,4,55,0
215,195,165,129,569,4.22,-86,4,55,0
215,195,165,129,581,4.22,-86,4,55,0
215,195,165,129,593,4.22,-86,4,55,0
215,195,165,129,605,4.22,-86,4,55,0
215,195,165,129,617,4.22,-86,4,55,0
215,195,165,129,629,4.22,-86,4,55,0
215,195,165,129,641,4.22,-86,4,55,0
215,195,165,129,653,4.22,-86,4,55,0
215,195,165,20,623,5.19,-195,4,55,0
215,195,165,20,638,5.19,-195,4,55,0
215,195,165,32,349,3.95,-183,3,55,0
215,195,165,32,361,3.95,-183,3,55,0
215,195,165,32,373,3.95,-183,3,55,0
215,195,165,32,385,3.95,-183,3,55,0
215,195,165,32,397,3.95,-183,3,55,0
215,195,165,32,409,3.95,-183,3,55,0
215,195,165,32,421,3.95,-183,3,56,0
215,195,165,32,433,3.95,-183,3,56,0
215,195,165,32,445,3.95,-183,3,56,0
215,195,165,32,457,3.95,-183,3,56,0
215,195,165,32,469,3.95,-183,3,56,0
215,195,165,32,481,3.95,-183,3,56,0
215,195,165,32,493,3.95,-183,4,56,0
215,195,165,32,505,3.95,-183,4,56,0
215,195,165,32,517,3.95,-183,4,56,0
215,195,165,32,529,3.95,-183,4,56,0
215,195,165,32,541,3.95,-183,4,56,0
215,195,165,32,553,3.95,-183,4,56,0
215,195,165,32,565,3.95,-183,4,56,0
215,195,165,277,416,4.35,62,4,56,0
215,195,165,277,428,4.35,62,4,56,0
215,195,165,277,440,4.35,62,4,56,0
215,195,165,277,452,4.35,62,4,56,0
215,195,165,277,464,4.35,62,4,56,0
215,195,165,277,476,4.35,62,4,56,0
215,195,165,277,488,4.35,62,4,56,0
215,195,165,277,500,4.35,62,4,57,0
215,195,165,277,512,4.35,62,4,57,0
215,195,165,277,524,4.35,62,4,57,0
215,195,165,277,536,4.35,62,4,57,0
215,195,165,277,548,4.35,62,4,57,0
215,195,165,277,560,4.35,62,4,57,0
215,195,165,277,572,4.35,62,4,57,0
215,195,165,277,584,4.35,62,4,57,0
215,195,165,277,596,4.35,62,4,57,0
215,195,165,277,608,4.35,62,4,57,0
215,195,165,277,620,4.35,62,4,57,0
215,195,165,277,632,4.35,62,4,57,0
215,195,165,277,644,4.35,62,4,57,0
230,210,150,361,485,4.2,131,3,57,1
245,225,135,361,497,4.2,116,4,57,1
260,240,120,361,509,4.2,101,4,57,1
275,255,105,361,521,4.2,86,4,57,1
285,265,95,361,533,4.2,76,4,57,0
285,265,95,361,545,4.2,76,4,57,0
285,265,95,361,557,4.2,76,4,57,0
285,265,95,361,569,4.2,76,4,58,0
285,265,95,361,581,4.2,76,4,58,0
285,265,95,185,533,5.19,-100,4,58,0
285,265,95,185,548,5.19,-100,4,58,0
285,265,95,185,563,5.19,-100,4,58,0
285,265,95,185,578,5.19,-100,4,58,0
285,265,95,185,593,5.19,-100,4,58,0
285,265,95,185,608,5.19,-100,3,58,0
285,265,95,185,623,5.19,-100,4,58,0
280,260,100,185,638,5.19,-95,4,58,-1
265,245,115,341,441,4.95,76,3,58,-1
250,230,130,341,456,4.95,91,3,58,-1
235,215,145,341,471,4.95,106,3,58,-1
235,215,145,341,486,4.95,106,3,58,0
235,215,145,341,501,4.95,106,3,58,0
235,215,145,341,516,4.95,106,3,58,0
235,215,145,341,531,4.95,106,3,58,0
235,215,145,341,546,4.95,106,3,58,0
235,215,145,341,561,4.95,106,3,58,0
245,225,135,341,576,4.95,96,3,58,1
260,240,120,341,591,4.95,81,3,59,1
275,255,105,341,606,4.95,66,4,59,1
290,270,90,341,621,4.95,51,4,59,1
305,285,75,341,636,4.95,36,4,59,1
320,300,60,341,651,4.95,21,4,59,1
335,315,45,248,460,5.08,-87,3,59,1
350,330,30,248,475,5.08,-102,3,59,1
355,335,25,248,490,5.08,-107,3,59,0
355,335,25,248,505,5.08,-107,3,59,0
355,335,25,248,520,5.08,-107,3,59,0
355,335,25,248,535,5.08,-107,3,59,0
355,335,25,248,550,5.08,-107,3,59,0
355,335,25,248,565,5.08,-107,3,59,0
355,335,25,248,580,5.08,-107,3,59,0
350,330,30,248,595,5.08,-102,3,59,-1
335,315,45,248,610,5.08,-87,4,59,-1
320,300,60,248,625,5.08,-72,4,59,-1
305,285,75,248,640,5.08,-57,4,59,-1
290,270,90,371,453,5.26,81,3,59,-1
275,255,105,371,468,5.26,96,3,59,-1
260,240,120,371,483,5.26,111,3,60,-1
255,235,125,371,498,5.26,116,3,60,0
255,235,125,371,513,5.26,116,3,60,0
255,235,125,371,528,5.26,116,3,60,0
255,235,125,371,543,5.26,116,3,60,0
255,235,125,371,558,5.26,116,3,60,0
255,235,125,371,573,5.26,116,3,60,0
255,235,125,371,588,5.26,116,3,60,0
265,245,115,371,603,5.26,106,4,60,1
280,260,100,371,618,5.26,91,4,60,1
295,275,85,371,633,5.26,76,4,60,1
310,290,70,371,648,5.26,61,4,60,1
315,295,65,330,367,4.26,15,3,60,0
315,295,65,330,379,4.26,15,3,60,0
305,285,75,330,391,4.26,25,3,60,-1
290,270,90,330,403,4.26,40,3,60,-1
275,255,105,330,415,4.26,55,3,60,-1
260,240,120,330,427,4.26,70,3,60,-1
260,240,120,330,439,4.26,70,3,60,0
260,240,120,330,451,4.26,70,3,60,0
260,240,120,330,463,4.26,70,3,61,0
260,240,120,330,475,4.26,70,3,61,0
260,240,120,330,487,4.26,70,4,61,0
260,240,120,330,499,4.26,70,4,61,0
260,240,120,330,511,4.26,70,4,61,0
260,240,120,330,523,4.26,70,4,61,0
260,240,120,330,535,4.26,70,4,61,0
260,240,120,330,547,4.26,70,4,61,0
260,240,120,330,559,4.26,70,4,61,0
260,240,120,330,571,4.26,70,4,61,0
260,240,120,330,583,4.26,70,4,61,0
260,240,120,330,595,4.26,70,4,61,0
260,240,120,330,607,4.26,70,4,61,0
260,240,120,330,619,4.26,70,4,61,0
260,240,120,330,631,4.26,70,4,61,0
260,240,120,330,643,4.26,70,5,61,0
260,240,120,103,614,5.37,-157,4,61,0
260,240,120,365,431,5.4,105,4,61,0
260,240,120,365,446,5.4,105,4,61,0
260,240,120,365,461,5.4,105,3,61,0
260,240,120,365,476,5.4,105,3,62,0
260,240,120,365,491,5.4,105,3,62,0
260,240,120,365,506,5.4,105,3,62,0
260,240,120,365,521,5.4,105,3,62,0
260,240,120,365,536,5.4,105,3,62,0
260,240,120,365,551,5.4,105,3,62,0
260,240,120,365,566,5.4,105,3,62,0
260,240,120,365,581,5.4,105,3,62,0
260,240,120,365,596,5.4,105,4,62,0
260,240,120,365,611,5.4,105,4,62,0
260,240,120,365,626,5.4,105,4,62,0
260,240,120,365,641,5.4,105,4,62,0
260,240,120,201,357,4.46,-59,3,62,0
260,240,120,201,369,4.46,-59,3,62,0
260,240,120,201,381,4.46,-59,3,62,0
260,240,120,201,393,4.46,-59,3,62,0
260,240,120,201,405,4.46,-59,3,62,0
260,240,120,201,417,4.46,-59,3,62,0
260,240,120,201,429,4.46,-59,3,62,0
260,240,120,201,441,4.46,-59,3,62,0
260,240,120,201,453,4.46,-59,3,63,0
260,240,120,201,465,4.46,-59,4,63,0
260,240,120,201,477,4.46,-59,4,63,0
260,240,120,201,489,4.46,-59,4,63,0
260,240,120,201,501,4.46,-59,4,63,0
260,240,120,201,513,4.46,-59,4,63,0
260,240,120,201,525,4.46,-59,4,63,0
260,240,120,201,537,4.46,-59,4,63,0
260,240,120,201,549,4.46,-59,4,63,0
260,240,120,201,561,4.46,-59,4,63,0
260,240,120,201,573,4.46,-59,4,63,0
260,240,120,201,585,4.46,-59,4,63,0
260,240,120,201,597,4.46,-59,4,63,0
260,240,120,201,609,4.46,-59,4,63,0
260,240,120,201,621,4.46,-59,5,63,0
260,240,120,201,633,4.46,-59,5,63,0
260,240,120,201,645,4.46,-59,5,63,0
260,240,120,290,343,4.3,30,4,63,0
260,240,120,290,355,4.3,30,4,63,0
260,240,120,290,367,4.3,30,3,63,0
260,240,120,290,379,4.3,30,3,64,0
260,240,120,290,391,4.3,30,3,64,0
245,225,135,290,403,4.3,45,3,64,-1
230,210,150,290,415,4.3,60,3,64,-1
215,195,165,290,427,4.3,75,3,64,-1
215,195,165,290,439,4.3,75,3,64,0
215,195,165,290,451,4.3,75,3,64,0
215,195,165,290,463,4.3,75,4,64,0
215,195,165,290,475,4.3,75,4,64,0
215,195,165,290,487,4.3,75,4,64,0
215,195,165,290,499,4.3,75,4,64,0
215,195,165,290,511,4.3,75,4,64,0
215,195,165,290,523,4.3,75,4,64,0
215,195,165,290,535,4.3,75,4,64,0
225,205,155,290,547,4.3,65,4,64,1
240,220,140,290,559,4.3,50,4,64,1
255,235,125,290,571,4.3,35,4,64,1
265,245,115,290,583,4.3,25,4,64,0
265,245,115,290,595,4.3,25,4,64,0
265,245,115,290,607,4.3,25,4,64,0
250,230,130,172,575,5.29,-78,5,65,-1
235,215,145,172,590,5.29,-63,5,65,-1
220,200,160,172,605,5.29,-48,5,65,-1
205,185,175,172,620,5.29,-33,4,65,-1
190,170,190,172,635,5.29,-18,4,65,-1
175,155,205,172,650,5.29,-3,4,65,-1
160,140,220,226,474,4.62,66,3,65,-1
145,125,235,226,489,4.62,81,3,65,-1
140,120,240,226,504,4.62,86,3,65,0
140,120,240,226,519,4.62,86,3,65,0
140,120,240,226,534,4.62,86,3,65,0
140,120,240,226,549,4.62,86,3,65,0
140,120,240,226,564,4.62,86,3,65,0
140,120,240,226,579,4.62,86,4,65,0
140,120,240,226,594,4.62,86,4,65,0
140,120,240,226,609,4.62,86,4,65,0
140,120,240,226,624,4.62,86,4,65,0
140,120,240,226,639,4.62,86,4,65,0
140,120,240,19,368,4.11,-121,3,65,0
140,120,240,19,380,4.11,-121,3,65,0
140,120,240,19,392,4.11,-121,3,66,0
140,120,240,19,404,4.11,-121,3,66,0
140,120,240,19,416,4.11,-121,3,66,0
140,120,240,19,428,4.11,-121,3,66,0
140,120,240,19,440,4.11,-121,3,66,0
140,120,240,19,452,4.11,-121,3,66,0
140,120,240,19,464,4.11,-121,4,66,0
150,130,230,19,476,4.11,-131,4,66,1
165,145,215,19,488,4.11,-146,4,66,1
180,160,200,19,500,4.11,-161,4,66,1
195,175,185,19,512,4.11,-176,4,66,1
210,190,170,19,524,4.11,-191,4,66,1
225,205,155,19,536,4.11,-206,4,66,1
230,210,150,19,548,4.11,-211,4,66,0
230,210,150,19,560,4.11,-211,4,66,0
230,210,150,19,572,4.11,-211,4,66,0
230,210,150,17,531,5.12,-213,4,66,0
230,210,150,17,546,5.12,-213,4,66,0
230,210,150,17,561,5.12,-213,4,66,0
230,210,150,17,576,5.12,-213,5,66,0
230,210,150,321,399,4.67,91,5,67,0
230,210,150,321,414,4.67,91,5,67,0
230,210,150,321,429,4.67,91,4,67,0
230,210,150,321,444,4.67,91,4,67,0
230,210,150,321,459,4.67,91,4,67,0
230,210,150,321,474,4.67,91,3,67,0
230,210,150,321,489,4.67,91,3,67,0
230,210,150,321,504,4.67,91,3,67,0
230,210,150,321,519,4.67,91,3,67,0
230,210,150,321,534,4.67,91,3,67,0
230,210,150,321,549,4.67,91,3,67,0
230,210,150,321,564,4.67,91,4,67,0
230,210,150,321,579,4.67,91,4,67,0
230,210,150,321,594,4.67,91,4,67,0
230,210,150,321,609,4.67,91,4,67,0
230,210,150,321,624,4.67,91,4,67,0
230,210,150,321,639,4.67,91,4,67,0
230,210,150,288,366,4.2,58,3,67,0
230,210,150,288,378,4.2,58,3,67,0
230,210,150,288,390,4.2,58,3,67,0
230,210,150,288,402,4.2,58,3,68,0
230,210,150,288,414,4.2,58,3,68,0
230,210,150,288,426,4.2,58,3,68,0
230,210,150,288,438,4.2,58,3,68,0
230,210,150,288,450,4.2,58,4,68,0
230,210,150,288,462,4.2,58,4,68,0
230,210,150,288,474,4.2,58,4,68,0
230,210,150,288,486,4.2,58,4,68,0
230,210,150,288,498,4.2,58,4,68,0
220,200,160,288,510,4.2,68,4,68,-1
205,185,175,288,522,4.2,83,4,68,-1
190,170,190,288,534,4.2,98,4,68,-1
190,170,190,288,546,4.2,98,4,68,0
190,170,190,288,558,4.2,98,4,68,0
190,170,190,288,570,4.2,98,4,68,0
200,180,180,288,582,4.2,88,4,68,1
215,195,165,288,594,4.2,73,4,68,1
230,210,150,288,606,4.2,58,5,68,1
240,220,140,288,618,4.2,48,5,68,0
240,220,140,288,630,4.2,48,5,68,0
240,220,140,146,518,5.63,-94,5,69,0
235,215,145,146,536,5.63,-89,4,69,-1
220,200,160,146,554,5.63,-74,4,69,-1
205,185,175,146,572,5.63,-59,3,69,-1
190,170,190,146,590,5.63,-44,3,69,-1
175,155,205,146,608,5.63,-29,3,69,-1
160,140,220,146,626,5.63,-14,3,69,-1
145,125,235,146,644,5.63,1,3,69,-1
130,110,250,183,355,5.47,53,2,69,-1
125,105,255,183,370,5.47,58,3,69,0
125,105,255,183,385,5.47,58,3,69,0
125,105,255,183,400,5.47,58,3,69,0
125,105,255,183,415,5.47,58,3,69,0
125,105,255,183,430,5.47,58,3,69,0
125,105,255,183,445,5.47,58,3,69,0
125,105,255,183,460,5.47,58,3,69,0
125,105,255,183,475,5.47,58,3,69,0
125,105,255,183,490,5.47,58,3,69,0
125,105,255,183,505,5.47,58,3,69,0
125,105,255,183,520,5.47,58,3,69,0
125,105,255,183,535,5.47,58,3,70,0
125,105,255,183,550,5.47,58,4,70,0
125,105,255,183,565,5.47,58,4,70,0
125,105,255,183,580,5.47,58,4,70,0
125,105,255,183,595,5.47,58,4,70,0
125,105,255,183,610,5.47,58,4,70,0
125,105,255,183,625,5.47,58,4,70,0
125,105,255,183,640,5.47,58,4,70,0
125,105,255,41,470,4.76,-84,3,70,0
125,105,255,41,485,4.76,-84,3,70,0
135,115,245,41,500,4.76,-94,3,70,1
150,130,230,41,515,4.76,-109,3,70,1
165,145,215,41,530,4.76,-124,3,70,1
180,160,200,41,545,4.76,-139,3,70,1
195,175,185,140,449,5.63,-55,4,70,1
195,175,185,140,467,5.63,-55,4,70,0
195,175,185,140,485,5.63,-55,4,70,0
195,175,185,140,503,5.63,-55,4,70,0
195,175,185,140,521,5.63,-55,4,70,0
195,175,185,140,539,5.63,-55,4,70,0
195,175,185,140,557,5.63,-55,3,71,0
195,175,185,140,575,5.63,-55,3,71,0
195,175,185,140,593,5.63,-55,3,71,0
195,175,185,140,611,5.63,-55,3,71,0
195,175,185,140,629,5.63,-55,3,71,0
195,175,185,140,647,5.63,-55,3,71,0
195,175,185,187,290,4.33,-8,3,71,0
195,175,185,187,302,4.33,-8,3,71,0
195,175,185,187,314,4.33,-8,3,71,0
195,175,185,187,326,4.33,-8,3,71,0
195,175,185,187,338,4.33,-8,3,71,0
195,175,185,187,350,4.33,-8,3,71,0
195,175,185,187,362,4.33,-8,3,71,0
195,175,185,187,374,4.33,-8,3,71,0
210,190,170,187,386,4.33,-23,3,71,1
225,205,155,187,398,4.33,-38,3,71,1
240,220,140,187,410,4.33,-53,3,71,1
255,235,125,187,422,4.33,-68,3,71,1
270,250,110,187,434,4.33,-83,4,71,1
280,260,100,187,446,4.33,-93,4,71,0
280,260,100,187,458,4.33,-93,4,72,0
280,260,100,187,470,4.33,-93,4,72,0
280,260,100,187,482,4.33,-93,4,72,0
280,260,100,187,494,4.33,-93,4,72,0
280,260,100,187,506,4.33,-93,4,72,0
280,260,100,187,518,4.33,-93,4,72,0
280,260,100,187,530,4.33,-93,4,72,0
280,260,100,187,542,4.33,-93,4,72,0
280,260,100,187,554,4.33,-93,4,72,0
280,260,100,187,566,4.33,-93,4,72,0
280,260,100,378,546,5.24,98,5,72,0
280,260,100,378,561,5.24,98,5,72,0
280,260,100,378,576,5.24,98,5,72,0
280,260,100,378,591,5.24,98,5,72,0
280,260,100,378,606,5.24,98,5,72,0
280,260,100,378,621,5.24,98,5,72,0
280,260,100,378,636,5.24,98,5,72,0
280,260,100,56,464,4.86,-224,3,72,0
280,260,100,56,479,4.86,-224,3,72,0
280,260,100,56,494,4.86,-224,3,72,0
280,260,100,56,509,4.86,-224,3,73,0
280,260,100,56,524,4.86,-224,3,73,0
280,260,100,56,539,4.86,-224,4,73,0
280,260,100,56,554,4.86,-224,4,73,0
265,245,115,56,569,4.86,-209,4,73,-1
250,230,130,56,584,4.86,-194,4,73,-1
235,215,145,56,599,4.86,-179,4,73,-1
220,200,160,56,614,4.86,-164,4,73,-1
205,185,175,56,629,4.86,-149,4,73,-1
190,170,190,56,644,4.86,-134,4,73,-1
180,160,200,284,353,5.61,104,3,73,0
180,160,200,284,371,5.61,104,3,73,0
180,160,200,284,389,5.61,104,3,73,0
180,160,200,284,407,5.61,104,3,73,0
180,160,200,284,425,5.61,104,4,73,0
180,160,200,284,443,5.61,104,4,73,0
180,160,200,284,461,5.61,104,4,73,0
180,160,200,284,479,5.61,104,4,73,0
180,160,200,284,497,5.61,104,4,73,0
180,160,200,284,515,5.61,104,4,73,0
180,160,200,284,533,5.61,104,4,74,0
180,160,200,284,551,5.61,104,4,74,0
180,160,200,284,569,5.61,104,4,74,0
180,160,200,284,587,5.61,104,4,74,0
180,160,200,284,605,5.61,104,4,74,0
180,160,200,19,556,4.39,-161,4,74,0
180,160,200,19,568,4.39,-161,5,74,0
180,160,200,19,580,4.39,-161,4,74,0
180,160,200,19,592,4.39,-161,4,74,0
180,160,200,19,604,4.39,-161,4,74,0
180,160,200,107,410,4.51,-73,4,74,0
195,175,185,107,425,4.51,-88,4,74,1
210,190,170,107,440,4.51,-103,4,74,1
225,205,155,107,455,4.51,-118,3,74,1
240,220,140,107,470,4.51,-133,3,74,1
240,220,140,107,485,4.51,-133,3,74,0
240,220,140,107,500,4.51,-133,3,74,0
240,220,140,107,515,4.51,-133,3,74,0
240,220,140,107,530,4.51,-133,4,74,0
240,220,140,107,545,4.51,-133,4,74,0
240,220,140,107,560,4.51,-133,4,75,0
240,220,140,107,575,4.51,-133,4,75,0
230,210,150,107,590,4.51,-123,4,75,-1
215,195,165,107,605,4.51,-108,4,75,-1
200,180,180,107,620,4.51,-93,4,75,-1
185,165,195,107,635,4.51,-78,4,75,-1
175,155,205,107,650,4.51,-68,4,75,0
175,155,205,368,587,5.71,193,3,75,0
175,155,205,368,605,5.71,193,3,75,0
175,155,205,368,623,5.71,193,3,75,0
175,155,205,368,641,5.71,193,4,75,0
175,155,205,88,366,5.06,-87,3,75,0
175,155,205,88,381,5.06,-87,3,75,0
175,155,205,88,396,5.06,-87,3,75,0
175,155,205,88,411,5.06,-87,3,75,0
175,155,205,88,426,5.06,-87,3,75,0
175,155,205,88,441,5.06,-87,3,75,0
175,155,205,88,456,5.06,-87,3,75,0
175,155,205,88,471,5.06,-87,3,75,0
180,160,200,88,486,5.06,-92,3,75,1
195,175,185,88,501,5.06,-107,3,76,1
210,190,170,88,516,5.06,-122,3,76,1
225,205,155,88,531,5.06,-137,4,76,1
230,210,150,88,546,5.06,-142,4,76,0
230,210,150,88,561,5.06,-142,4,76,0
230,210,150,88,576,5.06,-142,4,76,0
230,210,150,88,591,5.06,-142,4,76,0
230,210,150,88,606,5.06,-142,4,76,0
230,210,150,88,621,5.06,-142,4,76,0
230,210,150,339,457,5.18,109,4,76,0
230,210,150,339,472,5.18,109,4,76,0
230,210,150,339,487,5.18,109,3,76,0
230,210,150,339,502,5.18,109,3,76,0
230,210,150,339,517,5.18,109,4,76,0
230,210,150,339,532,5.18,109,4,76,0
230,210,150,339,547,5.18,109,4,76,0
230,210,150,339,562,5.18,109,4,76,0
230,210,150,339,577,5.18,109,4,76,0
230,210,150,339,592,5.18,109,4,76,0
230,210,150,351,519,5.62,121,4,76,0
230,210,150,351,537,5.62,121,4,77,0
230,210,150,351,555,5.62,121,4,77,0
220,200,160,351,573,5.62,131,3,77,-1
205,185,175,351,591,5.62,146,3,77,-1
190,170,190,351,609,5.62,161,3,77,-1
175,155,205,351,627,5.62,176,4,77,-1
175,155,205,351,645,5.62,176,4,77,0
175,155,205,296,377,5.17,121,3,77,0
175,155,205,296,392,5.17,121,3,77,0
175,155,205,296,407,5.17,121,3,77,0
175,155,205,296,422,5.17,121,3,77,0
175,155,205,296,437,5.17,121,3,77,0
175,155,205,296,452,5.17,121,3,77,0
175,155,205,296,467,5.17,121,3,77,0
175,155,205,296,482,5.17,121,3,77,0
175,155,205,296,497,5.17,121,3,77,0
175,155,205,296,512,5.17,121,3,77,0
175,155,205,296,527,5.17,121,4,77,0
175,155,205,296,542,5.17,121,4,77,0
175,155,205,296,557,5.17,121,4,77,0
175,155,205,296,572,5.17,121,4,78,0
175,155,205,268,497,5.66,93,4,78,0
175,155,205,268,515,5.66,93,4,78,0
175,155,205,268,533,5.66,93,4,78,0
175,155,205,268,551,5.66,93,4,78,0
175,155,205,268,569,5.66,93,4,78,0
175,155,205,268,587,5.66,93,3,78,0
175,155,205,268,605,5.66,93,3,78,0
175,155,205,268,623,5.66,93,4,78,0
175,155,205,268,641,5.66,93,4,78,0
175,155,205,297,373,4.8,122,3,78,0
175,155,205,297,388,4.8,122,3,78,0
175,155,205,297,403,4.8,122,3,78,0
175,155,205,297,418,4.8,122,3,78,0
175,155,205,297,433,4.8,122,3,78,0
175,155,205,297,448,4.8,122,3,78,0
175,155,205,297,463,4.8,122,3,78,0
175,155,205,297,478,4.8,122,3,78,0
175,155,205,297,493,4.8,122,3,78,0
175,155,205,297,508,4.8,122,4,78,0
190,170,190,297,523,4.8,107,4,79,1
205,185,175,297,538,4.8,92,4,79,1
215,195,165,297,553,4.8,82,4,79,0
215,195,165,297,568,4.8,82,4,79,0
215,195,165,297,583,4.8,82,4,79,0
215,195,165,297,598,4.8,82,4,79,0
215,195,165,297,613,4.8,82,4,79,0
215,195,165,297,628,4.8,82,4,79,0
215,195,165,146,471,4.99,-69,4,79,0
215,195,165,146,486,4.99,-69,3,79,0
215,195,165,146,501,4.99,-69,3,79,0
215,195,165,146,516,4.99,-69,4,79,0
215,195,165,146,531,4.99,-69,4,79,0
215,195,165,146,546,4.99,-69,4,79,0
215,195,165,146,561,4.99,-69,4,79,0
215,195,165,146,576,4.99,-69,4,79,0
215,195,165,146,591,4.99,-69,4,79,0
215,195,165,146,606,4.99,-69,4,79,0
215,195,165,146,621,4.99,-69,4,79,0
215,195,165,146,636,4.99,-69,4,79,0
215,195,165,182,376,5.64,-33,3,80,0
215,195,165,182,394,5.64,-33,3,80,0
230,210,150,182,412,5.64,-48,4,80,1
245,225,135,182,430,5.64,-63,4,80,1
260,240,120,182,448,5.64,-78,4,80,1
275,255,105,182,466,5.64,-93,3,80,1
280,260,100,182,484,5.64,-98,3,80,0
280,260,100,182,502,5.64,-98,3,80,0
280,260,100,182,520,5.64,-98,3,80,0
280,260,100,182,538,5.64,-98,3,80,0
280,260,100,182,556,5.64,-98,3,80,0
280,260,100,182,574,5.64,-98,3,80,0
280,260,100,182,592,5.64,-98,3,80,0
280,260,100,182,610,5.64,-98,4,80,0
280,260,100,182,628,5.64,-98,4,80,0
280,260,100,182,646,5.64,-98,4,80,0
280,260,100,170,377,4.76,-110,3,80,0
280,260,100,170,392,4.76,-110,3,80,0
280,260,100,170,407,4.76,-110,3,80,0
280,260,100,170,422,4.76,-110,3,80,0
280,260,100,170,437,4.76,-110,3,81,0
280,260,100,170,452,4.76,-110,3,81,0
280,260,100,170,467,4.76,-110,3,81,0
280,260,100,170,482,4.76,-110,3,81,0
280,260,100,170,497,4.76,-110,4,81,0
280,260,100,170,512,4.76,-110,4,81,0
280,260,100,170,527,4.76,-110,4,81,0
280,260,100,170,542,4.76,-110,4,81,0
280,260,100,170,557,4.76,-110,4,81,0
265,245,115,170,572,4.76,-95,4,81,-1
250,230,130,170,587,4.76,-80,4,81,-1
235,215,145,170,602,4.76,-65,4,81,-1
225,205,155,170,617,4.76,-55,4,81,0
225,205,155,170,632,4.76,-55,4,81,0
225,205,155,170,647,4.76,-55,4,81,0
225,205,155,341,491,5.48,116,4,81,0
225,205,155,341,506,5.48,116,4,81,0
225,205,155,341,521,5.48,116,4,81,0
225,205,155,341,536,5.48,116,4,81,0
225,205,155,341,551,5.48,116,4,81,0
225,205,155,341,566,5.48,116,4,82,0
225,205,155,341,581,5.48,116,4,82,0
225,205,155,341,596,5.48,116,4,82,0
225,205,155,341,611,5.48,116,4,82,0
225,205,155,341,626,5.48,116,4,82,0
225,205,155,338,472,5.18,113,4,82,0
225,205,155,338,487,5.18,113,4,82,0
225,205,155,338,502,5.18,113,4,82,0
225,205,155,338,517,5.18,113,4,82,0
225,205,155,338,532,5.18,113,4,82,0
225,205,155,338,547,5.18,113,4,82,0
225,205,155,338,562,5.18,113,4,82,0
225,205,155,168,498,5.94,-57,4,82,0
225,205,155,168,516,5.94,-57,4,82,0
225,205,155,168,534,5.94,-57,4,82,0
225,205,155,168,552,5.94,-57,4,82,0
225,205,155,168,570,5.94,-57,4,82,0
225,205,155,168,588,5.94,-57,4,82,0
225,205,155,168,606,5.94,-57,4,82,0
225,205,155,168,624,5.94,-57,4,82,0
225,205,155,168,642,5.94,-57,4,83,0
225,205,155,380,387,5.14,155,3,83,0
225,205,155,380,402,5.14,155,3,83,0
225,205,155,380,417,5.14,155,3,83,0
225,205,155,380,432,5.14,155,3,83,0
225,205,155,380,447,5.14,155,3,83,0
225,205,155,380,462,5.14,155,3,83,0
225,205,155,380,477,5.14,155,3,83,0
225,205,155,380,492,5.14,155,4,83,0
225,205,155,169,410,5.75,-56,4,83,0
225,205,155,169,428,5.75,-56,4,83,0
225,205,155,169,446,5.75,-56,4,83,0
225,205,155,169,464,5.75,-56,4,83,0
225,205,155,169,482,5.75,-56,4,83,0
225,205,155,169,500,5.75,-56,4,83,0
225,205,155,169,518,5.75,-56,4,83,0
225,205,155,169,536,5.75,-56,4,83,0
225,205,155,169,554,5.75,-56,4,83,0
225,205,155,169,572,5.75,-56,4,83,0
235,215,145,169,590,5.75,-66,4,83,1
250,230,130,169,608,5.75,-81,4,84,1
265,245,115,169,626,5.75,-96,4,84,1
280,260,100,214,443,5.75,-66,4,84,1
295,275,85,214,461,5.75,-81,3,84,1
295,275,85,214,479,5.75,-81,3,84,0
295,275,85,214,497,5.75,-81,3,84,0
295,275,85,214,515,5.75,-81,3,84,0
295,275,85,214,533,5.75,-81,3,84,0
295,275,85,214,551,5.75,-81,3,84,0
295,275,85,214,569,5.75,-81,3,84,0
295,275,85,214,587,5.75,-81,4,84,0
295,275,85,214,605,5.75,-81,4,84,0
295,275,85,214,623,5.75,-81,4,84,0
295,275,85,214,641,5.75,-81,4,84,0
295,275,85,352,215,5.23,57,3,84,0
295,275,85,352,230,5.23,57,3,84,0
295,275,85,352,245,5.23,57,3,84,0
295,275,85,352,260,5.23,57,3,84,0
295,275,85,352,275,5.23,57,3,84,0
295,275,85,352,290,5.23,57,3,84,0
295,275,85,352,305,5.23,57,3,85,0
295,275,85,352,320,5.23,57,4,85,0
295,275,85,352,335,5.23,57,4,85,0
295,275,85,352,350,5.23,57,4,85,0
295,275,85,352,365,5.23,57,4,85,0
290,270,90,72,545,4.83,-218,4,85,-1
275,255,105,72,560,4.83,-203,4,85,-1
260,240,120,72,575,4.83,-188,4,85,-1
245,225,135,72,590,4.83,-173,4,85,-1
245,225,135,352,440,5.23,107,4,85,0
245,225,135,352,455,5.23,107,4,85,0
245,225,135,352,470,5.23,107,5,85,0
245,225,135,352,485,5.23,107,5,85,0
245,225,135,352,500,5.23,107,4,85,0
245,225,135,352,515,5.23,107,4,85,0
245,225,135,352,530,5.23,107,4,85,0
245,225,135,352,545,5.23,107,4,85,0
245,225,135,352,560,5.23,107,4,85,0
245,225,135,352,575,5.23,107,4,85,0
245,225,135,352,590,5.23,107,4,85,0
245,225,135,352,605,5.23,107,4,86,0
245,225,135,352,620,5.23,107,4,86,0
245,225,135,352,635,5.23,107,5,86,0
245,225,135,352,650,5.23,107,5,86,0
245,225,135,131,422,5.57,-114,4,86,0
245,225,135,131,440,5.57,-114,4,86,0
245,225,135,131,458,5.57,-114,4,86,0
245,225,135,131,476,5.57,-114,4,86,0
245,225,135,131,494,5.57,-114,4,86,0
245,225,135,131,512,5.57,-114,4,86,0
245,225,135,131,530,5.57,-114,4,86,0
245,225,135,131,548,5.57,-114,4,86,0
245,225,135,131,566,5.57,-114,4,86,0
245,225,135,131,584,5.57,-114,5,86,0
245,225,135,131,602,5.57,-114,4,86,0
230,210,150,131,620,5.57,-99,4,86,-1
215,195,165,131,638,5.57,-84,4,86,-1
200,180,180,220,384,4.85,20,3,86,-1
185,165,195,220,399,4.85,35,3,86,-1
170,150,210,220,414,4.85,50,3,86,-1
155,135,225,220,429,4.85,65,3,87,-1
145,125,235,220,444,4.85,75,3,87,0
145,125,235,220,459,4.85,75,3,87,0
145,125,235,220,474,4.85,75,4,87,0
145,125,235,220,489,4.85,75,4,87,0
145,125,235,220,504,4.85,75,4,87,0
145,125,235,220,519,4.85,75,4,87,0
145,125,235,220,534,4.85,75,4,87,0
145,125,235,220,549,4.85,75,4,87,0
145,125,235,220,564,4.85,75,4,87,0
145,125,235,220,579,4.85,75,4,87,0
145,125,235,220,594,4.85,75,4,87,0
145,125,235,220,609,4.85,75,4,87,0
145,125,235,220,624,4.85,75,5,87,0
145,125,235,220,639,4.85,75,5,87,0
145,125,235,329,490,5.31,184,4,87,0
145,125,235,329,505,5.31,184,4,87,0
145,125,235,329,520,5.31,184,4,87,0
145,125,235,329,535,5.31,184,4,87,0
145,125,235,329,550,5.31,184,4,87,0
145,125,235,329,565,5.31,184,4,88,0
145,125,235,329,580,5.31,184,4,88,0
145,125,235,329,595,5.31,184,4,88,0
145,125,235,329,610,5.31,184,4,88,0
145,125,235,329,625,5.31,184,5,88,0
145,125,235,329,640,5.31,184,5,88,0
145,125,235,379,500,4.7,234,4,88,0
145,125,235,379,515,4.7,234,4,88,0
145,125,235,379,530,4.7,234,4,88,0
145,125,235,379,545,4.7,234,4,88,0
145,125,235,379,560,4.7,234,4,88,0
145,125,235,379,575,4.7,234,4,88,0
145,125,235,379,590,4.7,234,4,88,0
145,125,235,142,294,5.25,-3,4,88,0
145,125,235,142,309,5.25,-3,5,88,0
145,125,235,142,324,5.25,-3,5,88,0
145,125,235,142,339,5.25,-3,4,88,0
160,140,220,326,506,5.5,166,4,88,1
175,155,205,326,521,5.5,151,4,88,1
190,170,190,326,536,5.5,136,4,88,1
205,185,175,326,551,5.5,121,4,89,1
220,200,160,326,566,5.5,106,4,89,1
235,215,145,326,581,5.5,91,4,89,1
250,230,130,326,596,5.5,76,4,89,1
260,240,120,326,611,5.5,66,5,89,0
260,240,120,326,626,5.5,66,5,89,0
260,240,120,326,641,5.5,66,5,89,0
260,240,120,142,504,5.25,-118,4,89,0
260,240,120,142,519,5.25,-118,4,89,0
260,240,120,142,534,5.25,-118,4,89,0
265,245,115,142,549,5.25,-123,4,89,1
280,260,100,142,564,5.25,-138,4,89,1
295,275,85,142,579,5.25,-153,4,89,1
305,285,75,216,440,4.99,-89,4,89,0
305,285,75,216,455,4.99,-89,4,89,0
305,285,75,216,470,4.99,-89,5,89,0
305,285,75,216,485,4.99,-89,5,89,0
305,285,75,216,500,4.99,-89,4,89,0
305,285,75,216,515,4.99,-89,4,89,0
305,285,75,216,530,4.99,-89,4,89,0
305,285,75,216,545,4.99,-89,4,90,0
305,285,75,216,560,4.99,-89,4,90,0
305,285,75,216,575,4.99,-89,4,90,0
305,285,75,216,590,4.99,-89,4,90,0
305,285,75,216,605,4.99,-89,4,90,0
305,285,75,216,620,4.99,-89,5,90,0
305,285,75,216,635,4.99,-89,5,90,0
305,285,75,40,491,4.76,-265,4,90,0
305,285,75,40,506,4.76,-265,4,90,0
305,285,75,40,521,4.76,-265,4,90,0
305,285,75,40,536,4.76,-265,4,90,0
305,285,75,40,551,4.76,-265,4,90,0
305,285,75,91,496,6.09,-214,4,90,0
305,285,75,91,514,6.09,-214,4,90,0
305,285,75,91,532,6.09,-214,4,90,0
290,270,90,91,550,6.09,-199,5,90,-1
275,255,105,91,568,6.09,-184,5,90,-1
260,240,120,91,586,6.09,-169,5,90,-1
245,225,135,91,604,6.09,-154,4,90,-1
230,210,150,91,622,6.09,-139,4,90,-1
215,195,165,91,640,6.09,-124,4,91,-1
200,180,180,100,395,4.82,-100,3,91,-1
200,180,180,100,410,4.82,-100,3,91,0
200,180,180,100,425,4.82,-100,3,91,0
200,180,180,100,440,4.82,-100,3,91,0
200,180,180,100,455,4.82,-100,4,91,0
200,180,180,100,470,4.82,-100,4,91,0
200,180,180,100,485,4.82,-100,4,91,0
200,180,180,100,500,4.82,-100,4,91,0
185,165,195,100,515,4.82,-85,4,91,-1
170,150,210,100,530,4.82,-70,4,91,-1
155,135,225,100,545,4.82,-55,4,91,-1
155,135,225,100,560,4.82,-55,4,91,0
155,135,225,100,575,4.82,-55,4,91,0
155,135,225,100,590,4.82,-55,4,91,0
155,135,225,100,605,4.82,-55,5,91,0
155,135,225,259,562,6.16,104,5,91,0
155,135,225,259,580,6.16,104,5,91,0
155,135,225,259,598,6.16,104,4,91,0
155,135,225,259,616,6.16,104,4,91,0
155,135,225,259,634,6.16,104,4,92,0
155,135,225,259,652,6.16,104,4,92,0
155,135,225,79,405,5.06,-76,3,92,0
155,135,225,79,420,5.06,-76,3,92,0
155,135,225,79,435,5.06,-76,3,92,0
155,135,225,79,450,5.06,-76,4,92,0
160,140,220,79,465,5.06,-81,4,92,1
175,155,205,79,480,5.06,-96,4,92,1
190,170,190,79,495,5.06,-111,4,92,1
205,185,175,79,510,5.06,-126,4,92,1
220,200,160,79,525,5.06,-141,4,92,1
230,210,150,79,540,5.06,-151,4,92,0
230,210,150,79,555,5.06,-151,4,92,0
230,210,150,79,570,5.06,-151,4,92,0
230,210,150,79,585,5.06,-151,4,92,0
230,210,150,79,600,5.06,-151,5,92,0
230,210,150,79,615,5.06,-151,5,92,0
230,210,150,80,483,4.88,-150,5,92,0
230,210,150,80,498,4.88,-150,5,92,0
230,210,150,80,513,4.88,-150,4,92,0
230,210,150,80,528,4.88,-150,4,93,0
230,210,150,80,543,4.88,-150,4,93,0
230,210,150,80,558,4.88,-150,4,93,0
230,210,150,80,573,4.88,-150,4,93,0
230,210,150,80,588,4.88,-150,5,93,0
230,210,150,80,603,4.88,-150,5,93,0
230,210,150,80,618,4.88,-150,5,93,0
230,210,150,148,404,6.14,-82,5,93,0
230,210,150,148,422,6.14,-82,5,93,0
230,210,150,148,440,6.14,-82,4,93,0
230,210,150,148,458,6.14,-82,4,93,0
245,225,135,148,476,6.14,-97,3,93,1
260,240,120,148,494,6.14,-112,3,93,1
275,255,105,148,512,6.14,-127,3,93,1
285,265,95,148,530,6.14,-137,4,93,0
285,265,95,148,548,6.14,-137,4,93,0
285,265,95,148,566,6.14,-137,4,93,0
285,265,95,148,584,6.14,-137,4,93,0
280,260,100,148,602,6.14,-132,4,93,-1
265,245,115,148,620,6.14,-117,4,93,-1
250,230,130,148,638,6.14,-102,4,94,-1
235,215,145,336,394,5.0,101,3,94,-1
220,200,160,336,409,5.0,116,3,94,-1
205,185,175,336,424,5.0,131,3,94,-1
205,185,175,336,439,5.0,131,4,94,0
205,185,175,336,454,5.0,131,4,94,0
205,185,175,336,469,5.0,131,4,94,0
205,185,175,336,484,5.0,131,4,94,0
205,185,175,336,499,5.0,131,4,94,0
205,185,175,336,514,5.0,131,4,94,0
205,185,175,336,529,5.0,131,4,94,0
205,185,175,336,544,5.0,131,4,94,0
205,185,175,336,559,5.0,131,4,94,0
205,185,175,336,574,5.0,131,5,94,0
205,185,175,336,589,5.0,131,5,94,0
205,185,175,371,550,5.54,166,5,94,0
205,185,175,371,568,5.54,166,5,94,0
205,185,175,371,586,5.54,166,5,94,0
205,185,175,371,604,5.54,166,5,94,0
205,185,175,312,452,5.61,107,4,94,0
205,185,175,312,470,5.61,107,4,95,0
205,185,175,312,488,5.61,107,3,95,0
205,185,175,312,506,5.61,107,3,95,0
205,185,175,312,524,5.61,107,4,95,0
205,185,175,312,542,5.61,107,4,95,0
200,180,180,312,560,5.61,112,4,95,-1
185,165,195,312,578,5.61,127,4,95,-1
170,150,210,312,596,5.61,142,4,95,-1
155,135,225,257,440,6.31,102,4,95,-1
140,120,240,257,458,6.31,117,4,95,-1
125,105,255,257,476,6.31,132,3,95,-1
115,95,265,257,494,6.31,142,3,95,0
115,95,265,257,512,6.31,142,3,95,0
115,95,265,257,530,6.31,142,4,95,0
115,95,265,257,548,6.31,142,4,95,0
115,95,265,257,566,6.31,142,4,95,0
115,95,265,257,584,6.31,142,4,95,0
115,95,265,257,602,6.31,142,4,95,0
115,95,265,257,620,6.31,142,4,95,0
115,95,265,257,638,6.31,142,4,95,0
115,95,265,379,480,6.28,264,3,96,0
115,95,265,379,498,6.28,264,3,96,0
115,95,265,379,516,6.28,264,4,96,0
115,95,265,379,534,6.28,264,4,96,0
115,95,265,379,552,6.28,264,4,96,0
115,95,265,379,570,6.28,264,4,96,0
115,95,265,379,588,6.28,264,4,96,0
115,95,265,379,606,6.28,264,4,96,0
115,95,265,274,376,4.99,159,4,96,0
115,95,265,274,391,4.99,159,4,96,0
115,95,265,274,406,4.99,159,3,96,0
115,95,265,274,421,4.99,159,4,96,0
115,95,265,274,436,4.99,159,4,96,0
110,90,270,274,451,4.99,164,4,96,-1
95,75,285,274,466,4.99,179,4,96,-1
80,60,300,274,481,4.99,194,4,96,-1
65,45,315,274,496,4.99,209,4,96,-1
50,30,330,274,511,4.99,224,4,96,-1
35,15,345,274,526,4.99,239,4,96,-1
25,5,355,274,541,4.99,249,4,96,0
25,5,355,274,556,4.99,249,4,97,0
25,5,355,163,420,5.08,138,5,97,0
25,5,355,163,435,5.08,138,5,97,0
25,5,355,163,450,5.08,138,5,97,0
25,5,355,163,465,5.08,138,5,97,0
25,5,355,163,480,5.08,138,5,97,0
25,5,355,163,495,5.08,138,5,97,0
25,5,355,163,510,5.08,138,4,97,0
25,5,355,163,525,5.08,138,4,97,0
25,5,355,163,540,5.08,138,4,97,0
25,5,355,163,555,5.08,138,5,97,0
25,5,355,163,570,5.08,138,5,97,0
25,5,355,163,585,5.08,138,5,97,0
25,5,355,117,465,5.47,92,5,97,0
25,5,355,117,480,5.47,92,5,97,0
25,5,355,117,495,5.47,92,5,97,0
25,5,355,117,510,5.47,92,5,97,0
25,5,355,117,525,5.47,92,4,97,0
25,5,355,117,540,5.47,92,4,97,0
25,5,355,117,555,5.47,92,5,97,0
25,5,355,117,570,5.47,92,5,98,0
25,5,355,117,585,5.47,92,5,98,0
25,5,355,117,600,5.47,92,5,98,0
25,5,355,117,615,5.47,92,5,98,0
25,5,355,117,630,5.47,92,5,98,0
25,5,355,117,645,5.47,92,5,98,0
25,5,355,199,624,5.97,174,4,98,0
25,5,355,102,391,5.48,77,4,98,0
25,5,355,102,406,5.48,77,3,98,0
25,5,355,102,421,5.48,77,4,98,0
25,5,355,102,436,5.48,77,4,98,0
25,5,355,102,451,5.48,77,4,98,0
25,5,355,102,466,5.48,77,4,98,0
25,5,355,102,481,5.48,77,4,98,0
25,5,355,102,496,5.48,77,4,98,0
25,5,355,102,511,5.48,77,4,98,0
25,5,355,102,526,5.48,77,4,98,0
25,5,355,102,541,5.48,77,4,98,0
25,5,355,102,556,5.48,77,5,98,0
25,5,355,102,571,5.48,77,5,98,0
25,5,355,102,586,5.48,77,5,99,0
25,5,355,102,601,5.48,77,5,99,0
25,5,355,102,616,5.48,77,5,99,0
25,5,355,102,631,5.48,77,5,99,0
25,5,355,102,646,5.48,77,5,99,0
25,5,355,169,631,5.7,144,4,99,0
25,5,355,169,649,5.7,144,4,99,0
25,5,355,160,413,4.99,135,4,99,0
25,5,355,160,428,4.99,135,4,99,0
25,5,355,160,443,4.99,135,4,99,0
25,5,355,160,458,4.99,135,4,99,0
25,5,355,160,473,4.99,135,4,99,0
25,5,355,160,488,4.99,135,4,99,0
25,5,355,160,503,4.99,135,4,99,0
25,5,355,160,518,4.99,135,4,99,0
25,5,355,160,533,4.99,135,4,99,0
25,5,355,160,548,4.99,135,5,99,0
25,5,355,160,563,4.99,135,5,99,0
25,5,355,160,578,4.99,135,5,99,0
25,5,355,160,593,4.99,135,5,99,0
25,5,355,160,608,4.99,135,5,100,0
25,5,355,160,623,4.99,135,5,100,0
25,5,355,160,638,4.99,135,5,100,0
25,5,355,132,449,5.86,107,4,100,0
25,5,355,132,467,5.86,107,4,100,0
25,5,355,132,485,5.86,107,4,100,0
25,5,355,132,503,5.86,107,4,100,0
25,5,355,132,521,5.86,107,4,100,0
40,20,340,132,539,5.86,92,4,100,1
55,35,325,132,557,5.86,77,4,100,1
70,50,310,132,575,5.86,62,4,100,1
85,65,295,132,593,5.86,47,4,100,1
100,80,280,132,611,5.86,32,4,100,1
115,95,265,132,629,5.86,17,4,100,1
130,110,250,132,647,5.86,2,5,100,1
145,125,235,81,503,5.67,-64,4,100,1
160,140,220,81,521,5.67,-79,4,100,1
175,155,205,81,539,5.67,-94,4,100,1
190,170,190,81,557,5.67,-109,4,100,1
205,185,175,81,575,5.67,-124,4,100,1
220,200,160,81,593,5.67,-139,4,101,1
220,200,160,81,611,5.67,-139,4,101,0
220,200,160,81,629,5.67,-139,4,101,0
220,200,160,81,647,5.67,-139,5,101,0
220,200,160,119,416,5.24,-101,4,101,0
220,200,160,119,431,5.24,-101,4,101,0
220,200,160,119,446,5.24,-101,4,101,0
220,200,160,119,461,5.24,-101,4,101,0
220,200,160,119,476,5.24,-101,4,101,0
220,200,160,119,491,5.24,-101,4,101,0
220,200,160,119,506,5.24,-101,4,101,0
220,200,160,119,521,5.24,-101,4,101,0
220,200,160,119,536,5.24,-101,5,101,0
220,200,160,119,551,5.24,-101,5,101,0
220,200,160,119,566,5.24,-101,5,101,0
220,200,160,119,581,5.24,-101,5,101,0
220,200,160,119,596,5.24,-101,5,101,0
220,200,160,119,611,5.24,-101,5,101,0
220,200,160,119,626,5.24,-101,5,101,0
220,200,160,119,641,5.24,-101,5,101,0
220,200,160,373,468,5.97,153,4,102,0
220,200,160,373,486,5.97,153,5,102,0
220,200,160,373,504,5.97,153,4,102,0
220,200,160,373,522,5.97,153,4,102,0
220,200,160,373,540,5.97,153,4,102,0
220,200,160,373,558,5.97,153,4,102,0
220,200,160,373,576,5.97,153,4,102,0
220,200,160,373,594,5.97,153,4,102,0
220,200,160,373,612,5.97,153,4,102,0
220,200,160,373,630,5.97,153,5,102,0
220,200,160,373,648,5.97,153,5,102,0
220,200,160,201,284,5.03,-19,4,102,0
220,200,160,201,299,5.03,-19,4,102,0
220,200,160,201,314,5.03,-19,4,102,0
225,205,155,377,462,5.21,152,4,102,1
240,220,140,377,477,5.21,137,4,102,1
255,235,125,377,492,5.21,122,4,102,1
270,250,110,377,507,5.21,107,4,102,1
275,255,105,377,522,5.21,102,5,102,0
275,255,105,377,537,5.21,102,5,102,0
275,255,105,377,552,5.21,102,5,103,0
275,255,105,377,567,5.21,102,5,103,0
275,255,105,377,582,5.21,102,5,103,0
275,255,105,377,597,5.21,102,5,103,0
275,255,105,201,479,5.03,-74,5,103,0
275,255,105,201,494,5.03,-74,5,103,0
275,255,105,201,509,5.03,-74,5,103,0
275,255,105,201,524,5.03,-74,5,103,0
275,255,105,201,539,5.03,-74,5,103,0
275,255,105,201,554,5.03,-74,5,103,0
275,255,105,201,569,5.03,-74,5,103,0
270,250,110,201,584,5.03,-69,5,103,-1
255,235,125,201,599,5.03,-54,5,103,-1
240,220,140,201,614,5.03,-39,5,103,-1
225,205,155,201,629,5.03,-24,5,103,-1
210,190,170,201,644,5.03,-9,6,103,-1
205,185,175,67,638,6.46,-138,5,103,0
205,185,175,330,412,5.19,125,4,103,0
205,185,175,330,427,5.19,125,4,103,0
205,185,175,330,442,5.19,125,4,103,0
205,185,175,330,457,5.19,125,4,104,0
205,185,175,330,472,5.19,125,4,104,0
205,185,175,330,487,5.19,125,4,104,0
205,185,175,330,502,5.19,125,4,104,0
205,185,175,330,517,5.19,125,5,104,0
205,185,175,330,532,5.19,125,5,104,0
205,185,175,330,547,5.19,125,5,104,0
205,185,175,330,562,5.19,125,5,104,0
205,185,175,330,577,5.19,125,5,104,0
195,175,185,59,555,6.49,-136,5,104,-1
180,160,200,59,573,6.49,-121,5,104,-1
165,145,215,59,591,6.49,-106,5,104,-1
150,130,230,59,609,6.49,-91,5,104,-1
135,115,245,59,627,6.49,-76,5,104,-1
130,110,250,59,645,6.49,-71,5,104,0
130,110,250,230,424,5.38,100,4,104,0
130,110,250,230,439,5.38,100,4,104,0
130,110,250,230,454,5.38,100,4,104,0
130,110,250,230,469,5.38,100,4,104,0
130,110,250,230,484,5.38,100,4,104,0
130,110,250,230,499,5.38,100,4,105,0
130,110,250,230,514,5.38,100,5,105,0
130,110,250,230,529,5.38,100,5,105,0
130,110,250,230,544,5.38,100,5,105,0
130,110,250,230,559,5.38,100,5,105,0
130,110,250,230,574,5.38,100,5,105,0
130,110,250,230,589,5.38,100,5,105,0
130,110,250,230,604,5.38,100,5,105,0
145,125,235,230,619,5.38,85,5,105,1
160,140,220,230,634,5.38,70,6,105,1
175,155,205,230,649,5.38,55,6,105,1
190,170,190,302,640,5.73,112,5,105,1
205,185,175,187,291,5.15,-18,4,105,1
220,200,160,187,306,5.15,-33,4,105,1
235,215,145,187,321,5.15,-48,4,105,1
250,230,130,187,336,5.15,-63,4,105,1
265,245,115,187,351,5.15,-78,4,105,1
280,260,100,187,366,5.15,-93,4,105,1
295,275,85,187,381,5.15,-108,5,105,1
295,275,85,187,396,5.15,-108,5,105,0
295,275,85,187,411,5.15,-108,5,106,0
295,275,85,187,426,5.15,-108,5,106,0
295,275,85,187,441,5.15,-108,5,106,0
295,275,85,187,456,5.15,-108,5,106,0
295,275,85,187,471,5.15,-108,5,106,0
295,275,85,187,486,5.15,-108,5,106,0
295,275,85,187,501,5.15,-108,6,106,0
295,275,85,187,516,5.15,-108,6,106,0
295,275,85,187,531,5.15,-108,5,106,0
295,275,85,187,546,5.15,-108,5,106,0
295,275,85,376,525,5.8,81,5,106,0
295,275,85,376,543,5.8,81,5,106,0
295,275,85,376,561,5.8,81,5,106,0
295,275,85,376,579,5.8,81,5,106,0
295,275,85,376,597,5.8,81,6,106,0
295,275,85,376,615,5.8,81,6,106,0
295,275,85,376,633,5.8,81,5,106,0
295,275,85,187,501,6.46,-108,4,106,0
295,275,85,187,519,6.46,-108,4,106,0
280,260,100,187,537,6.46,-93,4,106,-1
265,245,115,187,555,6.46,-78,4,107,-1
250,230,130,187,573,6.46,-63,4,107,-1
235,215,145,187,591,6.46,-48,4,107,-1
220,200,160,187,609,6.46,-33,5,107,-1
205,185,175,187,627,6.46,-18,5,107,-1
190,170,190,187,645,6.46,-3,5,107,-1
175,155,205,282,512,6.28,107,4,107,-1
160,140,220,282,530,6.28,122,4,107,-1
160,140,220,282,548,6.28,122,4,107,0
160,140,220,282,566,6.28,122,4,107,0
160,140,220,282,584,6.28,122,4,107,0
160,140,220,282,602,6.28,122,5,107,0
160,140,220,282,620,6.28,122,5,107,0
160,140,220,282,638,6.28,122,5,107,0
160,140,220,59,420,5.34,-101,4,107,0
160,140,220,59,435,5.34,-101,4,107,0
160,140,220,59,450,5.34,-101,4,107,0
160,140,220,59,465,5.34,-101,4,107,0
160,140,220,59,480,5.34,-101,4,107,0
160,140,220,59,495,5.34,-101,5,107,0
160,140,220,59,510,5.34,-101,5,108,0
160,140,220,59,525,5.34,-101,5,108,0
150,130,230,59,540,5.34,-91,5,108,-1
135,115,245,59,555,5.34,-76,5,108,-1
120,100,260,59,570,5.34,-61,5,108,-1
105,85,275,59,585,5.34,-46,5,108,-1
90,70,290,59,600,5.34,-31,5,108,-1
80,60,300,59,615,5.34,-21,6,108,0
80,60,300,59,630,5.34,-21,6,108,0
80,60,300,59,645,5.34,-21,6,108,0
80,60,300,209,535,5.16,129,5,108,0
80,60,300,209,550,5.16,129,5,108,0
80,60,300,181,531,6.46,101,5,108,0
80,60,300,181,549,6.46,101,5,108,0
80,60,300,181,567,6.46,101,5,108,0
80,60,300,181,585,6.46,101,6,108,0
80,60,300,181,603,6.46,101,6,108,0
80,60,300,181,621,6.46,101,6,108,0
80,60,300,175,488,6.48,95,5,108,0
80,60,300,175,506,6.48,95,4,108,0
80,60,300,175,524,6.48,95,4,109,0
80,60,300,175,542,6.48,95,4,109,0
80,60,300,175,560,6.48,95,4,109,0
85,65,295,175,578,6.48,90,5,109,1
100,80,280,175,596,6.48,75,5,109,1
115,95,265,175,614,6.48,60,5,109,1
130,110,250,175,632,6.48,45,5,109,1
145,125,235,53,498,6.2,-92,4,109,1
160,140,220,53,516,6.2,-107,4,109,1
175,155,205,53,534,6.2,-122,4,109,1
190,170,190,53,552,6.2,-137,4,109,1
205,185,175,53,570,6.2,-152,5,109,1
220,200,160,53,588,6.2,-167,5,109,1
220,200,160,108,463,6.06,-112,5,109,0
220,200,160,108,481,6.06,-112,5,109,0
220,200,160,108,499,6.06,-112,5,109,0
220,200,160,108,517,6.06,-112,4,109,0
220,200,160,108,535,6.06,-112,4,109,0
220,200,160,108,553,6.06,-112,4,109,0
220,200,160,108,571,6.06,-112,5,109,0
220,200,160,108,589,6.06,-112,5,110,0
230,210,150,108,607,6.06,-122,5,110,1
245,225,135,128,483,6.43,-117,5,110,1
260,240,120,128,501,6.43,-132,5,110,1
275,255,105,128,519,6.43,-147,4,110,1
290,270,90,128,537,6.43,-162,4,110,1
305,285,75,128,555,6.43,-177,4,110,1
315,295,65,229,429,6.35,-86,5,110,0
315,295,65,229,447,6.35,-86,5,110,0
315,295,65,229,465,6.35,-86,5,110,0
315,295,65,229,483,6.35,-86,5,110,0
315,295,65,229,501,6.35,-86,5,110,0
315,295,65,229,519,6.35,-86,4,110,0
315,295,65,229,537,6.35,-86,4,110,0
315,295,65,229,555,6.35,-86,4,110,0
315,295,65,229,573,6.35,-86,5,110,0
315,295,65,229,591,6.35,-86,5,110,0
315,295,65,229,609,6.35,-86,5,110,0
315,295,65,229,627,6.35,-86,5,110,0
315,295,65,229,645,6.35,-86,5,110,0
315,295,65,189,513,6.0,-126,4,111,0
315,295,65,189,531,6.0,-126,4,111,0
315,295,65,189,549,6.0,-126,4,111,0
315,295,65,189,567,6.0,-126,5,111,0
315,295,65,189,585,6.0,-126,5,111,0
300,280,80,189,603,6.0,-111,5,111,-1
285,265,95,189,621,6.0,-96,5,111,-1
270,250,110,189,639,6.0,-81,5,111,-1
255,235,125,113,602,6.69,-142,4,111,-1
245,225,135,113,623,6.69,-132,4,111,0
245,225,135,113,644,6.69,-132,4,111,0
245,225,135,369,426,5.54,124,4,111,0
245,225,135,369,444,5.54,124,4,111,0
245,225,135,369,462,5.54,124,4,111,0
245,225,135,369,480,5.54,124,4,111,0
245,225,135,369,498,5.54,124,4,111,0
245,225,135,369,516,5.54,124,4,111,0
245,225,135,369,534,5.54,124,4,111,0
255,235,125,369,552,5.54,114,5,111,1
270,250,110,369,570,5.54,99,5,111,1
285,265,95,369,588,5.54,84,5,112,1
300,280,80,369,606,5.54,69,5,112,1
315,295,65,369,624,5.54,54,5,112,1
325,305,55,369,642,5.54,44,5,112,0
325,305,55,214,513,6.38,-111,4,112,0
325,305,55,214,531,6.38,-111,4,112,0
325,305,55,214,549,6.38,-111,5,112,0
325,305,55,214,567,6.38,-111,5,112,0
325,305,55,214,585,6.38,-111,5,112,0
325,305,55,214,603,6.38,-111,5,112,0
325,305,55,214,621,6.38,-111,5,112,0
325,305,55,214,639,6.38,-111,5,112,0
325,305,55,138,611,6.72,-187,4,112,0
325,305,55,138,632,6.72,-187,4,112,0
315,295,65,66,419,6.35,-249,4,112,-1
300,280,80,66,437,6.35,-234,4,112,-1
285,265,95,66,455,6.35,-219,4,112,-1
270,250,110,66,473,6.35,-204,4,112,-1
255,235,125,66,491,6.35,-189,4,112,-1
240,220,140,66,509,6.35,-174,4,112,-1
225,205,155,66,527,6.35,-159,4,113,-1
225,205,155,66,545,6.35,-159,5,113,0
225,205,155,66,563,6.35,-159,5,113,0
225,205,155,66,581,6.35,-159,5,113,0
225,205,155,66,599,6.35,-159,5,113,0
225,205,155,66,617,6.35,-159,5,113,0
225,205,155,47,499,5.53,-178,5,113,0
225,205,155,47,517,5.53,-178,4,113,0
225,205,155,47,535,5.53,-178,4,113,0
225,205,155,47,553,5.53,-178,5,113,0
225,205,155,47,571,5.53,-178,5,113,0
225,205,155,112,452,6.22,-113,5,113,0
225,205,155,112,470,6.22,-113,5,113,0
225,205,155,112,488,6.22,-113,5,113,0
225,205,155,112,506,6.22,-113,5,113,0
225,205,155,112,524,6.22,-113,4,113,0
225,205,155,112,542,6.22,-113,4,113,0
225,205,155,112,560,6.22,-113,5,113,0
225,205,155,112,578,6.22,-113,5,113,0
225,205,155,112,596,6.22,-113,5,113,0
225,205,155,112,614,6.22,-113,5,114,0
225,205,155,112,632,6.22,-113,5,114,0
225,205,155,37,511,6.05,-188,4,114,0
225,205,155,37,529,6.05,-188,4,114,0
225,205,155,37,547,6.05,-188,5,114,0
225,205,155,151,428,6.48,-74,5,114,0
225,205,155,151,446,6.48,-74,5,114,0
230,210,150,151,464,6.48,-79,5,114,1
245,225,135,151,482,6.48,-94,5,114,1
260,240,120,151,500,6.48,-109,5,114,1
275,255,105,151,518,6.48,-124,4,114,1
290,270,90,151,536,6.48,-139,5,114,1
305,285,75,151,554,6.48,-154,5,114,1
320,300,60,151,572,6.48,-169,5,114,1
330,310,50,151,590,6.48,-179,5,114,0
330,310,50,201,466,5.88,-129,5,114,0
330,310,50,201,484,5.88,-129,5,114,0
330,310,50,201,502,5.88,-129,5,114,0
330,310,50,201,520,5.88,-129,4,114,0
330,310,50,201,538,5.88,-129,5,114,0
330,310,50,201,556,5.88,-129,5,115,0
330,310,50,201,574,5.88,-129,5,115,0
330,310,50,201,592,5.88,-129,5,115,0
330,310,50,230,477,6.37,-100,5,115,0
330,310,50,230,495,6.37,-100,5,115,0
330,310,50,230,513,6.37,-100,5,115,0
330,310,50,230,531,6.37,-100,5,115,0
330,310,50,230,549,6.37,-100,5,115,0
330,310,50,230,567,6.37,-100,5,115,0
325,305,55,230,585,6.37,-95,5,115,-1
310,290,70,230,603,6.37,-80,5,115,-1
295,275,85,230,621,6.37,-65,5,115,-1
280,260,100,230,639,6.37,-50,5,115,-1
265,245,115,135,521,6.36,-130,5,115,-1
250,230,130,135,539,6.36,-115,5,115,-1
235,215,145,135,557,6.36,-100,5,115,-1
220,200,160,135,575,6.36,-85,5,115,-1
205,185,175,135,593,6.36,-70,5,115,-1
190,170,190,135,611,6.36,-55,5,115,-1
185,165,195,135,629,6.36,-50,5,115,0
185,165,195,135,647,6.36,-50,5,116,0
185,165,195,26,624,6.78,-159,5,116,0
185,165,195,65,424,6.18,-120,5,116,0
185,165,195,65,442,6.18,-120,4,116,0
185,165,195,65,460,6.18,-120,4,116,0
185,165,195,65,478,6.18,-120,4,116,0
185,165,195,65,496,6.18,-120,4,116,0
185,165,195,65,514,6.18,-120,4,116,0
185,165,195,65,532,6.18,-120,5,116,0
185,165,195,65,550,6.18,-120,5,116,0
185,165,195,65,568,6.18,-120,5,116,0
185,165,195,65,586,6.18,-120,5,116,0
185,165,195,332,549,6.74,147,5,116,0
185,165,195,332,570,6.74,147,5,116,0
185,165,195,332,591,6.74,147,5,116,0
185,165,195,332,612,6.74,147,5,116,0
185,165,195,332,633,6.74,147,5,116,0
185,165,195,316,423,6.41,131,4,116,0
185,165,195,316,441,6.41,131,4,116,0
170,150,210,316,459,6.41,146,4,116,-1
155,135,225,316,477,6.41,161,4,117,-1
140,120,240,316,495,6.41,176,4,117,-1
135,115,245,316,513,6.41,181,5,117,0
135,115,245,316,531,6.41,181,5,117,0
135,115,245,316,549,6.41,181,5,117,0
135,115,245,258,510,6.83,123,5,117,0
135,115,245,258,531,6.83,123,5,117,0
135,115,245,258,552,6.83,123,5,117,0
135,115,245,258,573,6.83,123,5,117,0
135,115,245,258,594,6.83,123,6,117,0
145,125,235,258,615,6.83,113,5,117,1
160,140,220,258,636,6.83,98,5,117,1
175,155,205,364,504,6.56,189,4,117,1
190,170,190,364,525,6.56,174,4,117,1
205,185,175,364,546,6.56,159,4,117,1
220,200,160,364,567,6.56,144,4,117,1
235,215,145,364,588,6.56,129,5,117,1
250,230,130,364,609,6.56,114,5,117,1
265,245,115,364,630,6.56,99,5,117,1
280,260,100,364,651,6.56,84,5,117,1
295,275,85,198,444,5.91,-97,4,118,1
310,290,70,198,462,5.91,-112,4,118,1
325,305,55,198,480,5.91,-127,4,118,1
330,310,50,198,498,5.91,-132,5,118,0
330,310,50,198,516,5.91,-132,5,118,0
330,310,50,198,534,5.91,-132,5,118,0
330,310,50,198,552,5.91,-132,5,118,0
330,310,50,198,570,5.91,-132,5,118,0
330,310,50,198,588,5.91,-132,5,118,0
330,310,50,213,483,6.01,-117,5,118,0
330,310,50,213,501,6.01,-117,6,118,0
330,310,50,213,519,6.01,-117,6,118,0
330,310,50,213,537,6.01,-117,5,118,0
325,305,55,213,555,6.01,-112,5,118,-1
310,290,70,213,573,6.01,-97,5,118,-1
295,275,85,213,591,6.01,-82,5,118,-1
280,260,100,213,609,6.01,-67,5,118,-1
265,245,115,213,627,6.01,-52,6,118,-1
250,230,130,213,645,6.01,-37,6,118,-1
235,215,145,74,535,5.63,-161,5,118,-1
220,200,160,74,553,5.63,-146,5,119,-1
205,185,175,74,571,5.63,-131,5,119,-1
190,170,190,74,589,5.63,-116,5,119,-1
175,155,205,74,607,5.63,-101,5,119,-1
160,140,220,74,625,5.63,-86,6,119,-1
145,125,235,74,643,5.63,-71,6,119,-1
130,110,250,225,408,5.8,95,5,119,-1
115,95,265,225,426,5.8,110,5,119,-1
100,80,280,225,444,5.8,125,5,119,-1
85,65,295,225,462,5.8,140,5,119,-1
70,50,310,225,480,5.8,155,5,119,-1
55,35,325,225,498,5.8,170,6,119,-1
40,20,340,225,516,5.8,185,6,119,-1
25,5,355,225,534,5.8,200,5,119,-1
20,0,360,225,552,5.8,205,5,119,-1
20,0,360,126,443,5.54,106,5,119,0
20,0,360,126,461,5.54,106,5,119,0
20,0,360,126,479,5.54,106,5,119,0
20,0,360,126,497,5.54,106,6,119,0
20,0,360,126,515,5.54,106,6,119,0
20,0,360,126,533,5.54,106,5,120,0
20,0,360,126,551,5.54,106,5,120,0
20,0,360,126,569,5.54,106,5,120,0
20,0,360,126,587,5.54,106,5,120,0
20,0,360,126,605,5.54,106,5,120,0
20,0,360,126,623,5.54,106,6,120,0
20,0,360,126,641,5.54,106,6,120,0
20,0,360,121,408,6.14,101,5,120,0
20,0,360,121,426,6.14,101,5,120,0
20,0,360,121,444,6.14,101,5,120,0
20,0,360,121,462,6.14,101,5,120,0
20,0,360,121,480,6.14,101,5,120,0
20,0,360,121,498,6.14,101,6,120,0
20,0,360,121,516,6.14,101,6,120,0
20,0,360,121,534,6.14,101,6,120,0
20,0,360,121,552,6.14,101,6,120,0
20,0,360,121,570,6.14,101,6,120,0
20,0,360,121,588,6.14,101,6,120,0
20,0,360,121,606,6.14,101,7,120,0
30,10,350,121,624,6.14,91,7,120,1
45,25,335,121,642,6.14,76,7,121,1
60,40,320,284,628,6.64,224,5,121,1
75,55,305,336,426,5.81,261,4,121,1
90,70,290,336,444,5.81,246,4,121,1
105,85,275,336,462,5.81,231,4,121,1
120,100,260,336,480,5.81,216,5,121,1
135,115,245,336,498,5.81,201,5,121,1
150,130,230,336,516,5.81,186,5,121,1
165,145,215,336,534,5.81,171,5,121,1
165,145,215,336,552,5.81,171,5,121,0
165,145,215,336,570,5.81,171,5,121,0
165,145,215,336,588,5.81,171,5,121,0
165,145,215,336,606,5.81,171,6,121,0
165,145,215,336,624,5.81,171,6,121,0
165,145,215,367,521,5.72,202,6,121,0
165,145,215,367,539,5.72,202,5,121,0
165,145,215,367,557,5.72,202,5,121,0
165,145,215,367,575,5.72,202,5,121,0
165,145,215,306,477,5.58,141,6,121,0
165,145,215,306,495,5.58,141,6,121,0
165,145,215,306,513,5.58,141,6,122,0
165,145,215,306,531,5.58,141,6,122,0
165,145,215,306,549,5.58,141,5,122,0
165,145,215,306,567,5.58,141,5,122,0
165,145,215,306,585,5.58,141,5,122,0
165,145,215,306,603,5.58,141,6,122,0
165,145,215,306,621,5.58,141,6,122,0
165,145,215,306,639,5.58,141,6,122,0
165,145,215,360,483,6.7,195,5,122,0
165,145,215,360,504,6.7,195,5,122,0
165,145,215,360,525,6.7,195,4,122,0
165,145,215,360,546,6.7,195,4,122,0
165,145,215,360,567,6.7,195,5,122,0
165,145,215,360,588,6.7,195,5,122,0
165,145,215,360,609,6.7,195,5,122,0
165,145,215,360,630,6.7,195,5,122,0
165,145,215,19,437,6.35,-146,5,122,0
165,145,215,19,455,6.35,-146,4,122,0
165,145,215,19,473,6.35,-146,5,122,0
165,145,215,19,491,6.35,-146,5,122,0
165,145,215,19,509,6.35,-146,5,123,0
165,145,215,19,527,6.35,-146,5,123,0
165,145,215,19,545,6.35,-146,5,123,0
165,145,215,56,524,6.84,-109,5,123,0
165,145,215,56,545,6.84,-109,5,123,0
165,145,215,56,566,6.84,-109,6,123,0
165,145,215,56,587,6.84,-109,6,123,0
165,145,215,56,608,6.84,-109,6,123,0
165,145,215,56,629,6.84,-109,5,123,0
165,145,215,79,433,5.64,-86,4,123,0
165,145,215,79,451,5.64,-86,4,123,0
165,145,215,79,469,5.64,-86,4,123,0
165,145,215,79,487,5.64,-86,5,123,0
165,145,215,79,505,5.64,-86,5,123,0
165,145,215,79,523,5.64,-86,5,123,0
165,145,215,79,541,5.64,-86,5,123,0
165,145,215,79,559,5.64,-86,5,123,0
165,145,215,79,577,5.64,-86,5,123,0
160,140,220,268,555,6.94,108,6,123,-1
145,125,235,79,613,5.64,-66,6,123,-1
130,110,250,79,631,5.64,-51,6,124,-1
115,95,265,79,649,5.64,-36,6,124,-1
100,80,280,197,426,6.14,97,5,124,-1
85,65,295,197,444,6.14,112,4,124,-1
80,60,300,197,462,6.14,117,4,124,0
80,60,300,197,480,6.14,117,5,124,0
80,60,300,197,498,6.14,117,5,124,0
80,60,300,197,516,6.14,117,5,124,0
80,60,300,197,534,6.14,117,5,124,0
80,60,300,197,552,6.14,117,5,124,0
80,60,300,190,524,6.69,110,5,124,0
80,60,300,190,545,6.69,110,5,124,0
80,60,300,190,566,6.69,110,6,124,0
80,60,300,190,587,6.69,110,6,124,0
80,60,300,190,608,6.69,110,6,124,0
80,60,300,190,629,6.69,110,5,124,0
80,60,300,190,650,6.69,110,5,124,0
80,60,300,375,531,6.96,295,4,124,0
80,60,300,375,552,6.96,295,5,124,0
80,60,300,375,573,6.96,295,5,124,0
80,60,300,375,594,6.96,295,5,125,0
80,60,300,375,615,6.96,295,5,125,0
80,60,300,180,306,6.46,100,5,125,0
80,60,300,180,324,6.46,100,4,125,0
80,60,300,180,342,6.46,100,4,125,0
80,60,300,180,360,6.46,100,5,125,0
80,60,300,180,378,6.46,100,5,125,0
80,60,300,180,396,6.46,100,5,125,0
80,60,300,180,414,6.46,100,5,125,0
80,60,300,180,432,6.46,100,5,125,0
80,60,300,180,450,6.46,100,5,125,0
80,60,300,180,468,6.46,100,5,125,0
80,60,300,180,486,6.46,100,6,125,0
80,60,300,180,504,6.46,100,6,125,0
80,60,300,180,522,6.46,100,6,125,0
80,60,300,180,540,6.46,100,5,125,0
80,60,300,180,558,6.46,100,5,125,0
80,60,300,180,576,6.46,100,5,125,0
80,60,300,180,594,6.46,100,6,125,0
80,60,300,180,612,6.46,100,6,125,0
80,60,300,180,630,6.46,100,6,126,0
80,60,300,180,648,6.46,100,6,126,0
80,60,300,370,549,5.92,290,5,126,0
80,60,300,193,380,6.54,113,5,126,0
80,60,300,193,401,6.54,113,5,126,0
80,60,300,193,422,6.54,113,6,126,0
80,60,300,193,443,6.54,113,6,126,0
80,60,300,193,464,6.54,113,6,126,0
80,60,300,193,485,6.54,113,5,126,0
80,60,300,193,506,6.54,113,4,126,0
80,60,300,193,527,6.54,113,4,126,0
80,60,300,193,548,6.54,113,4,126,0
80,60,300,193,569,6.54,113,5,126,0
80,60,300,193,590,6.54,113,5,126,0
80,60,300,193,611,6.54,113,5,126,0
80,60,300,193,632,6.54,113,5,126,0
80,60,300,252,440,6.02,172,4,126,0
80,60,300,252,458,6.02,172,4,126,0
80,60,300,252,476,6.02,172,5,126,0
80,60,300,252,494,6.02,172,5,126,0
80,60,300,252,512,6.02,172,5,127,0
85,65,295,252,530,6.02,167,5,127,1
100,80,280,252,548,6.02,152,5,127,1
115,95,265,252,566,6.02,137,5,127,1
130,110,250,252,584,6.02,122,5,127,1
145,125,235,252,602,6.02,107,6,127,1
160,140,220,252,620,6.02,92,6,127,1
175,155,205,252,638,6.02,77,6,127,1
190,170,190,354,536,6.44,164,5,127,1
205,185,175,354,554,6.44,149,5,127,1
220,200,160,354,572,6.44,134,5,127,1
235,215,145,354,590,6.44,119,5,127,1
250,230,130,354,608,6.44,104,6,127,1
265,245,115,354,626,6.44,89,6,127,1
280,260,100,354,644,6.44,74,6,127,1
280,260,100,97,538,6.31,-183,5,127,0
280,260,100,97,556,6.31,-183,5,127,0
280,260,100,97,574,6.31,-183,5,127,0
280,260,100,97,592,6.31,-183,6,127,0
280,260,100,97,610,6.31,-183,6,127,0
280,260,100,140,459,7.02,-140,6,128,0
280,260,100,140,480,7.02,-140,6,128,0
280,260,100,140,501,7.02,-140,5,128,0
280,260,100,140,522,7.02,-140,4,128,0
265,245,115,140,543,7.02,-125,4,128,-1
250,230,130,140,564,7.02,-110,5,128,-1
235,215,145,140,585,7.02,-95,5,128,-1
220,200,160,140,606,7.02,-80,5,128,-1
205,185,175,277,484,6.88,72,5,128,-1
190,170,190,277,505,6.88,87,5,128,-1
175,155,205,277,526,6.88,102,4,128,-1
160,140,220,277,547,6.88,117,4,128,-1
155,135,225,277,568,6.88,122,5,128,0
155,135,225,277,589,6.88,122,5,128,0
155,135,225,240,469,6.63,85,5,128,0
155,135,225,240,490,6.63,85,5,128,0
155,135,225,240,511,6.63,85,4,128,0
155,135,225,240,532,6.63,85,4,128,0
155,135,225,240,553,6.63,85,5,128,0
155,135,225,240,574,6.63,85,5,128,0
165,145,215,240,595,6.63,75,5,129,1
180,160,200,240,616,6.63,60,5,129,1
195,175,185,122,497,6.68,-73,5,129,1
210,190,170,122,518,6.68,-88,4,129,1
225,205,155,122,539,6.68,-103,4,129,1
240,220,140,122,560,6.68,-118,5,129,1
255,235,125,122,581,6.68,-133,5,129,1
265,245,115,122,602,6.68,-143,5,129,0
265,245,115,122,623,6.68,-143,5,129,0
265,245,115,122,644,6.68,-143,5,129,0
265,245,115,116,450,6.34,-149,4,129,0
265,245,115,116,468,6.34,-149,4,129,0
265,245,115,116,486,6.34,-149,5,129,0
265,245,115,116,504,6.34,-149,5,129,0
265,245,115,116,522,6.34,-149,5,129,0
265,245,115,116,540,6.34,-149,5,129,0
265,245,115,116,558,6.34,-149,5,129,0
265,245,115,116,576,6.34,-149,5,129,0
265,245,115,169,471,5.75,-96,6,129,0
265,245,115,169,489,5.75,-96,6,129,0
265,245,115,169,507,5.75,-96,6,130,0
265,245,115,169,525,5.75,-96,6,130,0
265,245,115,169,543,5.75,-96,5,130,0
265,245,115,169,561,5.75,-96,5,130,0
265,245,115,356,538,6.57,91,5,130,0
265,245,115,356,559,6.57,91,6,130,0
270,250,110,356,580,6.57,86,6,130,1
285,265,95,356,601,6.57,71,6,130,1
300,280,80,356,622,6.57,56,6,130,1
315,295,65,233,508,6.63,-82,5,130,1
330,310,50,233,529,6.63,-97,4,130,1
345,325,35,233,550,6.63,-112,4,130,1
345,325,35,233,571,6.63,-112,5,130,0
345,325,35,233,592,6.63,-112,5,130,0
345,325,35,233,613,6.63,-112,5,130,0
345,325,35,233,634,6.63,-112,5,130,0
345,325,35,248,371,7.22,-97,4,130,0
345,325,35,248,392,7.22,-97,4,130,0
345,325,35,248,413,7.22,-97,5,130,0
345,325,35,248,434,7.22,-97,5,130,0
345,325,35,248,455,7.22,-97,5,131,0
345,325,35,248,476,7.22,-97,5,131,0
345,325,35,248,497,7.22,-97,5,131,0
345,325,35,248,518,7.22,-97,5,131,0
345,325,35,248,539,7.22,-97,5,131,0
345,325,35,248,560,7.22,-97,6,131,0
345,325,35,248,581,7.22,-97,6,131,0
345,325,35,248,602,7.22,-97,6,131,0
345,325,35,248,623,7.22,-97,6,131,0
345,325,35,248,644,7.22,-97,5,131,0
345,325,35,85,529,6.92,-260,4,131,0
345,325,35,85,550,6.92,-260,4,131,0
345,325,35,85,571,6.92,-260,5,131,0
335,315,45,85,592,6.92,-250,5,131,-1
320,300,60,85,613,6.92,-235,5,131,-1
305,285,75,292,298,5.83,-13,5,131,-1
290,270,90,292,316,5.83,2,4,131,-1
275,255,105,292,334,5.83,17,4,131,-1
265,245,115,134,474,6.36,-131,5,131,0
265,245,115,134,492,6.36,-131,5,131,0
265,245,115,134,510,6.36,-131,5,132,0
265,245,115,134,528,6.36,-131,5,132,0
265,245,115,134,546,6.36,-131,5,132,0
250,230,130,134,564,6.36,-116,5,132,-1
235,215,145,134,582,6.36,-101,5,132,-1
220,200,160,134,600,6.36,-86,6,132,-1
205,185,175,134,618,6.36,-71,6,132,-1
195,175,185,292,514,5.83,97,6,132,0
195,175,185,292,532,5.83,97,5,132,0
195,175,185,292,550,5.83,97,5,132,0
195,175,185,292,568,5.83,97,5,132,0
195,175,185,292,586,5.83,97,5,132,0
195,175,185,292,604,5.83,97,6,132,0
195,175,185,292,622,5.83,97,6,132,0
195,175,185,339,522,6.38,144,6,132,0
195,175,185,339,540,6.38,144,5,132,0
195,175,185,339,558,6.38,144,5,132,0
195,175,185,339,576,6.38,144,5,132,0
195,175,185,89,477,6.42,-106,6,132,0
195,175,185,89,495,6.42,-106,6,132,0
195,175,185,89,513,6.42,-106,6,133,0
195,175,185,89,531,6.42,-106,6,133,0
200,180,180,89,549,6.42,-111,5,133,1
215,195,165,89,567,6.42,-126,5,133,1
230,210,150,89,585,6.42,-141,5,133,1
245,225,135,109,479,5.99,-136,6,133,1
255,235,125,109,497,5.99,-146,6,133,0
255,235,125,109,515,5.99,-146,6,133,0
255,235,125,109,533,5.99,-146,5,133,0
255,235,125,109,551,5.99,-146,5,133,0
250,230,130,109,569,5.99,-141,5,133,-1
235,215,145,109,587,5.99,-126,5,133,-1
220,200,160,109,605,5.99,-111,6,133,-1
205,185,175,109,623,5.99,-96,6,133,-1
205,185,175,109,641,5.99,-96,6,133,0
205,185,175,361,492,7.2,156,5,133,0
205,185,175,361,513,7.2,156,5,133,0
205,185,175,361,534,7.2,156,4,133,0
205,185,175,361,555,7.2,156,5,133,0
205,185,175,361,576,7.2,156,5,133,0
205,185,175,124,455,6.51,-81,5,134,0
205,185,175,124,476,6.51,-81,5,134,0
205,185,175,124,497,6.51,-81,5,134,0
205,185,175,124,518,6.51,-81,4,134,0
205,185,175,124,539,6.51,-81,4,134,0
205,185,175,124,560,6.51,-81,5,134,0
205,185,175,124,581,6.51,-81,5,134,0
205,185,175,124,602,6.51,-81,5,134,0
205,185,175,124,623,6.51,-81,5,134,0
205,185,175,301,504,6.86,96,5,134,0
205,185,175,301,525,6.86,96,4,134,0
205,185,175,301,546,6.86,96,4,134,0
205,185,175,301,567,6.86,96,5,134,0
205,185,175,301,588,6.86,96,5,134,0
205,185,175,301,609,6.86,96,5,134,0
205,185,175,311,493,7.07,106,5,134,0
205,185,175,311,514,7.07,106,5,134,0
205,185,175,311,535,7.07,106,4,134,0
205,185,175,311,556,7.07,106,5,134,0
205,185,175,311,577,7.07,106,5,134,0
205,185,175,311,598,7.07,106,5,135,0
205,185,175,294,481,7.02,89,5,135,0
205,185,175,294,502,7.02,89,5,135,0
205,185,175,294,523,7.02,89,4,135,0
205,185,175,294,544,7.02,89,4,135,0
205,185,175,294,565,7.02,89,5,135,0
205,185,175,294,586,7.02,89,5,135,0
205,185,175,294,607,7.02,89,5,135,0
205,185,175,294,628,7.02,89,5,135,0
210,190,170,158,429,6.29,-52,4,135,1
225,205,155,158,447,6.29,-67,4,135,1
240,220,140,158,465,6.29,-82,4,135,1
255,235,125,158,483,6.29,-97,5,135,1
270,250,110,158,501,6.29,-112,5,135,1
285,265,95,158,519,6.29,-127,5,135,1
290,270,90,158,537,6.29,-132,5,135,0
290,270,90,158,555,6.29,-132,5,135,0
290,270,90,158,573,6.29,-132,5,135,0
290,270,90,158,591,6.29,-132,6,135,0
290,270,90,158,609,6.29,-132,6,135,0
290,270,90,331,388,6.41,41,6,136,0
290,270,90,331,406,6.41,41,6,136,0
290,270,90,331,424,6.41,41,5,136,0
290,270,90,331,442,6.41,41,4,136,0
275,255,105,331,460,6.41,56,4,136,-1
260,240,120,331,478,6.41,71,5,136,-1
245,225,135,331,496,6.41,86,5,136,-1
230,210,150,331,514,6.41,101,5,136,-1
230,210,150,331,532,6.41,101,5,136,0
230,210,150,331,550,6.41,101,5,136,0
230,210,150,331,568,6.41,101,5,136,0
230,210,150,112,546,7.04,-118,5,136,0
230,210,150,112,567,7.04,-118,6,136,0
230,210,150,112,588,7.04,-118,6,136,0
230,210,150,293,469,6.7,63,6,136,0
215,195,165,293,490,6.7,78,5,136,-1
200,180,180,293,511,6.7,93,5,136,-1
185,165,195,293,532,6.7,108,4,136,-1
170,150,210,293,553,6.7,123,5,136,-1
170,150,210,293,574,6.7,123,5,136,0
170,150,210,293,595,6.7,123,5,137,0
170,150,210,293,616,6.7,123,5,137,0
170,150,210,317,502,6.7,147,5,137,0
170,150,210,317,523,6.7,147,4,137,0
170,150,210,317,544,6.7,147,4,137,0
170,150,210,317,565,6.7,147,5,137,0
170,150,210,317,586,6.7,147,5,137,0
170,150,210,317,607,6.7,147,5,137,0
170,150,210,317,628,6.7,147,5,137,0
170,150,210,287,435,6.4,117,4,137,0
170,150,210,287,453,6.4,117,4,137,0
160,140,220,287,471,6.4,127,4,137,-1
145,125,235,287,489,6.4,142,5,137,-1
130,110,250,287,507,6.4,157,5,137,-1
115,95,265,287,525,6.4,172,5,137,-1
100,80,280,287,543,6.4,187,5,137,-1
95,75,285,287,561,6.4,192,5,137,0
95,75,285,287,579,6.4,192,5,137,0
95,75,285,287,597,6.4,192,6,137,0
95,75,285,287,615,6.4,192,6,137,0
95,75,285,312,514,6.29,217,6,138,0
95,75,285,312,532,6.29,217,5,138,0
95,75,285,312,550,6.29,217,5,138,0
95,75,285,312,568,6.29,217,5,138,0
95,75,285,75,345,5.98,-20,5,138,0
95,75,285,75,363,5.98,-20,6,138,0
95,75,285,75,381,5.98,-20,6,138,0
105,85,275,75,399,5.98,-30,6,138,1
120,100,260,75,417,5.98,-45,5,138,1
135,115,245,75,435,5.98,-60,5,138,1
150,130,230,75,453,5.98,-75,4,138,1
165,145,215,75,471,5.98,-90,4,138,1
180,160,200,75,489,5.98,-105,5,138,1
195,175,185,75,507,5.98,-120,5,138,1
210,190,170,75,525,5.98,-135,5,138,1
225,205,155,75,543,5.98,-150,5,138,1
225,205,155,75,561,5.98,-150,5,138,0
225,205,155,66,536,6.72,-159,5,138,0
225,205,155,66,557,6.72,-159,6,138,0
220,200,160,66,578,6.72,-154,6,138,-1
205,185,175,66,599,6.72,-139,6,139,-1
190,170,190,66,620,6.72,-124,5,139,-1
175,155,205,66,641,6.72,-109,5,139,-1
160,140,220,336,523,7.23,176,4,139,-1
145,125,235,336,544,7.23,191,4,139,-1
140,120,240,336,565,7.23,196,5,139,0
140,120,240,336,586,7.23,196,5,139,0
140,120,240,336,607,7.23,196,5,139,0
140,120,240,20,412,6.41,-120,5,139,0
140,120,240,20,430,6.41,-120,4,139,0
140,120,240,20,448,6.41,-120,4,139,0
140,120,240,20,466,6.41,-120,4,139,0
140,120,240,20,484,6.41,-120,5,139,0
140,120,240,20,502,6.41,-120,5,139,0
140,120,240,20,520,6.41,-120,5,139,0
130,110,250,20,538,6.41,-110,5,139,-1
115,95,265,20,556,6.41,-95,5,139,-1
105,85,275,20,574,6.41,-85,5,139,0
105,85,275,20,592,6.41,-85,6,139,0
105,85,275,20,610,6.41,-85,6,139,0
105,85,275,20,628,6.41,-85,6,140,0
105,85,275,20,646,6.41,-85,6,140,0
105,85,275,231,637,7.04,126,5,140,0
105,85,275,318,522,7.01,213,4,140,0
105,85,275,318,543,7.01,213,4,140,0
105,85,275,29,423,6.51,-76,5,140,0
105,85,275,29,444,6.51,-76,5,140,0
105,85,275,29,465,6.51,-76,5,140,0
105,85,275,29,486,6.51,-76,5,140,0
105,85,275,29,507,6.51,-76,5,140,0
105,85,275,29,528,6.51,-76,4,140,0
105,85,275,29,549,6.51,-76,4,140,0
105,85,275,29,570,6.51,-76,5,140,0
105,85,275,29,591,6.51,-76,5,140,0
105,85,275,29,612,6.51,-76,5,140,0
105,85,275,29,633,6.51,-76,5,140,0
105,85,275,236,514,6.85,131,4,140,0
105,85,275,236,535,6.85,131,4,140,0
105,85,275,236,556,6.85,131,5,140,0
115,95,265,236,577,6.85,121,5,140,1
130,110,250,236,598,6.85,106,5,141,1
145,125,235,236,619,6.85,91,5,141,1
160,140,220,236,640,6.85,76,5,141,1
175,155,205,177,383,7.06,2,4,141,1
190,170,190,177,404,7.06,-13,4,141,1
205,185,175,177,425,7.06,-28,5,141,1
220,200,160,177,446,7.06,-43,5,141,1
235,215,145,177,467,7.06,-58,5,141,1
250,230,130,177,488,7.06,-73,5,141,1
260,240,120,177,509,7.06,-83,5,141,0
260,240,120,177,530,7.06,-83,5,141,0
260,240,120,177,551,7.06,-83,5,141,0
260,240,120,177,572,7.06,-83,6,141,0
260,240,120,177,593,7.06,-83,6,141,0
260,240,120,177,614,7.06,-83,6,141,0
260,240,120,343,492,7.4,83,5,141,0
250,230,130,343,513,7.4,93,4,141,-1
235,215,145,343,534,7.4,108,4,141,-1
220,200,160,343,555,7.4,123,5,141,-1
205,185,175,343,576,7.4,138,5,141,-1
190,170,190,209,394,6.15,19,5,142,-1
175,155,205,209,412,6.15,34,5,142,-1
160,140,220,209,430,6.15,49,5,142,-1
145,125,235,209,448,6.15,64,4,142,-1
130,110,250,209,466,6.15,79,4,142,-1
115,95,265,209,484,6.15,94,5,142,-1
100,80,280,209,502,6.15,109,5,142,-1
100,80,280,209,520,6.15,109,5,142,0
100,80,280,209,538,6.15,109,5,142,0
100,80,280,209,556,6.15,109,5,142,0
100,80,280,209,574,6.15,109,5,142,0
100,80,280,209,592,6.15,109,5,142,0
100,80,280,209,610,6.15,109,6,142,0
105,85,275,209,628,6.15,104,6,142,1
120,100,260,209,646,6.15,89,6,142,1
135,115,245,139,351,7.34,4,5,142,1
150,130,230,139,372,7.34,-11,4,142,1
165,145,215,139,393,7.34,-26,4,142,1
180,160,200,139,414,7.34,-41,5,142,1
195,175,185,139,435,7.34,-56,5,142,1
210,190,170,139,456,7.34,-71,5,143,1
225,205,155,139,477,7.34,-86,5,143,1
240,220,140,139,498,7.34,-101,5,143,1
255,235,125,139,519,7.34,-116,4,143,1
270,250,110,139,540,7.34,-131,4,143,1
285,265,95,139,561,7.34,-146,5,143,1
295,275,85,139,582,7.34,-156,5,143,0
295,275,85,386,466,7.16,91,5,143,0
295,275,85,386,487,7.16,91,5,143,0
295,275,85,386,508,7.16,91,5,143,0
295,275,85,386,529,7.16,91,4,143,0
295,275,85,386,550,7.16,91,4,143,0
295,275,85,386,571,7.16,91,5,143,0
295,275,85,386,592,7.16,91,5,143,0
295,275,85,386,613,7.16,91,5,143,0
295,275,85,386,634,7.16,91,5,143,0
295,275,85,107,513,6.99,-188,4,143,0
295,275,85,107,534,6.99,-188,4,143,0
295,275,85,107,555,6.99,-188,5,143,0
295,275,85,107,576,6.99,-188,5,143,0
295,275,85,107,597,6.99,-188,5,144,0
295,275,85,107,618,6.99,-188,5,144,0
295,275,85,107,639,6.99,-188,5,144,0
295,275,85,36,518,7.41,-259,4,144,0
295,275,85,36,539,7.41,-259,4,144,0
295,275,85,36,560,7.41,-259,5,144,0
295,275,85,36,581,7.41,-259,5,144,0
285,265,95,36,602,7.41,-249,5,144,-1
270,250,110,36,487,7.33,-234,5,144,-1
255,235,125,36,508,7.33,-219,5,144,-1
240,220,140,36,529,7.33,-204,4,144,-1
225,205,155,36,550,7.33,-189,4,144,-1
210,190,170,36,571,7.33,-174,5,144,-1
195,175,185,36,592,7.33,-159,5,144,-1
180,160,200,36,613,7.33,-144,5,144,-1
165,145,215,36,634,7.33,-129,5,144,-1
150,130,230,373,511,6.74,223,4,144,-1
135,115,245,373,532,6.74,238,4,144,-1
120,100,260,237,415,7.38,117,5,144,-1
105,85,275,237,436,7.38,132,5,144,-1
90,70,290,237,457,7.38,147,5,145,-1
85,65,295,237,478,7.38,152,5,145,0
85,65,295,237,499,7.38,152,5,145,0
85,65,295,237,520,7.38,152,4,145,0
85,65,295,237,541,7.38,152,4,145,0
85,65,295,237,562,7.38,152,5,145,0
90,70,290,237,583,7.38,147,5,145,1
105,85,275,237,604,7.38,132,5,145,1
120,100,260,237,625,7.38,117,5,145,1
135,115,245,280,507,7.24,145,5,145,1
150,130,230,280,528,7.24,130,4,145,1
165,145,215,280,549,7.24,115,4,145,1
180,160,200,280,570,7.24,100,5,145,1
195,175,185,280,591,7.24,85,5,145,1
210,190,170,280,612,7.24,70,5,145,1
225,205,155,280,633,7.24,55,5,145,1
240,220,140,140,512,6.68,-100,4,145,1
255,235,125,140,533,6.68,-115,4,145,1
270,250,110,140,554,6.68,-130,5,145,1
285,265,95,140,575,6.68,-145,5,145,1
300,280,80,140,596,6.68,-160,5,146,1
300,280,80,140,617,6.68,-160,5,146,0
300,280,80,140,638,6.68,-160,5,146,0
300,280,80,61,523,6.63,-239,4,146,0
300,280,80,61,544,6.63,-239,4,146,0
300,280,80,61,565,6.63,-239,5,146,0
300,280,80,61,586,6.63,-239,5,146,0
300,280,80,61,607,6.63,-239,5,146,0
300,280,80,271,294,6.37,-29,5,146,0
300,280,80,271,312,6.37,-29,4,146,0
290,270,90,271,330,6.37,-19,4,146,-1
275,255,105,271,348,6.37,-4,4,146,-1
260,240,120,271,366,6.37,11,5,146,-1
245,225,135,271,384,6.37,26,5,146,-1
230,210,150,271,402,6.37,41,5,146,-1
215,195,165,63,537,6.5,-152,5,146,-1
200,180,180,63,555,6.5,-137,5,146,-1
185,165,195,63,573,6.5,-122,5,146,-1
170,150,210,63,591,6.5,-107,6,146,-1
165,145,215,63,609,6.5,-102,6,146,0
165,145,215,271,510,6.37,106,6,147,0
165,145,215,271,528,6.37,106,6,147,0
165,145,215,271,546,6.37,106,5,147,0
165,145,215,271,564,6.37,106,5,147,0
165,145,215,271,582,6.37,106,5,147,0
170,150,210,271,600,6.37,101,6,147,1
185,165,195,271,618,6.37,86,6,147,1
200,180,180,271,636,6.37,71,6,147,1
210,190,170,73,487,6.92,-137,5,147,0
210,190,170,73,508,6.92,-137,5,147,0
200,180,180,73,529,6.92,-127,4,147,-1
185,165,195,73,550,6.92,-112,4,147,-1
170,150,210,73,571,6.92,-97,5,147,-1
155,135,225,73,592,6.92,-82,5,147,-1
145,125,235,73,613,6.92,-72,5,147,0
145,125,235,73,634,6.92,-72,5,147,0
150,130,230,246,511,7.33,96,4,147,1
165,145,215,246,532,7.33,81,4,147,1
180,160,200,246,553,7.33,66,5,147,1
195,175,185,246,574,7.33,51,5,147,1
210,190,170,246,595,7.33,36,5,148,1
225,205,155,246,616,7.33,21,5,148,1
240,220,140,246,637,7.33,6,5,148,1
255,235,125,136,445,6.44,-119,4,148,1
270,250,110,136,463,6.44,-134,4,148,1
275,255,105,136,481,6.44,-139,5,148,0
275,255,105,136,499,6.44,-139,5,148,0
275,255,105,136,517,6.44,-139,5,148,0
260,240,120,136,535,6.44,-124,5,148,-1
245,225,135,136,553,6.44,-109,5,148,-1
230,210,150,136,571,6.44,-94,5,148,-1
215,195,165,136,589,6.44,-79,5,148,-1
215,195,165,136,607,6.44,-79,6,148,0
215,195,165,111,516,7.5,-104,6,148,0
215,195,165,111,540,7.5,-104,6,148,0
215,195,165,111,564,7.5,-104,5,148,0
215,195,165,323,556,6.3,108,5,148,0
215,195,165,323,574,6.3,108,5,148,0
215,195,165,323,592,6.3,108,6,148,0
215,195,165,323,610,6.3,108,5,148,0
215,195,165,84,521,7.58,-131,5,149,0
215,195,165,84,545,7.58,-131,5,149,0
215,195,165,84,569,7.58,-131,4,149,0
215,195,165,84,593,7.58,-131,4,149,0
215,195,165,84,617,7.58,-131,4,149,0
215,195,165,296,421,7.06,81,5,149,0
215,195,165,296,442,7.06,81,4,149,0
215,195,165,296,463,7.06,81,4,149,0
215,195,165,296,484,7.06,81,4,149,0
205,185,175,296,505,7.06,91,4,149,-1
190,170,190,296,526,7.06,106,4,149,-1
175,155,205,296,547,7.06,121,4,149,-1
160,140,220,296,568,7.06,136,5,149,-1
155,135,225,296,589,7.06,141,5,149,0
155,135,225,296,610,7.06,141,5,149,0
155,135,225,296,631,7.06,141,5,149,0
155,135,225,267,442,6.38,112,5,149,0
155,135,225,267,460,6.38,112,4,149,0
155,135,225,267,478,6.38,112,5,149,0
155,135,225,267,496,6.38,112,5,149,0
155,135,225,267,514,6.38,112,5,150,0
155,135,225,267,532,6.38,112,5,150,0
155,135,225,267,550,6.38,112,5,150,0
155,135,225,267,568,6.38,112,5,150,0
155,135,225,267,586,6.38,112,5,150,0
155,135,225,267,604,6.38,112,6,150,0
155,135,225,200,445,6.95,45,6,150,0
150,130,230,200,466,6.95,50,6,150,-1
135,115,245,35,534,6.36,-100,5,150,-1
120,100,260,35,552,6.36,-85,5,150,-1
120,100,260,200,529,6.95,80,5,150,0
120,100,260,200,550,6.95,80,5,150,0
120,100,260,200,571,6.95,80,6,150,0
120,100,260,200,592,6.95,80,6,150,0
135,115,245,200,613,6.95,65,6,150,1
150,130,230,200,634,6.95,50,5,150,1
165,145,215,146,374,6.87,-19,4,150,1
180,160,200,146,395,6.87,-34,4,150,1
195,175,185,146,416,6.87,-49,5,150,1
210,190,170,146,437,6.87,-64,5,150,1
225,205,155,146,458,6.87,-79,5,151,1
240,220,140,146,479,6.87,-94,5,151,1
255,235,125,146,500,6.87,-109,5,151,1
270,250,110,146,521,6.87,-124,4,151,1
275,255,105,146,542,6.87,-129,4,151,0
265,245,115,146,563,6.87,-119,5,151,-1
250,230,130,146,584,6.87,-104,5,151,-1
235,215,145,146,605,6.87,-89,5,151,-1
220,200,160,146,626,6.87,-74,5,151,-1
205,185,175,193,436,6.42,-12,5,151,-1
190,170,190,193,454,6.42,3,4,151,-1
175,155,205,193,472,6.42,18,4,151,-1
160,140,220,193,490,6.42,33,5,151,-1
145,125,235,193,508,6.42,48,5,151,-1
130,110,250,193,526,6.42,63,5,151,-1
115,95,265,193,544,6.42,78,5,151,-1
105,85,275,193,562,6.42,88,5,151,0
105,85,275,193,580,6.42,88,5,151,0
105,85,275,193,598,6.42,88,6,151,0
105,85,275,193,616,6.42,88,5,151,0
105,85,275,26,460,6.87,-79,5,152,0
105,85,275,26,481,6.87,-79,4,152,0
105,85,275,26,502,6.87,-79,4,152,0
105,85,275,26,523,6.87,-79,4,152,0
105,85,275,26,544,6.87,-79,4,152,0
110,90,270,26,565,6.87,-84,5,152,1
125,105,255,26,586,6.87,-99,5,152,1
140,120,240,26,607,6.87,-114,5,152,1
155,135,225,24,487,7.28,-131,5,152,1
170,150,210,24,508,7.28,-146,4,152,1
185,165,195,24,529,7.28,-161,4,152,1
195,175,185,24,550,7.28,-171,4,152,0
195,175,185,24,571,7.28,-171,5,152,0
195,175,185,24,592,7.28,-171,5,152,0
195,175,185,325,473,7.22,130,5,152,0
195,175,185,325,494,7.22,130,5,152,0
195,175,185,325,515,7.22,130,4,152,0
195,175,185,325,536,7.22,130,4,152,0
195,175,185,325,557,7.22,130,5,152,0
195,175,185,325,578,7.22,130,5,152,0
195,175,185,325,599,7.22,130,5,153,0
195,175,185,325,620,7.22,130,5,153,0
195,175,185,325,641,7.22,130,5,153,0
195,175,185,272,377,7.39,77,4,153,0
195,175,185,272,398,7.39,77,4,153,0
180,160,200,272,419,7.39,92,5,153,-1
165,145,215,272,440,7.39,107,5,153,-1
150,130,230,272,461,7.39,122,5,153,-1
150,130,230,272,482,7.39,122,5,153,0
150,130,230,272,503,7.39,122,5,153,0
150,130,230,272,524,7.39,122,5,153,0
150,130,230,272,545,7.39,122,5,153,0
150,130,230,272,566,7.39,122,6,153,0
150,130,230,272,587,7.39,122,6,153,0
150,130,230,272,608,7.39,122,6,153,0
150,130,230,272,629,7.39,122,5,153,0
150,130,230,44,435,6.49,-106,5,153,0
150,130,230,44,453,6.49,-106,4,153,0
150,130,230,44,471,6.49,-106,5,153,0
150,130,230,44,489,6.49,-106,5,153,0
150,130,230,44,507,6.49,-106,5,154,0
150,130,230,44,525,6.49,-106,5,154,0
150,130,230,44,543,6.49,-106,5,154,0
150,130,230,233,517,7.28,83,5,154,0
150,130,230,233,538,7.28,83,5,154,0
150,130,230,233,559,7.28,83,6,154,0
150,130,230,233,580,7.28,83,6,154,0
155,135,225,233,601,7.28,78,6,154,1
170,150,210,233,622,7.28,63,6,154,1
185,165,195,233,643,7.28,48,5,154,1
200,180,180,309,526,6.55,109,4,154,1
215,195,165,309,547,6.55,94,4,154,1
230,210,150,309,568,6.55,79,5,154,1
245,225,135,309,589,6.55,64,5,154,1
260,240,120,309,610,6.55,49,5,154,1
275,255,105,309,631,6.55,34,5,154,1
290,270,90,309,652,6.55,19,5,154,1
305,285,75,145,538,7.36,-160,4,154,1
320,300,60,145,559,7.36,-175,5,154,1
320,300,60,145,580,7.36,-175,5,154,0
320,300,60,145,601,7.36,-175,5,155,0
320,300,60,145,622,7.36,-175,5,155,0
320,300,60,193,410,7.6,-127,5,155,0
320,300,60,193,434,7.6,-127,4,155,0
320,300,60,193,458,7.6,-127,4,155,0
320,300,60,193,482,7.6,-127,5,155,0
320,300,60,193,506,7.6,-127,5,155,0
320,300,60,193,530,7.6,-127,5,155,0
320,300,60,193,554,7.6,-127,5,155,0
320,300,60,193,578,7.6,-127,5,155,0
320,300,60,193,602,7.6,-127,4,155,0
320,300,60,193,626,7.6,-127,4,155,0
315,295,65,193,650,7.6,-122,5,155,-1
300,280,80,106,447,7.1,-194,4,155,-1
285,265,95,106,468,7.1,-179,4,155,-1
270,250,110,106,489,7.1,-164,4,155,-1
255,235,125,106,510,7.1,-149,4,155,-1
240,220,140,106,531,7.1,-134,4,155,-1
225,205,155,106,552,7.1,-119,5,155,-1
210,190,170,106,573,7.1,-104,5,155,-1
195,175,185,106,594,7.1,-89,5,156,-1
180,160,200,106,615,7.1,-74,5,156,-1
165,145,215,106,636,7.1,-59,5,156,-1
150,130,230,32,523,7.33,-118,4,156,-1
135,115,245,32,544,7.33,-103,4,156,-1
120,100,260,32,565,7.33,-88,5,156,-1
105,85,275,32,586,7.33,-73,5,156,-1
105,85,275,32,607,7.33,-73,5,156,0
105,85,275,32,628,7.33,-73,5,156,0
105,85,275,334,505,7.19,229,4,156,0
105,85,275,334,526,7.19,229,4,156,0
105,85,275,334,547,7.19,229,4,156,0
105,85,275,334,568,7.19,229,5,156,0
105,85,275,308,520,7.58,203,5,156,0
105,85,275,308,544,7.58,203,5,156,0
105,85,275,308,568,7.58,203,5,156,0
105,85,275,27,431,7.54,-78,4,156,0
105,85,275,27,455,7.54,-78,4,156,0
105,85,275,27,479,7.54,-78,5,156,0
105,85,275,27,503,7.54,-78,4,156,0
105,85,275,27,527,7.54,-78,4,157,0
105,85,275,27,551,7.54,-78,4,157,0
105,85,275,27,575,7.54,-78,4,157,0
105,85,275,27,599,7.54,-78,4,157,0
105,85,275,27,623,7.54,-78,4,157,0
105,85,275,27,647,7.54,-78,5,157,0
120,100,260,264,509,7.54,144,4,157,1
135,115,245,264,533,7.54,129,4,157,1
150,130,230,264,557,7.54,114,4,157,1
165,145,215,264,581,7.54,99,4,157,1
180,160,200,264,605,7.54,84,4,157,1
190,170,190,264,629,7.54,74,4,157,0
195,175,185,166,433,6.6,-29,4,157,1
210,190,170,166,454,6.6,-44,4,157,1
225,205,155,166,475,6.6,-59,4,157,1
240,220,140,166,496,6.6,-74,4,157,1
240,220,140,166,517,6.6,-74,4,157,0
240,220,140,166,538,6.6,-74,4,157,0
240,220,140,166,559,6.6,-74,5,157,0
240,220,140,166,580,6.6,-74,5,157,0
240,220,140,301,527,7.87,61,5,158,0
240,220,140,301,551,7.87,61,5,158,0
240,220,140,301,575,7.87,61,5,158,0
240,220,140,301,599,7.87,61,4,158,0
240,220,140,301,623,7.87,61,4,158,0
240,220,140,301,647,7.87,61,5,158,0
240,220,140,71,443,7.04,-169,4,158,0
240,220,140,71,464,7.04,-169,4,158,0
240,220,140,71,485,7.04,-169,4,158,0
240,220,140,71,506,7.04,-169,4,158,0
240,220,140,71,527,7.04,-169,4,158,0
240,220,140,71,548,7.04,-169,4,158,0
240,220,140,71,569,7.04,-169,5,158,0
240,220,140,71,590,7.04,-169,5,158,0
240,220,140,71,611,7.04,-169,5,158,0
240,220,140,71,632,7.04,-169,5,158,0
240,220,140,106,432,7.85,-134,4,158,0
240,220,140,106,456,7.85,-134,4,158,0
240,220,140,106,480,7.85,-134,5,158,0
240,220,140,106,504,7.85,-134,5,158,0
240,220,140,106,528,7.85,-134,5,159,0
240,220,140,106,552,7.85,-134,5,159,0
240,220,140,106,576,7.85,-134,5,159,0
240,220,140,106,600,7.85,-134,4,159,0
240,220,140,106,624,7.85,-134,4,159,0
240,220,140,383,419,6.75,143,4,159,0
240,220,140,383,440,6.75,143,4,159,0
240,220,140,383,461,6.75,143,4,159,0
240,220,140,383,482,6.75,143,4,159,0
240,220,140,383,503,6.75,143,4,159,0
240,220,140,383,524,6.75,143,4,159,0
240,220,140,383,545,6.75,143,4,159,0
250,230,130,383,566,6.75,133,5,159,1
265,245,115,383,587,6.75,118,5,159,1
270,250,110,383,608,6.75,113,5,159,0
270,250,110,173,493,7.42,-97,5,159,0
270,250,110,173,514,7.42,-97,5,159,0
270,250,110,173,535,7.42,-97,4,159,0
270,250,110,173,556,7.42,-97,5,159,0
260,240,120,173,577,7.42,-87,5,159,-1
245,225,135,173,598,7.42,-72,5,160,-1
230,210,150,173,619,7.42,-57,5,160,-1
215,195,165,173,640,7.42,-42,5,160,-1
200,180,180,241,436,7.83,41,4,160,-1
185,165,195,70,538,6.8,-115,4,160,-1
170,150,210,70,559,6.8,-100,5,160,-1
155,135,225,70,580,6.8,-85,5,160,-1
140,120,240,241,532,7.83,101,5,160,-1
125,105,255,241,556,7.83,116,5,160,-1
125,105,255,241,580,7.83,116,5,160,0
125,105,255,241,604,7.83,116,4,160,0
125,105,255,241,628,7.83,116,4,160,0
125,105,255,30,334,7.76,-95,4,160,0
125,105,255,30,358,7.76,-95,4,160,0
125,105,255,30,382,7.76,-95,4,160,0
125,105,255,30,406,7.76,-95,4,160,0
135,115,245,30,430,7.76,-105,4,160,1
150,130,230,30,454,7.76,-120,4,160,1
165,145,215,353,557,6.91,188,5,160,1
180,160,200,30,502,7.76,-150,5,160,1
195,175,185,30,526,7.76,-165,5,161,1
210,190,170,30,550,7.76,-180,5,161,1
225,205,155,353,641,6.91,128,5,161,1
240,220,140,30,598,7.76,-210,4,161,1
255,235,125,30,622,7.76,-225,4,161,1
270,250,110,24,483,7.94,-246,5,161,1
285,265,95,24,507,7.94,-261,4,161,1
300,280,80,24,531,7.94,-276,4,161,1
300,280,80,24,555,7.94,-276,4,161,0
300,280,80,24,579,7.94,-276,4,161,0
300,280,80,113,448,7.62,-187,4,161,0
300,280,80,113,472,7.62,-187,4,161,0
300,280,80,113,496,7.62,-187,5,161,0
300,280,80,113,520,7.62,-187,4,161,0
300,280,80,113,544,7.62,-187,4,161,0
300,280,80,113,568,7.62,-187,4,161,0
300,280,80,113,592,7.62,-187,4,161,0
300,280,80,113,616,7.62,-187,4,161,0
285,265,95,113,640,7.62,-172,5,161,-1
270,250,110,296,297,7.0,26,4,161,-1
255,235,125,78,455,6.7,-177,4,162,-1
240,220,140,78,476,6.7,-162,4,162,-1
225,205,155,78,497,6.7,-147,4,162,-1
210,190,170,78,518,6.7,-132,4,162,-1
195,175,185,78,539,6.7,-117,4,162,-1
180,160,200,78,560,6.7,-102,5,162,-1
165,145,215,78,581,6.7,-87,5,162,-1
155,135,225,78,602,6.7,-77,5,162,0
155,135,225,78,623,6.7,-77,5,162,0
155,135,225,78,644,6.7,-77,5,162,0
155,135,225,296,528,7.0,141,4,162,0
155,135,225,296,549,7.0,141,4,162,0
155,135,225,296,570,7.0,141,5,162,0
155,135,225,296,591,7.0,141,5,162,0
155,135,225,258,471,6.53,103,5,162,0
155,135,225,258,492,6.53,103,5,162,0
145,125,235,258,513,6.53,113,4,162,-1
130,110,250,258,534,6.53,128,4,162,-1
120,100,260,258,555,6.53,138,5,162,0
120,100,260,258,576,6.53,138,5,162,0
120,100,260,47,455,6.85,-73,5,163,0
120,100,260,47,476,6.85,-73,5,163,0
120,100,260,47,497,6.85,-73,5,163,0
120,100,260,47,518,6.85,-73,4,163,0
120,100,260,47,539,6.85,-73,4,163,0
120,100,260,47,560,6.85,-73,5,163,0
120,100,260,47,581,6.85,-73,5,163,0
135,115,245,259,536,7.8,124,5,163,1
150,130,230,259,560,7.8,109,5,163,1
165,145,215,259,584,7.8,94,5,163,1
180,160,200,259,608,7.8,79,4,163,1
195,175,185,259,632,7.8,64,4,163,1
210,190,170,105,431,7.33,-105,4,163,1
225,205,155,105,452,7.33,-120,4,163,1
240,220,140,105,473,7.33,-135,4,163,1
255,235,125,105,494,7.33,-150,4,163,1
270,250,110,105,515,7.33,-165,4,163,1
285,265,95,105,536,7.33,-180,4,163,1
290,270,90,105,557,7.33,-185,5,163,0
290,270,90,105,578,7.33,-185,5,163,0
290,270,90,105,599,7.33,-185,5,164,0
290,270,90,105,620,7.33,-185,5,164,0
290,270,90,105,641,7.33,-185,5,164,0
290,270,90,27,522,7.05,-263,4,164,0
290,270,90,27,543,7.05,-263,4,164,0
290,270,90,27,564,7.05,-263,5,164,0
290,270,90,33,510,8.01,-257,5,164,0
290,270,90,33,534,8.01,-257,5,164,0
290,270,90,33,558,8.01,-257,5,164,0
290,270,90,362,365,6.94,72,5,164,0
290,270,90,362,386,6.94,72,4,164,0
290,270,90,362,407,6.94,72,4,164,0
290,270,90,362,428,6.94,72,4,164,0
290,270,90,362,449,6.94,72,4,164,0
290,270,90,362,470,6.94,72,4,164,0
290,270,90,362,491,6.94,72,4,164,0
275,255,105,362,512,6.94,87,4,164,-1
260,240,120,362,533,6.94,102,4,164,-1
245,225,135,362,554,6.94,117,5,164,-1
230,210,150,362,575,6.94,132,5,164,-1
215,195,165,362,596,6.94,147,5,165,-1
200,180,180,362,617,6.94,162,5,165,-1
185,165,195,238,362,7.01,53,5,165,-1
170,150,210,238,383,7.01,68,4,165,-1
155,135,225,238,404,7.01,83,4,165,-1
140,120,240,238,425,7.01,98,5,165,-1
130,110,250,238,446,7.01,108,5,165,0
130,110,250,238,467,7.01,108,5,165,0
130,110,250,238,488,7.01,108,5,165,0
130,110,250,238,509,7.01,108,4,165,0
130,110,250,238,530,7.01,108,4,165,0
130,110,250,238,551,7.01,108,4,165,0
130,110,250,238,572,7.01,108,5,165,0
130,110,250,238,593,7.01,108,5,165,0
130,110,250,238,614,7.01,108,5,165,0
115,95,265,148,407,8.03,33,5,165,-1
100,80,280,148,431,8.03,48,4,165,-1
85,65,295,148,455,8.03,63,4,165,-1
70,50,310,148,479,8.03,78,5,165,-1
55,35,325,148,503,8.03,93,5,165,-1
55,35,325,148,527,8.03,93,5,166,0
55,35,325,148,551,8.03,93,5,166,0
55,35,325,148,575,8.03,93,5,166,0
55,35,325,148,599,8.03,93,4,166,0
55,35,325,148,623,8.03,93,4,166,0
55,35,325,148,647,8.03,93,5,166,0
60,40,320,67,301,6.98,7,4,166,1
75,55,305,67,322,6.98,-8,4,166,1
90,70,290,67,343,6.98,-23,4,166,1
105,85,275,279,505,7.02,174,4,166,1
120,100,260,279,526,7.02,159,4,166,1
135,115,245,279,547,7.02,144,4,166,1
150,130,230,279,568,7.02,129,5,166,1
165,145,215,279,589,7.02,114,5,166,1
180,160,200,279,610,7.02,99,5,166,1
195,175,185,279,631,7.02,84,5,166,1
210,190,170,279,652,7.02,69,5,166,1
220,200,160,67,532,6.98,-153,4,166,0
220,200,160,67,553,6.98,-153,5,166,0
220,200,160,67,574,6.98,-153,5,166,0
220,200,160,67,595,6.98,-153,5,167,0
220,200,160,67,616,6.98,-153,5,167,0
220,200,160,67,637,6.98,-153,5,167,0
220,200,160,30,517,6.66,-190,4,167,0
215,195,165,30,538,6.66,-185,4,167,-1
200,180,180,30,559,6.66,-170,5,167,-1
185,165,195,30,580,6.66,-155,5,167,-1
170,150,210,30,601,6.66,-140,5,167,-1
170,150,210,303,487,7.13,133,5,167,0
170,150,210,303,508,7.13,133,5,167,0
170,150,210,303,529,7.13,133,4,167,0
170,150,210,303,550,7.13,133,4,167,0
170,150,210,303,571,7.13,133,5,167,0
170,150,210,35,516,7.85,-135,5,167,0
170,150,210,35,540,7.85,-135,5,167,0
180,160,200,35,564,7.85,-145,5,167,1
195,175,185,35,588,7.85,-160,4,167,1
210,190,170,35,612,7.85,-175,4,167,1
225,205,155,35,636,7.85,-190,5,167,1
240,220,140,17,435,7.37,-223,4,167,1
255,235,125,17,456,7.37,-238,4,168,1
270,250,110,17,477,7.37,-253,4,168,1
285,265,95,17,498,7.37,-268,4,168,1
300,280,80,17,519,7.37,-283,4,168,1
315,295,65,17,540,7.37,-298,4,168,1
315,295,65,17,561,7.37,-298,5,168,0
315,295,65,17,582,7.37,-298,5,168,0
315,295,65,17,603,7.37,-298,5,168,0
315,295,65,21,482,7.38,-294,5,168,0
315,295,65,21,503,7.38,-294,5,168,0
315,295,65,21,524,7.38,-294,4,168,0
315,295,65,21,545,7.38,-294,4,168,0
315,295,65,21,566,7.38,-294,5,168,0
315,295,65,122,450,7.39,-193,5,168,0
315,295,65,122,471,7.39,-193,5,168,0
315,295,65,122,492,7.39,-193,5,168,0
315,295,65,122,513,7.39,-193,5,168,0
315,295,65,122,534,7.39,-193,4,168,0
300,280,80,122,555,7.39,-178,5,168,-1
285,265,95,122,576,7.39,-163,5,168,-1
270,250,110,110,525,7.95,-160,5,169,-1
255,235,125,110,549,7.95,-145,5,169,-1
240,220,140,110,573,7.95,-130,5,169,-1
225,205,155,110,597,7.95,-115,4,169,-1
210,190,170,110,621,7.95,-100,4,169,-1
195,175,185,110,645,7.95,-85,5,169,-1
180,160,200,342,507,8.04,162,4,169,-1
165,145,215,342,531,8.04,177,4,169,-1
150,130,230,342,555,8.04,192,4,169,-1
150,130,230,342,579,8.04,192,4,169,0
150,130,230,342,603,8.04,192,4,169,0
150,130,230,342,627,8.04,192,4,169,0
150,130,230,308,429,7.05,158,5,169,0
150,130,230,308,450,7.05,158,4,169,0
150,130,230,308,471,7.05,158,4,169,0
150,130,230,308,492,7.05,158,4,169,0
150,130,230,308,513,7.05,158,4,169,0
150,130,230,308,534,7.05,158,4,169,0
150,130,230,308,555,7.05,158,5,169,0
150,130,230,308,576,7.05,158,5,169,0
150,130,230,245,460,7.0,95,5,170,0
150,130,230,245,481,7.0,95,5,170,0
150,130,230,245,502,7.0,95,5,170,0
150,130,230,245,523,7.0,95,4,170,0
150,130,230,245,544,7.0,95,4,170,0
150,130,230,245,565,7.0,95,5,170,0
150,130,230,245,586,7.0,95,5,170,0
150,130,230,245,607,7.0,95,5,170,0
150,130,230,245,628,7.0,95,5,170,0
150,130,230,28,506,7.38,-122,4,170,0
150,130,230,28,527,7.38,-122,4,170,0
150,130,230,28,548,7.38,-122,4,170,0
150,130,230,28,569,7.38,-122,5,170,0
150,130,230,28,590,7.38,-122,5,170,0
150,130,230,236,470,7.03,86,5,170,0
135,115,245,236,491,7.03,101,5,170,-1
120,100,260,236,512,7.03,116,4,170,-1
105,85,275,236,533,7.03,131,4,170,-1
90,70,290,236,554,7.03,146,5,170,-1
75,55,305,200,498,7.93,125,5,170,-1
60,40,320,200,522,7.93,140,5,171,-1
45,25,335,200,546,7.93,155,5,171,-1
30,10,350,200,570,7.93,170,5,171,-1
30,10,350,116,435,7.82,86,4,171,0
30,10,350,116,459,7.82,86,4,171,0
30,10,350,116,483,7.82,86,5,171,0
30,10,350,116,507,7.82,86,4,171,0
30,10,350,116,531,7.82,86,4,171,0
30,10,350,116,555,7.82,86,4,171,0
30,10,350,116,579,7.82,86,4,171,0
30,10,350,116,603,7.82,86,4,171,0
30,10,350,116,627,7.82,86,4,171,0
30,10,350,116,651,7.82,86,5,171,0
30,10,350,330,517,7.65,300,4,171,0
30,10,350,330,541,7.65,300,4,171,0
45,25,335,330,565,7.65,285,4,171,1
60,40,320,45,269,8.05,-15,4,171,1
75,55,305,45,293,8.05,-30,4,171,1
90,70,290,45,317,8.05,-45,5,171,1
105,85,275,260,440,7.18,155,4,171,1
115,95,265,260,461,7.18,145,4,172,0
115,95,265,260,482,7.18,145,4,172,0
120,100,260,260,503,7.18,140,4,172,1
135,115,245,260,524,7.18,125,4,172,1
150,130,230,260,545,7.18,110,4,172,1
160,140,220,260,566,7.18,100,5,172,0
160,140,220,260,587,7.18,100,5,172,0
160,140,220,45,533,8.05,-115,5,172,0
160,140,220,45,557,8.05,-115,5,172,0
145,125,235,45,581,8.05,-100,4,172,-1
130,110,250,45,605,8.05,-85,4,172,-1
115,95,265,45,629,8.05,-70,4,172,-1
100,80,280,193,489,8.16,93,4,172,-1
105,85,275,193,513,8.16,88,4,172,1
120,100,260,193,537,8.16,73,4,172,1
135,115,245,193,561,8.16,58,4,172,1
150,130,230,193,585,8.16,43,4,172,1
165,145,215,193,609,8.16,28,4,172,1
180,160,200,193,633,8.16,13,5,172,1
195,175,185,113,500,7.89,-82,4,172,1
210,190,170,113,524,7.89,-97,4,173,1
220,200,160,113,548,7.89,-107,4,173,0
220,200,160,113,572,7.89,-107,4,173,0
220,200,160,113,596,7.89,-107,4,173,0
220,200,160,291,457,7.59,71,4,173,0
215,195,165,291,481,7.59,76,5,173,-1
200,180,180,291,505,7.59,91,4,173,-1
185,165,195,291,529,7.59,106,4,173,-1
170,150,210,291,553,7.59,121,4,173,-1
170,150,210,153,424,7.85,-17,4,173,1
185,165,195,153,448,7.85,-32,4,173,1
200,180,180,153,472,7.85,-47,4,173,1
215,195,165,153,496,7.85,-62,5,173,1
230,210,150,153,520,7.85,-77,4,173,1
245,225,135,153,544,7.85,-92,4,173,1
260,240,120,153,568,7.85,-107,4,173,1
275,255,105,153,592,7.85,-122,4,173,1
290,270,90,153,616,7.85,-137,4,173,1
305,285,75,143,476,7.62,-162,5,173,1
305,285,75,143,500,7.62,-162,4,173,0
305,285,75,143,524,7.62,-162,4,174,0
295,275,85,143,548,7.62,-152,4,174,-1
280,260,100,289,415,7.5,9,4,174,-1
265,245,115,289,439,7.5,24,4,174,-1
250,230,130,289,463,7.5,39,4,174,-1
235,215,145,289,487,7.5,54,5,174,-1
220,200,160,289,511,7.5,69,4,174,-1
205,185,175,289,535,7.5,84,4,174,-1
190,170,190,289,559,7.5,99,4,174,-1
175,155,205,289,583,7.5,114,4,174,-1
160,140,220,289,607,7.5,129,4,174,-1
160,140,220,289,631,7.5,129,4,174,0
175,155,205,376,427,6.96,201,4,174,1
190,170,190,376,448,6.96,186,4,174,1
205,185,175,376,469,6.96,171,4,174,1
220,200,160,376,490,6.96,156,4,174,1
235,215,145,376,511,6.96,141,4,174,1
250,230,130,376,532,6.96,126,4,174,1
265,245,115,376,553,6.96,111,5,174,1
280,260,100,376,574,6.96,96,5,174,1
295,275,85,376,595,6.96,81,5,175,1
300,280,80,376,616,6.96,76,5,175,0
300,280,80,376,637,6.96,76,5,175,0
300,280,80,59,599,7.88,-241,4,175,0
300,280,80,92,463,7.97,-208,4,175,0
300,280,80,92,487,7.97,-208,5,175,0
300,280,80,92,511,7.97,-208,4,175,0
300,280,80,92,535,7.97,-208,4,175,0
300,280,80,92,559,7.97,-208,4,175,0
300,280,80,92,583,7.97,-208,4,175,0
300,280,80,141,445,8.0,-159,4,175,0
300,280,80,141,469,8.0,-159,4,175,0
300,280,80,141,493,8.0,-159,4,175,0
300,280,80,141,517,8.0,-159,4,175,0
300,280,80,141,541,8.0,-159,4,175,0
300,280,80,141,565,8.0,-159,4,175,0
300,280,80,141,589,8.0,-159,4,175,0
300,280,80,141,613,8.0,-159,4,175,0
300,280,80,141,637,8.0,-159,5,175,0
300,280,80,146,437,7.2,-154,4,175,0
300,280,80,146,458,7.2,-154,4,176,0
300,280,80,146,479,7.2,-154,4,176,0
300,280,80,146,500,7.2,-154,4,176,0
300,280,80,146,521,7.2,-154,4,176,0
300,280,80,146,542,7.2,-154,4,176,0
300,280,80,146,563,7.2,-154,5,176,0
300,280,80,146,584,7.2,-154,5,176,0
300,280,80,149,536,7.83,-151,5,176,0
300,280,80,149,560,7.83,-151,5,176,0
300,280,80,149,584,7.83,-151,5,176,0
300,280,80,149,608,7.83,-151,4,176,0
300,280,80,153,471,7.9,-147,4,176,0
300,280,80,153,495,7.9,-147,4,176,0
300,280,80,153,519,7.9,-147,4,176,0
300,280,80,153,543,7.9,-147,4,176,0
300,280,80,153,567,7.9,-147,4,176,0
300,280,80,153,591,7.9,-147,4,176,0
290,270,90,153,615,7.9,-137,4,176,-1
275,255,105,153,639,7.9,-122,5,176,-1
260,240,120,97,503,7.89,-163,4,176,-1
245,225,135,97,527,7.89,-148,4,177,-1
245,225,135,97,551,7.89,-148,4,177,0
245,225,135,97,575,7.89,-148,4,177,0
245,225,135,97,599,7.89,-148,4,177,0
240,220,140,97,623,7.89,-143,4,177,-1
225,205,155,97,647,7.89,-128,5,177,-1
210,190,170,68,441,7.21,-142,4,177,-1
210,190,170,68,462,7.21,-142,4,177,0
210,190,170,68,483,7.21,-142,4,177,0
210,190,170,68,504,7.21,-142,4,177,0
210,190,170,68,525,7.21,-142,4,177,0
210,190,170,68,546,7.21,-142,4,177,0
210,190,170,68,567,7.21,-142,5,177,0
210,190,170,68,588,7.21,-142,5,177,0
210,190,170,68,609,7.21,-142,5,177,0
210,190,170,67,496,7.08,-143,5,177,0
225,205,155,67,517,7.08,-158,5,177,1
240,220,140,67,538,7.08,-173,4,177,1
255,235,125,67,559,7.08,-188,5,177,1
270,250,110,124,498,8.39,-146,5,177,1
285,265,95,124,522,8.39,-161,5,178,1
285,265,95,124,546,8.39,-161,5,178,0
285,265,95,124,570,8.39,-161,5,178,0
285,265,95,124,594,8.39,-161,4,178,0
285,265,95,124,618,8.39,-161,4,178,0
285,265,95,161,425,6.96,-124,5,178,0
285,265,95,161,446,6.96,-124,4,178,0
285,265,95,161,467,6.96,-124,4,178,0
285,265,95,161,488,6.96,-124,4,178,0
295,275,85,161,509,6.96,-134,4,178,1
310,290,70,161,530,6.96,-149,4,178,1
325,305,55,161,551,6.96,-164,4,178,1
340,320,40,161,572,6.96,-179,5,178,1
340,320,40,161,593,6.96,-179,5,178,0
340,320,40,150,540,7.82,-190,5,178,0
340,320,40,150,564,7.82,-190,5,178,0
340,320,40,242,426,7.97,-98,4,178,0
340,320,40,242,450,7.97,-98,4,178,0
340,320,40,242,474,7.97,-98,5,178,0
340,320,40,242,498,7.97,-98,4,178,0
340,320,40,242,522,7.97,-98,4,179,0
340,320,40,242,546,7.97,-98,4,179,0
340,320,40,242,570,7.97,-98,4,179,0
340,320,40,242,594,7.97,-98,4,179,0
340,320,40,242,618,7.97,-98,4,179,0
340,320,40,242,642,7.97,-98,5,179,0
340,320,40,115,441,7.06,-225,4,179,0
340,320,40,115,462,7.06,-225,4,179,0
340,320,40,115,483,7.06,-225,4,179,0
340,320,40,115,504,7.06,-225,4,179,0
340,320,40,115,525,7.06,-225,4,179,0
330,310,50,115,546,7.06,-215,4,179,-1
315,295,65,115,567,7.06,-200,5,179,-1
300,280,80,115,588,7.06,-185,5,179,-1
285,265,95,115,609,7.06,-170,5,179,-1
270,250,110,359,407,8.13,89,5,179,-1
255,235,125,359,431,8.13,104,5,179,-1
240,220,140,359,455,8.13,119,4,179,-1
225,205,155,35,556,7.25,-190,5,179,-1
210,190,170,359,503,8.13,149,5,179,-1
195,175,185,359,527,8.13,164,5,180,-1
180,160,200,359,551,8.13,179,5,180,-1
175,155,205,359,575,8.13,184,5,180,0
175,155,205,359,599,8.13,184,4,180,0
175,155,205,328,459,8.46,153,4,180,0
175,155,205,328,483,8.46,153,5,180,0
175,155,205,328,507,8.46,153,4,180,0
175,155,205,328,531,8.46,153,4,180,0
175,155,205,328,555,8.46,153,4,180,0
175,155,205,328,579,8.46,153,4,180,0
175,155,205,328,603,8.46,153,4,180,0
175,155,205,75,468,7.73,-100,4,180,0
175,155,205,75,492,7.73,-100,5,180,0
175,155,205,75,516,7.73,-100,4,180,0
175,155,205,75,540,7.73,-100,4,180,0
175,155,205,75,564,7.73,-100,4,180,0
175,155,205,75,588,7.73,-100,4,180,0
175,155,205,75,612,7.73,-100,4,180,0
175,155,205,63,479,8.15,-112,5,180,0
175,155,205,63,503,8.15,-112,4,180,0
175,155,205,63,527,8.15,-112,4,181,0
175,155,205,63,551,8.15,-112,4,181,0
175,155,205,63,575,8.15,-112,4,181,0
175,155,205,63,599,8.15,-112,4,181,0
175,155,205,63,623,8.15,-112,4,181,0
175,155,205,63,647,8.15,-112,5,181,0
175,155,205,84,445,7.23,-91,4,181,0
175,155,205,84,466,7.23,-91,4,181,0
175,155,205,84,487,7.23,-91,4,181,0
175,155,205,84,508,7.23,-91,4,181,0
175,155,205,84,529,7.23,-91,4,181,0
175,155,205,84,550,7.23,-91,4,181,0
175,155,205,84,571,7.23,-91,5,181,0
175,155,205,98,514,8.14,-77,5,181,0
175,155,205,98,538,8.14,-77,5,181,0
175,155,205,98,562,8.14,-77,5,181,0
175,155,205,98,586,8.14,-77,4,181,0
175,155,205,98,610,8.14,-77,4,181,0
175,155,205,98,634,8.14,-77,5,181,0
175,155,205,82,503,8.2,-93,4,181,0
175,155,205,82,527,8.2,-93,4,182,0
175,155,205,82,551,8.2,-93,4,182,0
175,155,205,82,575,8.2,-93,4,182,0
175,155,205,82,599,8.2,-93,4,182,0
175,155,205,82,623,8.2,-93,4,182,0
175,155,205,295,483,7.72,120,5,182,0
175,155,205,295,507,7.72,120,4,182,0
175,155,205,295,531,7.72,120,4,182,0
175,155,205,295,555,7.72,120,4,182,0
175,155,205,295,579,7.72,120,4,182,0
175,155,205,295,603,7.72,120,4,182,0
175,155,205,276,470,8.27,101,4,182,0
175,155,205,276,494,8.27,101,5,182,0
175,155,205,276,518,8.27,101,4,182,0
160,140,220,276,542,8.27,116,4,182,-1
145,125,235,276,566,8.27,131,4,182,-1
130,110,250,276,590,8.27,146,4,182,-1
115,95,265,276,614,8.27,161,4,182,-1
100,80,280,246,478,7.52,146,5,182,-1
85,65,295,246,502,7.52,161,4,182,-1
70,50,310,246,526,7.52,176,4,183,-1
55,35,325,246,550,7.52,191,4,183,-1
55,35,325,246,574,7.52,191,4,183,0
55,35,325,246,598,7.52,191,4,183,0
55,35,325,186,464,7.73,131,4,183,0
55,35,325,186,488,7.73,131,5,183,0
55,35,325,186,512,7.73,131,4,183,0
55,35,325,186,536,7.73,131,4,183,0
40,20,340,186,560,7.73,146,4,183,-1
25,5,355,186,584,7.73,161,4,183,-1
20,0,360,186,608,7.73,166,4,183,-1
20,0,360,118,407,7.33,98,4,183,0
20,0,360,118,428,7.33,98,4,183,0
20,0,360,118,449,7.33,98,4,183,0
20,0,360,118,470,7.33,98,4,183,0
20,0,360,118,491,7.33,98,4,183,0
20,0,360,118,512,7.33,98,4,183,0
20,0,360,118,533,7.33,98,4,183,0
20,0,360,118,554,7.33,98,5,183,0
20,0,360,118,575,7.33,98,5,183,0
20,0,360,118,596,7.33,98,5,184,0
20,0,360,118,617,7.33,98,5,184,0
20,0,360,118,638,7.33,98,5,184,0
20,0,360,128,437,8.38,108,4,184,0
20,0,360,128,461,8.38,108,4,184,0
20,0,360,128,485,8.38,108,5,184,0
20,0,360,128,509,8.38,108,4,184,0
20,0,360,128,533,8.38,108,4,184,0
20,0,360,128,557,8.38,108,4,184,0
20,0,360,128,581,8.38,108,4,184,0
20,0,360,128,605,8.38,108,4,184,0
20,0,360,128,629,8.38,108,4,184,0
20,0,360,142,491,8.39,122,4,184,0
20,0,360,142,515,8.39,122,4,184,0
20,0,360,142,539,8.39,122,4,184,0
20,0,360,142,563,8.39,122,4,184,0
20,0,360,142,587,8.39,122,4,184,0
20,0,360,142,611,8.39,122,4,184,0
20,0,360,142,635,8.39,122,5,184,0
20,0,360,170,504,7.58,150,4,184,0
20,0,360,170,528,7.58,150,4,185,0
20,0,360,170,552,7.58,150,4,185,0
20,0,360,170,576,7.58,150,4,185,0
20,0,360,170,600,7.58,150,4,185,0
20,0,360,172,518,8.52,152,4,185,0
20,0,360,172,545,8.52,152,4,185,0
20,0,360,172,572,8.52,152,4,185,0
20,0,360,172,599,8.52,152,4,185,0
20,0,360,172,626,8.52,152,4,185,0
20,0,360,129,418,8.13,109,3,185,0
20,0,360,129,442,8.13,109,3,185,0
20,0,360,129,466,8.13,109,3,185,0
20,0,360,129,490,8.13,109,4,185,0
20,0,360,129,514,8.13,109,4,185,0
20,0,360,129,538,8.13,109,4,185,0
20,0,360,129,562,8.13,109,4,185,0
20,0,360,129,586,8.13,109,4,185,0
20,0,360,87,452,8.2,67,4,185,0
20,0,360,87,476,8.2,67,5,185,0
20,0,360,87,500,8.2,67,4,185,0
20,0,360,87,524,8.2,67,4,186,0
20,0,360,87,548,8.2,67,4,186,0
20,0,360,87,572,8.2,67,4,186,0
20,0,360,87,596,8.2,67,4,186,0
20,0,360,87,620,8.2,67,4,186,0
20,0,360,87,644,8.2,67,5,186,0
20,0,360,151,351,7.64,131,4,186,0
20,0,360,151,375,7.64,131,4,186,0
20,0,360,151,399,7.64,131,4,186,0
20,0,360,151,423,7.64,131,4,186,0
20,0,360,151,447,7.64,131,4,186,0
20,0,360,151,471,7.64,131,4,186,0
20,0,360,151,495,7.64,131,5,186,0
20,0,360,151,519,7.64,131,5,186,0
20,0,360,151,543,7.64,131,5,186,0
20,0,360,151,567,7.64,131,5,186,0
20,0,360,151,591,7.64,131,5,186,0
20,0,360,151,615,7.64,131,4,186,0
20,0,360,140,478,7.96,120,5,186,0
20,0,360,140,502,7.96,120,4,186,0
20,0,360,140,526,7.96,120,4,187,0
20,0,360,140,550,7.96,120,4,187,0
20,0,360,140,574,7.96,120,4,187,0
20,0,360,140,598,7.96,120,4,187,0
20,0,360,140,622,7.96,120,4,187,0
20,0,360,146,482,8.18,126,5,187,0
25,5,355,146,506,8.18,121,4,187,1
40,20,340,146,530,8.18,106,4,187,1
55,35,325,146,554,8.18,91,4,187,1
70,50,310,146,578,8.18,76,4,187,1
85,65,295,146,602,8.18,61,4,187,1
100,80,280,146,626,8.18,46,4,187,1
115,95,265,146,650,8.18,31,5,187,1
130,110,250,345,516,7.64,215,4,187,1
145,125,235,345,540,7.64,200,4,187,1
160,140,220,345,564,7.64,185,4,187,1
175,155,205,345,588,7.64,170,4,187,1
190,170,190,345,612,7.64,155,4,187,1
205,185,175,345,636,7.64,140,5,187,1
220,200,160,221,339,8.18,1,4,187,1
235,215,145,221,363,8.18,-14,4,188,1
250,230,130,221,387,8.18,-29,4,188,1
265,245,115,221,411,8.18,-44,4,188,1
280,260,100,221,435,8.18,-59,4,188,1
295,275,85,221,459,8.18,-74,4,188,1
310,290,70,221,483,8.18,-89,5,188,1
325,305,55,221,507,8.18,-104,5,188,1
325,305,55,221,531,8.18,-104,5,188,0
325,305,55,221,555,8.18,-104,5,188,0
325,305,55,365,471,8.63,40,5,188,0
325,305,55,365,498,8.63,40,4,188,0
325,305,55,365,525,8.63,40,4,188,0
325,305,55,365,552,8.63,40,5,188,0
325,305,55,365,579,8.63,40,4,188,0
325,305,55,365,606,8.63,40,4,188,0
325,305,55,365,633,8.63,40,4,188,0
325,305,55,16,431,7.51,-309,3,188,0
325,305,55,16,455,7.51,-309,3,188,0
325,305,55,16,479,7.51,-309,4,188,0
325,305,55,16,503,7.51,-309,4,188,0
325,305,55,16,527,7.51,-309,4,189,0
325,305,55,16,551,7.51,-309,4,189,0
325,305,55,312,250,8.32,-13,4,189,0
325,305,55,312,274,8.32,-13,4,189,0
325,305,55,312,298,8.32,-13,4,189,0
325,305,55,312,322,8.32,-13,5,189,0
325,305,55,312,346,8.32,-13,4,189,0
320,300,60,312,370,8.32,-8,4,189,-1
305,285,75,312,394,8.32,7,4,189,-1
290,270,90,312,418,8.32,22,4,189,-1
275,255,105,312,442,8.32,37,4,189,-1
260,240,120,128,549,7.35,-132,4,189,-1
245,225,135,312,490,8.32,67,5,189,-1
230,210,150,312,514,8.32,82,5,189,-1
215,195,165,312,538,8.32,97,5,189,-1
200,180,180,312,562,8.32,112,5,189,-1
195,175,185,312,586,8.32,117,4,189,0
195,175,185,312,610,8.32,117,4,189,0
195,175,185,99,475,7.5,-96,5,189,0
195,175,185,99,499,7.5,-96,4,189,0
195,175,185,99,523,7.5,-96,4,190,0
195,175,185,99,547,7.5,-96,4,190,0
195,175,185,99,571,7.5,-96,4,190,0
195,175,185,129,493,8.69,-66,4,190,0
195,175,185,129,520,8.69,-66,4,190,0
195,175,185,129,547,8.69,-66,5,190,0
195,175,185,129,574,8.69,-66,4,190,0
195,175,185,129,601,8.69,-66,4,190,0
195,175,185,129,628,8.69,-66,4,190,0
195,175,185,295,471,8.57,100,3,190,0
185,165,195,295,498,8.57,110,3,190,-1
170,150,210,295,525,8.57,125,3,190,-1
155,135,225,295,552,8.57,140,4,190,-1
140,120,240,295,579,8.57,155,4,190,-1
125,105,255,295,606,8.57,170,4,190,-1
110,90,270,204,403,7.55,94,4,190,-1
95,75,285,204,427,7.55,109,3,190,-1
80,60,300,204,451,7.55,124,3,190,-1
80,60,300,204,475,7.55,124,4,190,0
80,60,300,204,499,7.55,124,4,190,0
80,60,300,204,523,7.55,124,4,191,0
80,60,300,204,547,7.55,124,4,191,0
85,65,295,204,571,7.55,119,4,191,1
100,80,280,82,435,8.0,-18,4,191,1
115,95,265,82,459,8.0,-33,4,191,1
130,110,250,82,483,8.0,-48,5,191,1
145,125,235,82,507,8.0,-63,4,191,1
160,140,220,82,531,8.0,-78,4,191,1
175,155,205,82,555,8.0,-93,4,191,1
190,170,190,82,579,8.0,-108,4,191,1
205,185,175,146,441,8.37,-59,4,191,1
220,200,160,146,465,8.37,-74,4,191,1
235,215,145,146,489,8.37,-89,5,191,1
250,230,130,146,513,8.37,-104,4,191,1
265,245,115,146,537,8.37,-119,4,191,1
280,260,100,146,561,8.37,-134,4,191,1
280,260,100,146,585,8.37,-134,4,191,0
270,250,110,146,609,8.37,-124,4,191,-1
255,235,125,146,633,8.37,-109,5,191,-1
240,220,140,240,344,8.07,0,4,191,-1
225,205,155,240,368,8.07,15,4,192,-1
210,190,170,240,392,8.07,30,4,192,-1
195,175,185,88,498,7.39,-107,4,192,-1
180,160,200,88,519,7.39,-92,4,192,-1
165,145,215,88,540,7.39,-77,4,192,-1
150,130,230,88,561,7.39,-62,5,192,-1
135,115,245,88,582,7.39,-47,5,192,-1
125,105,255,88,603,7.39,-37,5,192,0
125,105,255,88,624,7.39,-37,5,192,0
125,105,255,88,645,7.39,-37,5,192,0
125,105,255,240,608,8.07,115,4,192,0
125,105,255,240,632,8.07,115,4,192,0
125,105,255,49,330,8.02,-76,4,192,0
125,105,255,49,354,8.02,-76,4,192,0
125,105,255,49,378,8.02,-76,4,192,0
125,105,255,49,402,8.02,-76,4,192,0
135,115,245,49,426,8.02,-86,4,192,1
150,130,230,49,450,8.02,-101,4,192,1
165,145,215,49,474,8.02,-116,5,192,1
180,160,200,49,498,8.02,-131,4,192,1
195,175,185,49,522,8.02,-146,4,193,1
210,190,170,49,546,8.02,-161,4,193,1
225,205,155,49,570,8.02,-176,4,193,1
240,220,140,125,435,7.6,-115,4,193,1
255,235,125,125,459,7.6,-130,4,193,1
270,250,110,125,483,7.6,-145,5,193,1
285,265,95,125,507,7.6,-160,4,193,1
295,275,85,125,531,7.6,-170,4,193,0
295,275,85,125,555,7.6,-170,4,193,0
295,275,85,379,475,8.61,84,4,193,0
295,275,85,379,502,8.61,84,4,193,0
295,275,85,379,529,8.61,84,4,193,0
295,275,85,379,556,8.61,84,5,193,0
295,275,85,379,583,8.61,84,4,193,0
295,275,85,379,610,8.61,84,4,193,0
295,275,85,379,637,8.61,84,4,193,0
295,275,85,112,425,8.1,-183,3,193,0
295,275,85,112,449,8.1,-183,3,193,0
295,275,85,112,473,8.1,-183,4,193,0
295,275,85,112,497,8.1,-183,4,193,0
295,275,85,112,521,8.1,-183,4,194,0
285,265,95,112,545,8.1,-173,4,194,-1
270,250,110,112,569,8.1,-158,4,194,-1
255,235,125,112,593,8.1,-143,4,194,-1
240,220,140,344,462,8.3,104,4,194,-1
225,205,155,344,486,8.3,119,5,194,-1
210,190,170,344,510,8.3,134,4,194,-1
195,175,185,344,534,8.3,149,4,194,-1
180,160,200,344,558,8.3,164,4,194,-1
165,145,215,344,582,8.3,179,4,194,-1
150,130,230,256,443,8.34,106,4,194,-1
135,115,245,256,467,8.34,121,4,194,-1
120,100,260,256,491,8.34,136,4,194,-1
105,85,275,256,515,8.34,151,4,194,-1
90,70,290,256,539,8.34,166,4,194,-1
75,55,305,256,563,8.34,181,4,194,-1
60,40,320,256,587,8.34,196,4,194,-1
45,25,335,184,452,8.1,139,4,194,-1
30,10,350,184,476,8.1,154,5,194,-1
20,0,360,184,500,8.1,164,4,194,-1
20,0,360,184,524,8.1,164,4,195,-1
20,0,360,184,548,8.1,164,4,195,-1
20,0,360,184,572,8.1,164,4,195,-1
20,0,360,101,438,8.42,81,4,195,-1
20,0,360,101,462,8.42,81,4,195,0
20,0,360,101,486,8.42,81,5,195,0
20,0,360,101,510,8.42,81,4,195,0
20,0,360,101,534,8.42,81,4,195,0
20,0,360,101,558,8.42,81,4,195,0
20,0,360,101,582,8.42,81,4,195,0
20,0,360,101,606,8.42,81,4,195,0
20,0,360,92,471,8.43,72,4,195,0
20,0,360,92,495,8.43,72,4,195,0
20,0,360,92,519,8.43,72,4,195,0
20,0,360,92,543,8.43,72,4,195,0
20,0,360,92,567,8.43,72,4,195,0
20,0,360,92,591,8.43,72,4,195,0
20,0,360,92,615,8.43,72,4,195,0
20,0,360,92,639,8.43,72,5,195,0
20,0,360,106,337,8.37,86,4,195,0
20,0,360,106,361,8.37,86,4,196,0
20,0,360,106,385,8.37,86,4,196,0
20,0,360,106,409,8.37,86,4,196,0
20,0,360,106,433,8.37,86,4,196,0
20,0,360,106,457,8.37,86,4,196,0
20,0,360,106,481,8.37,86,5,196,0
20,0,360,106,505,8.37,86,5,196,0
20,0,360,106,529,8.37,86,5,196,0
20,0,360,106,553,8.37,86,5,196,0
20,0,360,106,577,8.37,86,5,196,0
20,0,360,106,504,8.62,86,4,196,0
20,0,360,106,531,8.62,86,4,196,0
20,0,360,106,558,8.62,86,5,196,0
20,0,360,106,585,8.62,86,4,196,0
20,0,360,106,612,8.62,86,4,196,0
20,0,360,106,639,8.62,86,4,196,0
20,0,360,200,372,7.47,180,3,196,0
20,0,360,200,393,7.47,180,3,196,0
20,0,360,200,414,7.47,180,4,196,0
25,5,355,200,435,7.47,175,4,196,1
40,20,340,200,456,7.47,160,4,197,1
55,35,325,200,477,7.47,145,4,197,1
70,50,310,200,498,7.47,130,4,197,1
70,50,310,200,519,7.47,130,4,197,0
70,50,310,200,540,7.47,130,4,197,0
70,50,310,200,561,7.47,130,5,197,0
70,50,310,184,506,8.08,114,5,197,0
70,50,310,184,530,8.08,114,5,197,0
70,50,310,184,554,8.08,114,5,197,0
70,50,310,184,578,8.08,114,5,197,0
70,50,310,174,505,8.8,104,4,197,0
70,50,310,174,532,8.8,104,4,197,0
70,50,310,174,559,8.8,104,5,197,0
70,50,310,174,586,8.8,104,4,197,0
60,40,320,174,613,8.8,114,4,197,-1
45,25,335,174,640,8.8,129,4,197,-1
30,10,350,116,426,8.46,86,3,197,-1
20,0,360,116,450,8.46,96,3,197,-1
20,0,360,116,474,8.46,96,4,197,0
20,0,360,116,498,8.46,96,4,197,0
20,0,360,116,522,8.46,96,4,198,0
20,0,360,116,546,8.46,96,4,198,0
20,0,360,116,570,8.46,96,4,198,0
20,0,360,116,594,8.46,96,4,198,0
20,0,360,116,618,8.46,96,4,198,0
20,0,360,116,642,8.46,96,5,198,0
20,0,360,355,510,8.2,335,4,198,0
20,0,360,355,534,8.2,335,4,198,0
20,0,360,355,558,8.2,335,4,198,0
20,0,360,251,420,7.85,231,4,198,0
25,5,355,251,444,7.85,226,4,198,1
40,20,340,251,468,7.85,211,4,198,1
55,35,325,251,492,7.85,196,4,198,1
70,50,310,251,516,7.85,181,4,198,1
70,50,310,251,540,7.85,181,4,198,0
70,50,310,251,564,7.85,181,4,198,0
70,50,310,251,588,7.85,181,4,198,0
70,50,310,251,612,7.85,181,4,198,0
70,50,310,251,636,7.85,181,5,198,0
70,50,310,366,568,8.76,296,4,198,0
70,50,310,366,595,8.76,296,4,199,0
70,50,310,366,622,8.76,296,4,199,0
70,50,310,319,414,8.01,249,3,199,0
70,50,310,319,438,8.01,249,3,199,0
70,50,310,319,462,8.01,249,3,199,0
70,50,310,319,486,8.01,249,4,199,0
75,55,305,319,510,8.01,244,4,199,1
90,70,290,319,534,8.01,229,4,199,1
105,85,275,319,558,8.01,214,4,199,1
120,100,260,319,582,8.01,199,4,199,1
130,110,250,319,606,8.01,189,4,199,0
130,110,250,301,472,8.22,171,4,199,0
130,110,250,301,496,8.22,171,4,199,0
130,110,250,301,520,8.22,171,4,199,0
130,110,250,301,544,8.22,171,4,199,0
130,110,250,301,568,8.22,171,4,199,0
130,110,250,301,592,8.22,171,4,199,0
130,110,250,301,616,8.22,171,4,199,0
130,110,250,301,640,8.22,171,5,199,0
130,110,250,85,337,7.58,-45,4,199,0
140,120,240,348,523,8.12,208,4,200,1
155,135,225,348,547,8.12,193,4,200,1
170,150,210,348,571,8.12,178,4,200,1
185,165,195,348,595,8.12,163,4,200,1
200,180,180,85,457,7.58,-115,4,200,1
215,195,165,85,481,7.58,-130,5,200,1
225,205,155,85,505,7.58,-140,4,200,0
225,205,155,85,529,7.58,-140,4,200,0
225,205,155,85,553,7.58,-140,4,200,0
225,205,155,85,577,7.58,-140,4,200,0
225,205,155,85,601,7.58,-140,4,200,0
225,205,155,69,528,8.85,-156,4,200,0
225,205,155,69,555,8.85,-156,5,200,0
210,190,170,69,582,8.85,-141,4,200,-1
195,175,185,69,609,8.85,-126,4,200,-1
180,160,200,69,636,8.85,-111,4,200,-1
165,145,215,290,425,8.24,125,3,200,-1
160,140,220,290,449,8.24,130,3,200,0
160,140,220,290,473,8.24,130,4,200,0
160,140,220,290,497,8.24,130,4,200,0
160,140,220,290,521,8.24,130,4,201,0
160,140,220,290,545,8.24,130,4,201,0
160,140,220,290,569,8.24,130,4,201,0
160,140,220,290,593,8.24,130,4,201,0
155,135,225,22,520,8.97,-133,4,201,-1
140,120,240,22,547,8.97,-118,5,201,-1
125,105,255,22,574,8.97,-103,4,201,-1
110,90,270,22,601,8.97,-88,4,201,-1
100,80,280,22,628,8.97,-78,4,201,0
100,80,280,231,418,8.26,131,3,201,0
100,80,280,231,442,8.26,131,3,201,0
100,80,280,231,466,8.26,131,3,201,0
100,80,280,231,490,8.26,131,4,201,0
100,80,280,231,514,8.26,131,4,201,0
100,80,280,231,538,8.26,131,4,201,0
100,80,280,231,562,8.26,131,4,201,0
100,80,280,231,586,8.26,131,4,201,0
100,80,280,232,511,8.55,132,4,201,0
100,80,280,232,538,8.55,132,5,201,0
100,80,280,232,565,8.55,132,4,201,0
100,80,280,232,592,8.55,132,4,202,0
100,80,280,232,619,8.55,132,4,202,0
100,80,280,232,646,8.55,132,4,202,0
85,65,295,194,436,8.27,109,3,202,-1
70,50,310,194,460,8.27,124,3,202,-1
55,35,325,194,484,8.27,139,4,202,-1
40,20,340,194,508,8.27,154,4,202,-1
25,5,355,194,532,8.27,169,4,202,-1
20,0,360,194,556,8.27,174,4,202,-1
20,0,360,138,472,8.66,118,4,202,-1
20,0,360,138,499,8.66,118,4,202,-1
20,0,360,138,526,8.66,118,4,202,-1
20,0,360,138,553,8.66,118,4,202,-1
20,0,360,138,580,8.66,118,4,202,0
20,0,360,138,607,8.66,118,4,202,0
20,0,360,92,459,8.73,72,4,202,0
20,0,360,92,486,8.73,72,3,202,0
20,0,360,92,513,8.73,72,3,202,0
20,0,360,92,540,8.73,72,4,202,0
20,0,360,92,567,8.73,72,4,202,0
35,15,345,92,594,8.73,57,4,203,1
50,30,330,92,621,8.73,42,4,203,1
65,45,315,24,468,8.98,-41,4,203,1
80,60,300,24,495,8.98,-56,3,203,1
95,75,285,24,522,8.98,-71,3,203,1
110,90,270,24,549,8.98,-86,4,203,1
125,105,255,24,576,8.98,-101,4,203,1
125,105,255,24,603,8.98,-101,4,203,0
125,105,255,24,630,8.98,-101,4,203,0
125,105,255,224,471,8.71,99,3,203,0
110,90,270,224,498,8.71,114,3,203,-1
95,75,285,224,525,8.71,129,3,203,-1
80,60,300,224,552,8.71,144,4,203,-1
65,45,315,224,579,8.71,159,4,203,-1
55,35,325,224,606,8.71,169,4,203,0
55,35,325,224,633,8.71,169,4,203,0
55,35,325,242,483,8.56,187,3,203,0
65,45,315,242,510,8.56,177,3,203,1
80,60,300,242,537,8.56,162,4,203,1
95,75,285,242,564,8.56,147,4,203,1
110,90,270,242,591,8.56,132,4,204,1
125,105,255,242,618,8.56,117,4,204,1
140,120,240,242,645,8.56,102,4,204,1
155,135,225,27,436,8.48,-128,3,204,1
170,150,210,27,460,8.48,-143,3,204,1
185,165,195,27,484,8.48,-158,4,204,1
200,180,180,27,508,8.48,-173,4,204,1
205,185,175,27,532,8.48,-178,4,204,0
205,185,175,27,556,8.48,-178,4,204,0
205,185,175,88,473,8.57,-117,4,204,0
205,185,175,88,500,8.57,-117,4,204,0
205,185,175,88,527,8.57,-117,4,204,0
205,185,175,88,554,8.57,-117,4,204,0
205,185,175,88,581,8.57,-117,4,204,0
205,185,175,88,608,8.57,-117,4,204,0
190,170,190,88,635,8.57,-102,4,204,-1
175,155,205,256,427,8.5,81,3,204,-1
160,140,220,256,451,8.5,96,3,204,-1
145,125,235,256,475,8.5,111,4,204,-1
140,120,240,256,499,8.5,116,4,204,0
140,120,240,256,523,8.5,116,4,205,0
140,120,240,256,547,8.5,116,4,205,0
140,120,240,256,571,8.5,116,4,205,0
140,120,240,256,595,8.5,116,4,205,0
155,135,225,256,619,8.5,101,4,205,1
170,150,210,64,487,7.84,-106,5,205,1
185,165,195,64,511,7.84,-121,4,205,1
200,180,180,64,535,7.84,-136,4,205,1
200,180,180,64,559,7.84,-136,4,205,0
200,180,180,64,583,7.84,-136,4,205,0
200,180,180,64,607,7.84,-136,4,205,0
190,170,190,64,631,7.84,-126,4,205,-1
175,155,205,59,496,8.25,-116,4,205,-1
160,140,220,59,520,8.25,-101,4,205,-1
145,125,235,59,544,8.25,-86,4,205,-1
130,110,250,59,568,8.25,-71,4,205,-1
115,95,265,59,592,8.25,-56,4,205,-1
100,80,280,59,616,8.25,-41,4,205,-1
85,65,295,59,640,8.25,-26,5,205,-1
70,50,310,253,565,8.87,183,4,205,-1
55,35,325,156,413,9.0,101,4,206,-1
40,20,340,156,440,9.0,116,4,206,-1
25,5,355,156,467,9.0,131,4,206,-1
20,0,360,156,494,9.0,136,3,206,0
20,0,360,156,521,9.0,136,3,206,0
20,0,360,156,548,9.0,136,4,206,0
20,0,360,156,575,9.0,136,4,206,0
20,0,360,156,602,9.0,136,4,206,0
20,0,360,156,629,9.0,136,4,206,0
20,0,360,227,421,7.99,207,3,206,0
20,0,360,227,445,7.99,207,3,206,0
20,0,360,227,469,7.99,207,3,206,0
20,0,360,227,493,7.99,207,4,206,0
20,0,360,227,517,7.99,207,4,206,0
20,0,360,227,541,7.99,207,4,206,0
20,0,360,149,458,8.73,129,4,206,0
20,0,360,149,485,8.73,129,4,206,0
20,0,360,149,512,8.73,129,4,206,0
20,0,360,149,539,8.73,129,5,206,0
20,0,360,149,566,8.73,129,4,206,0
20,0,360,149,593,8.73,129,4,207,0
20,0,360,149,620,8.73,129,4,207,0
20,0,360,149,647,8.73,129,4,207,0
20,0,360,120,436,7.73,100,3,207,0
20,0,360,120,460,7.73,100,3,207,0
20,0,360,120,484,7.73,100,4,207,0
20,0,360,120,508,7.73,100,4,207,0
20,0,360,120,532,7.73,100,4,207,0
20,0,360,120,556,7.73,100,4,207,0
20,0,360,120,580,7.73,100,4,207,0
20,0,360,120,604,7.73,100,4,207,0
20,0,360,120,628,7.73,100,4,207,0
20,0,360,251,556,8.84,231,4,207,0
20,0,360,251,583,8.84,231,4,207,0
20,0,360,251,610,8.84,231,4,207,0
20,0,360,219,453,8.99,199,4,207,0
20,0,360,219,480,8.99,199,3,207,0
20,0,360,219,507,8.99,199,3,207,0
20,0,360,219,534,8.99,199,4,207,0
20,0,360,219,561,8.99,199,4,207,0
20,0,360,219,588,8.99,199,4,208,0
20,0,360,219,615,8.99,199,4,208,0
20,0,360,166,409,8.44,146,4,208,0
20,0,360,166,433,8.44,146,3,208,0
20,0,360,166,457,8.44,146,3,208,0
20,0,360,166,481,8.44,146,4,208,0
20,0,360,166,505,8.44,146,4,208,0
20,0,360,166,529,8.44,146,4,208,0
20,0,360,166,553,8.44,146,4,208,0
20,0,360,166,577,8.44,146,4,208,0
20,0,360,166,601,8.44,146,4,208,0
20,0,360,166,625,8.44,146,4,208,0
20,0,360,166,649,8.44,146,5,208,0
20,0,360,68,358,8.25,48,4,208,0
20,0,360,68,382,8.25,48,4,208,0
20,0,360,68,406,8.25,48,4,208,0
20,0,360,68,430,8.25,48,4,208,0
20,0,360,68,454,8.25,48,4,208,0
20,0,360,68,478,8.25,48,5,208,0
20,0,360,68,502,8.25,48,4,208,0
20,0,360,68,526,8.25,48,4,209,0
20,0,360,68,550,8.25,48,4,209,0
20,0,360,68,574,8.25,48,4,209,0
20,0,360,68,598,8.25,48,4,209,0
20,0,360,68,622,8.25,48,4,209,0
20,0,360,68,646,8.25,48,5,209,0
20,0,360,91,396,8.59,71,4,209,0
20,0,360,91,423,8.59,71,4,209,0
20,0,360,91,450,8.59,71,4,209,0
20,0,360,91,477,8.59,71,3,209,0
20,0,360,91,504,8.59,71,3,209,0
20,0,360,91,531,8.59,71,3,209,0
20,0,360,91,558,8.59,71,4,209,0
20,0,360,91,585,8.59,71,4,209,0
20,0,360,91,612,8.59,71,4,209,0
30,10,350,91,639,8.59,61,4,209,1
45,25,335,40,267,8.33,-5,3,209,1
60,40,320,40,291,8.33,-20,3,209,1
75,55,305,40,315,8.33,-35,4,209,1
90,70,290,40,339,8.33,-50,4,209,1
105,85,275,317,522,8.48,212,4,210,1
120,100,260,317,546,8.48,197,4,210,1
135,115,245,317,570,8.48,182,4,210,1
140,120,240,40,435,8.33,-100,4,210,0
140,120,240,40,459,8.33,-100,4,210,0
140,120,240,40,483,8.33,-100,5,210,0
140,120,240,40,507,8.33,-100,4,210,0
140,120,240,40,531,8.33,-100,4,210,0
140,120,240,40,555,8.33,-100,4,210,0
140,120,240,40,579,8.33,-100,4,210,0
140,120,240,226,499,8.59,86,4,210,0
140,120,240,226,526,8.59,86,4,210,0
140,120,240,226,553,8.59,86,5,210,0
140,120,240,226,580,8.59,86,4,210,0
150,130,230,226,607,8.59,76,4,210,1
165,145,215,226,634,8.59,61,4,210,1
180,160,200,103,428,7.93,-77,3,210,1
195,175,185,103,452,7.93,-92,3,210,1
210,190,170,103,476,7.93,-107,4,210,1
215,195,165,103,500,7.93,-112,4,210,0
215,195,165,103,524,7.93,-112,4,211,0
215,195,165,103,548,7.93,-112,4,211,0
215,195,165,103,572,7.93,-112,4,211,0
200,180,180,103,596,7.93,-97,4,211,-1
185,165,195,301,518,8.91,116,4,211,-1
170,150,210,301,545,8.91,131,5,211,-1
165,145,215,301,572,8.91,136,4,211,0
175,155,205,301,599,8.91,126,4,211,1
190,170,190,301,626,8.91,111,4,211,1
205,185,175,145,420,8.29,-60,3,211,1
220,200,160,145,444,8.29,-75,3,211,1
235,215,145,145,468,8.29,-90,3,211,1
250,230,130,145,492,8.29,-105,4,211,1
265,245,115,145,516,8.29,-120,4,211,1
280,260,100,145,540,8.29,-135,4,211,1
295,275,85,145,564,8.29,-150,4,211,1
310,290,70,145,588,8.29,-165,4,211,1
325,305,55,145,612,8.29,-180,4,211,1
325,305,55,77,536,9.16,-248,5,211,0
325,305,55,77,563,9.16,-248,4,211,0
325,305,55,77,590,9.16,-248,4,212,0
325,305,55,77,617,9.16,-248,4,212,0
325,305,55,153,409,8.2,-172,4,212,0
325,305,55,153,433,8.2,-172,3,212,0
325,305,55,153,457,8.2,-172,3,212,0
325,305,55,153,481,8.2,-172,4,212,0
325,305,55,153,505,8.2,-172,4,212,0
325,305,55,153,529,8.2,-172,4,212,0
325,305,55,153,553,8.2,-172,4,212,0
325,305,55,153,577,8.2,-172,4,212,0
325,305,55,153,601,8.2,-172,4,212,0
325,305,55,153,625,8.2,-172,4,212,0
325,305,55,153,649,8.2,-172,5,212,0
325,305,55,99,517,8.24,-226,4,212,0
325,305,55,99,541,8.24,-226,4,212,0
325,305,55,99,565,8.24,-226,4,212,0
325,305,55,99,589,8.24,-226,4,212,0
325,305,55,99,613,8.24,-226,4,212,0
325,305,55,99,637,8.24,-226,5,212,0
325,305,55,82,501,8.3,-243,4,212,0
325,305,55,82,525,8.3,-243,4,213,0
325,305,55,82,549,8.3,-243,4,213,0
325,305,55,185,463,8.72,-140,4,213,0
325,305,55,185,490,8.72,-140,4,213,0
325,305,55,185,517,8.72,-140,4,213,0
325,305,55,185,544,8.72,-140,5,213,0
325,305,55,185,571,8.72,-140,4,213,0
325,305,55,185,598,8.72,-140,4,213,0
325,305,55,185,625,8.72,-140,4,213,0
325,305,55,185,652,8.72,-140,4,213,0
325,305,55,123,503,8.6,-202,3,213,0
325,305,55,123,530,8.6,-202,3,213,0
325,305,55,123,557,8.6,-202,4,213,0
325,305,55,123,584,8.6,-202,4,213,0
325,305,55,123,611,8.6,-202,4,213,0
325,305,55,190,405,7.84,-135,4,213,0
325,305,55,190,429,7.84,-135,3,213,0
325,305,55,190,453,7.84,-135,3,213,0
325,305,55,190,477,7.84,-135,4,213,0
325,305,55,190,501,7.84,-135,4,213,0
325,305,55,190,525,7.84,-135,4,214,0
325,305,55,190,549,7.84,-135,4,214,0
325,305,55,190,573,7.84,-135,4,214,0
325,305,55,190,597,7.84,-135,4,214,0
325,305,55,190,621,7.84,-135,4,214,0
325,305,55,201,482,7.98,-124,5,214,0
325,305,55,201,506,7.98,-124,4,214,0
325,305,55,201,530,7.98,-124,4,214,0
325,305,55,201,554,7.98,-124,4,214,0
310,290,70,201,578,7.98,-109,4,214,-1
295,275,85,201,602,7.98,-94,4,214,-1
280,260,100,201,626,7.98,-79,4,214,-1
265,245,115,359,490,8.28,94,5,214,-1
250,230,130,359,514,8.28,109,4,214,-1
235,215,145,359,538,8.28,124,4,214,-1
230,210,150,359,562,8.28,129,4,214,0
230,210,150,359,586,8.28,129,4,214,0
230,210,150,86,508,9.31,-144,4,214,0
230,210,150,86,535,9.31,-144,5,214,0
230,210,150,86,562,9.31,-144,4,214,0
230,210,150,86,589,9.31,-144,4,215,0
230,210,150,86,616,9.31,-144,4,215,0
230,210,150,377,462,8.8,147,4,215,0
230,210,150,377,489,8.8,147,3,215,0
230,210,150,377,516,8.8,147,3,215,0
230,210,150,377,543,8.8,147,4,215,0
230,210,150,377,570,8.8,147,4,215,0
230,210,150,377,597,8.8,147,4,215,0
230,210,150,318,445,9.15,88,4,215,0
230,210,150,318,472,9.15,88,4,215,0
230,210,150,318,499,9.15,88,3,215,0
225,205,155,318,526,9.15,93,3,215,-1
210,190,170,318,553,9.15,108,4,215,-1
195,175,185,318,580,9.15,123,4,215,-1
185,165,195,318,607,9.15,133,4,215,0
185,165,195,123,403,8.31,-62,4,215,0
190,170,190,123,427,8.31,-67,3,215,1
205,185,175,123,451,8.31,-82,3,215,1
220,200,160,123,475,8.31,-97,4,215,1
235,215,145,123,499,8.31,-112,4,215,1
250,230,130,123,523,8.31,-127,4,216,1
255,235,125,123,547,8.31,-132,4,216,0
255,235,125,123,571,8.31,-132,4,216,0
255,235,125,123,595,8.31,-132,4,216,0
255,235,125,388,522,8.78,133,4,216,0
255,235,125,388,549,8.78,133,5,216,0
255,235,125,388,576,8.78,133,4,216,0
255,235,125,388,603,8.78,133,4,216,0
255,235,125,388,630,8.78,133,4,216,0
255,235,125,99,472,9.01,-156,3,216,0
255,235,125,99,499,9.01,-156,3,216,0
255,235,125,99,526,9.01,-156,3,216,0
255,235,125,99,553,9.01,-156,4,216,0
255,235,125,99,580,9.01,-156,4,216,0
255,235,125,99,607,9.01,-156,4,216,0
255,235,125,99,634,9.01,-156,4,216,0
255,235,125,378,425,8.37,123,3,216,0
255,235,125,378,449,8.37,123,3,216,0
255,235,125,378,473,8.37,123,4,216,0
255,235,125,378,497,8.37,123,4,216,0
255,235,125,378,521,8.37,123,4,217,0
255,235,125,378,545,8.37,123,4,217,0
250,230,130,378,569,8.37,128,4,217,-1
235,215,145,378,593,8.37,143,4,217,-1
220,200,160,351,462,8.17,131,4,217,-1
205,185,175,351,486,8.17,146,5,217,-1
190,170,190,351,510,8.17,161,4,217,-1
180,160,200,351,534,8.17,171,4,217,0
180,160,200,351,558,8.17,171,4,217,0
180,160,200,89,472,8.89,-91,4,217,0
180,160,200,89,499,8.89,-91,4,217,0
180,160,200,89,526,8.89,-91,4,217,0
185,165,195,89,553,8.89,-96,4,217,1
200,180,180,89,580,8.89,-111,4,217,1
215,195,165,89,607,8.89,-126,4,217,1
230,210,150,89,634,8.89,-141,4,217,1
245,225,135,32,427,8.38,-213,3,217,1
260,240,120,32,451,8.38,-228,3,217,1
265,245,115,32,475,8.38,-233,4,217,0
265,245,115,32,499,8.38,-233,4,217,0
265,245,115,32,523,8.38,-233,4,218,0
265,245,115,32,547,8.38,-233,4,218,0
265,245,115,32,571,8.38,-233,4,218,0
265,245,115,68,495,8.52,-197,4,218,0
265,245,115,68,522,8.52,-197,4,218,0
265,245,115,68,549,8.52,-197,5,218,0
265,245,115,68,576,8.52,-197,4,218,0
265,245,115,68,603,8.52,-197,4,218,0
265,245,115,352,399,8.33,87,4,218,0
250,230,130,352,423,8.33,102,3,218,-1
235,215,145,352,447,8.33,117,3,218,-1
220,200,160,352,471,8.33,132,3,218,-1
205,185,175,207,372,9.35,2,4,218,-1
190,170,190,207,399,9.35,17,4,218,-1
175,155,205,207,426,9.35,32,4,218,-1
160,140,220,207,453,9.35,47,4,218,-1
145,125,235,207,480,9.35,62,4,218,-1
130,110,250,207,507,9.35,77,4,218,-1
115,95,265,207,534,9.35,92,5,218,-1
100,80,280,207,561,9.35,107,4,218,-1
85,65,295,207,588,9.35,122,4,219,-1
75,55,305,207,615,9.35,132,4,219,0
75,55,305,207,642,9.35,132,4,219,0
75,55,305,298,495,8.94,223,3,219,0
75,55,305,298,522,8.94,223,3,219,0
75,55,305,298,549,8.94,223,4,219,0
75,55,305,298,576,8.94,223,4,219,0
75,55,305,298,603,8.94,223,4,219,0
75,55,305,298,630,8.94,223,4,219,0
75,55,305,226,421,8.41,151,3,219,0
75,55,305,226,445,8.41,151,3,219,0
75,55,305,226,469,8.41,151,3,219,0
75,55,305,226,493,8.41,151,4,219,0
75,55,305,226,517,8.41,151,4,219,0
75,55,305,226,541,8.41,151,4,219,0
75,55,305,226,565,8.41,151,4,219,0
75,55,305,226,589,8.41,151,4,219,0
75,55,305,226,613,8.41,151,4,219,0
75,55,305,226,637,8.41,151,5,219,0
75,55,305,324,500,8.49,249,4,219,0
75,55,305,324,524,8.49,249,4,220,0
75,55,305,324,548,8.49,249,4,220,0
75,55,305,324,572,8.49,249,4,220,0
75,55,305,324,596,8.49,249,4,220,0
75,55,305,351,523,9.35,276,4,220,0
75,55,305,351,550,9.35,276,5,220,0
75,55,305,351,577,9.35,276,4,220,0
75,55,305,351,604,9.35,276,4,220,0
75,55,305,351,631,9.35,276,4,220,0
75,55,305,365,423,8.36,290,3,220,0
75,55,305,365,447,8.36,290,3,220,0
75,55,305,365,471,8.36,290,3,220,0
75,55,305,365,495,8.36,290,4,220,0
75,55,305,365,519,8.36,290,4,220,0
75,55,305,365,543,8.36,290,4,220,0
75,55,305,365,567,8.36,290,4,220,0
75,55,305,365,591,8.36,290,4,220,0
75,55,305,365,615,8.36,290,4,220,0
75,55,305,187,314,8.27,112,5,220,0
75,55,305,187,338,8.27,112,4,220,0
75,55,305,187,362,8.27,112,4,221,0
75,55,305,187,386,8.27,112,4,221,0
75,55,305,187,410,8.27,112,4,221,0
75,55,305,187,434,8.27,112,4,221,0
75,55,305,187,458,8.27,112,4,221,0
75,55,305,187,482,8.27,112,5,221,0
75,55,305,187,506,8.27,112,4,221,0
75,55,305,187,530,8.27,112,4,221,0
75,55,305,187,554,8.27,112,4,221,0
75,55,305,187,578,8.27,112,4,221,0
75,55,305,187,602,8.27,112,4,221,0
75,55,305,187,626,8.27,112,4,221,0
75,55,305,187,650,8.27,112,5,221,0
75,55,305,319,586,8.98,244,4,221,0
75,55,305,319,613,8.98,244,4,221,0
85,65,295,47,275,8.98,-38,4,221,1
100,80,280,47,302,8.98,-53,3,221,1
115,95,265,353,512,8.93,238,3,221,1
130,110,250,353,539,8.93,223,4,221,1
145,125,235,353,566,8.93,208,4,221,1
160,140,220,353,593,8.93,193,4,222,1
175,155,205,47,437,8.98,-128,4,222,1
190,170,190,47,464,8.98,-143,4,222,1
200,180,180,47,491,8.98,-153,3,222,0
200,180,180,47,518,8.98,-153,3,222,0
200,180,180,47,545,8.98,-153,4,222,0
195,175,185,47,572,8.98,-148,4,222,-1
180,160,200,47,599,8.98,-133,4,222,-1
165,145,215,47,626,8.98,-118,4,222,-1
150,130,230,284,472,8.72,134,3,222,-1
140,120,240,284,499,8.72,144,3,222,0
140,120,240,284,526,8.72,144,3,222,0
145,125,235,284,553,8.72,139,4,222,1
160,140,220,284,580,8.72,124,4,222,1
175,155,205,284,607,8.72,109,4,222,1
190,170,190,284,634,8.72,94,4,222,1
205,185,175,51,480,9.07,-154,3,222,1
220,200,160,51,507,9.07,-169,3,222,1
225,205,155,51,534,9.07,-174,4,222,0
220,200,160,51,561,9.07,-169,4,222,-1
205,185,175,51,588,9.07,-154,4,223,-1
190,170,190,277,440,9.39,87,4,223,-1
175,155,205,277,467,9.39,102,4,223,-1
160,140,220,277,494,9.39,117,3,223,-1
145,125,235,277,521,9.39,132,3,223,-1
130,110,250,277,548,9.39,147,4,223,-1
115,95,265,277,575,9.39,162,4,223,-1
115,95,265,277,602,9.39,162,4,223,0
115,95,265,277,629,9.39,162,4,223,0
115,95,265,228,419,8.42,113,3,223,0
115,95,265,228,443,8.42,113,3,223,0
115,95,265,228,467,8.42,113,3,223,0
115,95,265,228,491,8.42,113,4,223,0
115,95,265,228,515,8.42,113,4,223,0
115,95,265,228,539,8.42,113,4,223,0
115,95,265,228,563,8.42,113,4,223,0
115,95,265,228,587,8.42,113,4,223,0
115,95,265,228,611,8.42,113,4,223,0
115,95,265,215,473,8.39,100,5,223,0
115,95,265,215,497,8.39,100,4,223,0
115,95,265,215,521,8.39,100,4,224,0
115,95,265,215,545,8.39,100,4,224,0
115,95,265,215,569,8.39,100,4,224,0
125,105,255,71,494,9.0,-54,4,224,1
140,120,240,71,521,9.0,-69,4,224,1
155,135,225,71,548,9.0,-84,5,224,1
170,150,210,71,575,9.0,-99,4,224,1
185,165,195,175,420,8.64,-10,4,224,1
200,180,180,175,447,8.64,-25,4,224,1
215,195,165,175,474,8.64,-40,3,224,1
230,210,150,175,501,8.64,-55,3,224,1
245,225,135,175,528,8.64,-70,3,224,1
260,240,120,175,555,8.64,-85,4,224,1
275,255,105,175,582,8.64,-100,4,224,1
285,265,95,175,609,8.64,-110,4,224,0
285,265,95,175,636,8.64,-110,4,224,0
285,265,95,99,483,9.02,-186,3,224,0
285,265,95,99,510,9.02,-186,3,224,0
275,255,105,99,537,9.02,-176,4,224,-1
260,240,120,99,564,9.02,-161,4,224,-1
245,225,135,99,591,9.02,-146,4,225,-1
230,210,150,99,618,9.02,-131,4,225,-1
215,195,165,99,645,9.02,-116,4,225,-1
200,180,180,359,493,9.39,159,3,225,-1
185,165,195,359,520,9.39,174,3,225,-1
170,150,210,359,547,9.39,189,4,225,-1
155,135,225,359,574,9.39,204,4,225,-1
155,135,225,359,601,9.39,204,4,225,0
155,135,225,359,628,9.39,204,4,225,0
165,145,215,161,294,9.06,-4,3,225,1
180,160,200,378,501,9.39,198,3,225,1
195,175,185,378,528,9.39,183,3,225,1
210,190,170,378,555,9.39,168,4,225,1
225,205,155,378,582,9.39,153,4,225,1
240,220,140,378,609,9.39,138,4,225,1
255,235,125,161,456,9.06,-94,4,225,1
270,250,110,161,483,9.06,-109,3,225,1
285,265,95,161,510,9.06,-124,3,225,1
295,275,85,161,537,9.06,-134,4,225,0
290,270,90,161,564,9.06,-129,4,225,-1
275,255,105,161,591,9.06,-114,4,226,-1
260,240,120,161,618,9.06,-99,4,226,-1
245,225,135,321,464,9.04,76,4,226,-1
230,210,150,321,491,9.04,91,3,226,-1
215,195,165,321,518,9.04,106,3,226,-1
205,185,175,321,545,9.04,116,4,226,0
205,185,175,321,572,9.04,116,4,226,0
220,200,160,321,599,9.04,101,4,226,1
235,215,145,321,626,9.04,86,4,226,1
250,230,130,143,423,8.41,-107,3,226,1
265,245,115,143,447,8.41,-122,3,226,1
280,260,100,143,471,8.41,-137,3,226,1
295,275,85,143,495,8.41,-152,4,226,1
310,290,70,143,519,8.41,-167,4,226,1
325,305,55,143,543,8.41,-182,4,226,1
325,305,55,143,567,8.41,-182,4,226,0
325,305,55,143,591,8.41,-182,4,226,0
325,305,55,143,615,8.41,-182,4,226,0
325,305,55,328,317,8.43,3,5,226,0
310,290,70,328,341,8.43,18,4,226,-1
295,275,85,328,365,8.43,33,4,227,-1
280,260,100,84,547,8.31,-196,4,227,-1
265,245,115,328,413,8.43,63,4,227,-1
250,230,130,328,437,8.43,78,4,227,-1
235,215,145,328,461,8.43,93,4,227,-1
220,200,160,328,485,8.43,108,5,227,-1
205,185,175,328,509,8.43,123,4,227,-1
190,170,190,328,533,8.43,138,4,227,-1
185,165,195,328,557,8.43,143,4,227,0
185,165,195,328,581,8.43,143,4,227,0
185,165,195,67,503,9.39,-118,4,227,0
185,165,195,67,530,9.39,-118,4,227,0
185,165,195,67,557,9.39,-118,4,227,0
185,165,195,67,584,9.39,-118,4,227,0
185,165,195,67,611,9.39,-118,4,227,0
170,150,210,67,638,9.39,-103,4,227,-1
155,135,225,268,425,8.43,113,3,227,-1
140,120,240,268,449,8.43,128,3,227,-1
125,105,255,268,473,8.43,143,4,227,-1
120,100,260,268,497,8.43,148,4,227,0
120,100,260,268,521,8.43,148,4,228,0
120,100,260,268,545,8.43,148,4,228,0
120,100,260,46,467,8.99,-74,4,228,0
130,110,250,46,494,8.99,-84,4,228,1
145,125,235,46,521,8.99,-99,4,228,1
160,140,220,46,548,8.99,-114,5,228,1
175,155,205,46,575,8.99,-129,4,228,1
190,170,190,46,602,8.99,-144,4,228,1
200,180,180,313,501,9.55,113,4,228,0
200,180,180,313,531,9.55,113,3,228,0
200,180,180,313,561,9.55,113,3,228,0
200,180,180,313,591,9.55,113,3,228,0
200,180,180,313,621,9.55,113,4,228,0
200,180,180,327,399,9.05,127,3,228,0
200,180,180,327,426,9.05,127,3,228,0
200,180,180,327,453,9.05,127,3,228,0
200,180,180,327,480,9.05,127,3,228,0
190,170,190,327,507,9.05,137,3,228,-1
175,155,205,327,534,9.05,152,4,228,-1
160,140,220,327,561,9.05,167,4,228,-1
145,125,235,327,588,9.05,182,4,229,-1
130,110,250,327,615,9.05,197,4,229,-1
130,110,250,287,465,9.33,157,4,229,0
130,110,250,287,492,9.33,157,3,229,0
130,110,250,287,519,9.33,157,3,229,0
130,110,250,287,546,9.33,157,4,229,0
130,110,250,66,442,9.64,-64,4,229,0
140,120,240,66,472,9.64,-74,4,229,1
155,135,225,66,502,9.64,-89,4,229,1
170,150,210,66,532,9.64,-104,3,229,1
185,165,195,66,562,9.64,-119,3,229,1
200,180,180,66,592,9.64,-134,3,229,1
215,195,165,66,622,9.64,-149,4,229,1
225,205,155,342,450,9.69,117,3,229,0
225,205,155,342,480,9.69,117,3,229,0
215,195,165,342,510,9.69,127,3,229,-1
200,180,180,342,540,9.69,142,3,229,-1
185,165,195,342,570,9.69,157,3,229,-1
170,150,210,342,600,9.69,172,4,229,-1
175,155,205,157,339,8.45,-18,4,229,1
190,170,190,157,363,8.45,-33,3,230,1
205,185,175,157,387,8.45,-48,3,230,1
220,200,160,157,411,8.45,-63,3,230,1
235,215,145,157,435,8.45,-78,3,230,1
250,230,130,157,459,8.45,-93,3,230,1
265,245,115,157,483,8.45,-108,4,230,1
280,260,100,157,507,8.45,-123,4,230,1
295,275,85,157,531,8.45,-138,4,230,1
310,290,70,157,555,8.45,-153,4,230,1
325,305,55,157,579,8.45,-168,4,230,1
340,320,40,157,603,8.45,-183,4,230,1
350,330,30,157,627,8.45,-193,4,230,0
350,330,30,157,651,8.45,-193,5,230,0
350,330,30,89,515,8.3,-261,4,230,0
350,330,30,89,539,8.3,-261,4,230,0
350,330,30,89,563,8.3,-261,4,230,0
350,330,30,89,587,8.3,-261,4,230,0
350,330,30,83,510,8.93,-267,4,230,0
350,330,30,83,537,8.93,-267,5,230,0
350,330,30,83,564,8.93,-267,4,230,0
350,330,30,83,591,8.93,-267,4,231,0
350,330,30,208,387,8.3,-142,4,231,0
350,330,30,208,411,8.3,-142,4,231,0
350,330,30,208,435,8.3,-142,3,231,0
350,330,30,208,459,8.3,-142,3,231,0
350,330,30,208,483,8.3,-142,4,231,0
350,330,30,208,507,8.3,-142,4,231,0
350,330,30,208,531,8.3,-142,4,231,0
350,330,30,208,555,8.3,-142,4,231,0
350,330,30,208,579,8.3,-142,4,231,0
350,330,30,208,603,8.3,-142,4,231,0
350,330,30,236,470,8.34,-114,4,231,0
350,330,30,236,494,8.34,-114,5,231,0
350,330,30,236,518,8.34,-114,4,231,0
350,330,30,236,542,8.34,-114,4,231,0
350,330,30,236,566,8.34,-114,4,231,0
350,330,30,236,590,8.34,-114,4,231,0
345,325,35,236,614,8.34,-109,4,231,-1
330,310,50,236,638,8.34,-94,5,231,-1
315,295,65,71,500,8.3,-244,4,231,-1
300,280,80,71,524,8.3,-229,4,232,-1
285,265,95,71,548,8.3,-214,4,232,-1
270,250,110,71,572,8.3,-199,4,232,-1
255,235,125,71,596,8.3,-184,4,232,-1
240,220,140,304,381,9.72,64,4,232,-1
225,205,155,304,411,9.72,79,5,232,-1
210,190,170,47,511,8.44,-163,4,232,-1
195,175,185,47,535,8.44,-148,4,232,-1
180,160,200,47,559,8.44,-133,4,232,-1
165,145,215,47,583,8.44,-118,4,232,-1
150,130,230,47,607,8.44,-103,4,232,-1
150,130,230,47,631,8.44,-103,4,232,0
150,130,230,304,621,9.72,154,4,232,0
150,130,230,72,400,9.47,-78,3,232,0
150,130,230,72,427,9.47,-78,3,232,0
150,130,230,72,454,9.47,-78,3,232,0
150,130,230,72,481,9.47,-78,3,232,0
150,130,230,72,508,9.47,-78,3,232,0
150,130,230,72,535,9.47,-78,4,232,0
150,130,230,72,562,9.47,-78,4,232,0
150,130,230,72,589,9.47,-78,4,233,0
150,130,230,72,616,9.47,-78,4,233,0
150,130,230,30,522,9.58,-120,4,233,0
150,130,230,30,552,9.58,-120,3,233,0
150,130,230,30,582,9.58,-120,3,233,0
150,130,230,30,612,9.58,-120,4,233,0
150,130,230,30,642,9.58,-120,4,233,0
150,130,230,39,422,9.07,-111,3,233,0
150,130,230,39,449,9.07,-111,3,233,0
150,130,230,39,476,9.07,-111,3,233,0
150,130,230,39,503,9.07,-111,3,233,0
150,130,230,39,530,9.07,-111,3,233,0
150,130,230,39,557,9.07,-111,4,233,0
150,130,230,39,584,9.07,-111,4,233,0
150,130,230,39,611,9.07,-111,4,233,0
150,130,230,39,638,9.07,-111,4,233,0
150,130,230,355,482,8.71,205,3,233,0
150,130,230,355,509,8.71,205,3,233,0
150,130,230,355,536,8.71,205,4,233,0
150,130,230,355,563,8.71,205,4,233,0
150,130,230,355,590,8.71,205,4,234,0
150,130,230,342,485,9.68,192,4,234,0
150,130,230,342,515,9.68,192,4,234,0
150,130,230,342,545,9.68,192,3,234,0
150,130,230,342,575,9.68,192,3,234,0
140,120,240,204,367,9.48,64,4,234,-1
125,105,255,204,394,9.48,79,4,234,-1
110,90,270,204,421,9.48,94,3,234,-1
95,75,285,204,448,9.48,109,3,234,-1
95,75,285,204,475,9.48,109,3,234,0
95,75,285,204,502,9.48,109,3,234,0
95,75,285,204,529,9.48,109,3,234,0
95,75,285,204,556,9.48,109,4,234,0
95,75,285,204,583,9.48,109,4,234,0
95,75,285,204,610,9.48,109,4,234,0
95,75,285,56,401,8.38,-39,4,234,0
95,75,285,56,425,8.38,-39,3,234,0
95,75,285,56,449,8.38,-39,3,234,0
105,85,275,56,473,8.38,-49,4,234,1
120,100,260,56,497,8.38,-64,4,234,1
135,115,245,56,521,8.38,-79,4,235,1
140,120,240,56,545,8.38,-84,4,235,0
140,120,240,56,569,8.38,-84,4,235,0
140,120,240,253,545,9.75,113,4,235,0
140,120,240,253,575,9.75,113,4,235,0
140,120,240,253,605,9.75,113,5,235,0
140,120,240,253,635,9.75,113,4,235,0
140,120,240,30,424,9.14,-110,3,235,0
140,120,240,30,451,9.14,-110,3,235,0
140,120,240,30,478,9.14,-110,3,235,0
140,120,240,30,505,9.14,-110,3,235,0
140,120,240,30,532,9.14,-110,3,235,0
140,120,240,30,559,9.14,-110,4,235,0
140,120,240,30,586,9.14,-110,4,235,0
140,120,240,30,613,9.14,-110,4,235,0
140,120,240,30,640,9.14,-110,4,235,0
140,120,240,264,485,8.75,124,3,235,0
140,120,240,264,512,8.75,124,3,235,0
140,120,240,264,539,8.75,124,4,235,0
140,120,240,264,566,8.75,124,4,235,0
140,120,240,264,593,8.75,124,4,236,0
140,120,240,58,490,9.75,-82,4,236,0
140,120,240,58,520,9.75,-82,4,236,0
140,120,240,58,550,9.75,-82,3,236,0
140,120,240,58,580,9.75,-82,3,236,0
140,120,240,58,610,9.75,-82,4,236,0
140,120,240,58,640,9.75,-82,4,236,0
155,135,225,80,422,9.31,-75,3,236,1
170,150,210,80,449,9.31,-90,3,236,1
185,165,195,80,476,9.31,-105,3,236,1
200,180,180,80,503,9.31,-120,3,236,1
215,195,165,80,530,9.31,-135,3,236,1
230,210,150,80,557,9.31,-150,4,236,1
245,225,135,80,584,9.31,-165,4,236,1
245,225,135,80,611,9.31,-165,4,236,0
245,225,135,111,456,8.82,-134,4,236,0
245,225,135,111,483,8.82,-134,3,236,0
245,225,135,111,510,8.82,-134,3,236,0
245,225,135,111,537,8.82,-134,4,236,0
245,225,135,111,564,8.82,-134,4,236,0
245,225,135,111,591,8.82,-134,4,237,0
245,225,135,319,441,9.47,74,4,237,0
245,225,135,319,468,9.47,74,4,237,0
245,225,135,319,495,9.47,74,3,237,0
245,225,135,319,522,9.47,74,3,237,0
245,225,135,319,549,9.47,74,4,237,0
245,225,135,319,576,9.47,74,4,237,0
245,225,135,319,603,9.47,74,4,237,0
245,225,135,319,630,9.47,74,4,237,0
245,225,135,101,472,8.9,-144,3,237,0
245,225,135,101,499,8.9,-144,3,237,0
245,225,135,101,526,8.9,-144,3,237,0
245,225,135,101,553,8.9,-144,4,237,0
245,225,135,101,580,8.9,-144,4,237,0
245,225,135,101,607,8.9,-144,4,237,0
245,225,135,101,634,8.9,-144,4,237,0
245,225,135,45,484,8.74,-200,3,237,0
245,225,135,45,511,8.74,-200,3,237,0
245,225,135,45,538,8.74,-200,4,237,0
245,225,135,45,565,8.74,-200,4,237,0
245,225,135,45,592,8.74,-200,4,238,0
245,225,135,127,438,8.9,-118,4,238,0
245,225,135,127,465,8.9,-118,4,238,0
245,225,135,127,492,8.9,-118,3,238,0
245,225,135,127,519,8.9,-118,3,238,0
260,240,120,127,546,8.9,-133,4,238,1
275,255,105,127,573,8.9,-148,4,238,1
290,270,90,196,467,9.82,-94,4,238,1
305,285,75,196,497,9.82,-109,4,238,1
305,285,75,196,527,9.82,-109,3,238,0
305,285,75,196,557,9.82,-109,3,238,0
305,285,75,196,587,9.82,-109,3,238,0
305,285,75,196,617,9.82,-109,4,238,0
305,285,75,343,403,8.93,38,4,238,0
290,270,90,343,430,8.93,53,3,238,-1
275,255,105,343,457,8.93,68,3,238,-1
260,240,120,343,484,8.93,83,3,238,-1
245,225,135,343,511,8.93,98,3,238,-1
230,210,150,343,538,8.93,113,4,238,-1
220,200,160,343,565,8.93,123,4,238,0
220,200,160,343,592,8.93,123,4,239,0
220,200,160,343,619,8.93,123,4,239,0
220,200,160,129,468,8.78,-91,4,239,0
220,200,160,129,495,8.78,-91,3,239,0
220,200,160,129,522,8.78,-91,3,239,0
220,200,160,129,549,8.78,-91,4,239,0
215,195,165,129,576,8.78,-86,4,239,-1
200,180,180,129,603,8.78,-71,4,239,-1
185,165,195,129,630,8.78,-56,4,239,-1
170,150,210,278,526,9.85,108,3,239,-1
155,135,225,278,556,9.85,123,3,239,-1
140,120,240,278,586,9.85,138,3,239,-1
125,105,255,176,421,9.91,51,4,239,-1
110,90,270,176,451,9.91,66,4,239,-1
95,75,285,176,481,9.91,81,3,239,-1
80,60,300,176,511,9.91,96,3,239,-1
65,45,315,176,541,9.91,111,3,239,-1
50,30,330,176,571,9.91,126,3,239,-1
35,15,345,176,601,9.91,141,4,239,-1
20,0,360,176,631,9.91,156,4,239,-1
20,0,360,108,414,8.55,88,3,240,-1
20,0,360,108,441,8.55,88,3,240,-1
20,0,360,108,468,8.55,88,3,240,0
20,0,360,108,495,8.55,88,3,240,0
20,0,360,108,522,8.55,88,3,240,0
20,0,360,108,549,8.55,88,4,240,0
20,0,360,108,576,8.55,88,4,240,0
20,0,360,108,603,8.55,88,4,240,0
20,0,360,108,630,8.55,88,4,240,0
20,0,360,330,531,9.54,310,3,240,0
20,0,360,330,561,9.54,310,3,240,0
20,0,360,330,591,9.54,310,3,240,0
20,0,360,36,199,9.05,16,4,240,0
20,0,360,36,226,9.05,16,3,240,0
25,5,355,36,253,9.05,11,3,240,1
40,20,340,36,280,9.05,-4,3,240,1
55,35,325,247,481,8.94,192,3,240,1
70,50,310,247,508,8.94,177,3,240,1
85,65,295,247,535,8.94,162,4,240,1
100,80,280,247,562,8.94,147,4,240,1
115,95,265,247,589,8.94,132,4,241,1
130,110,250,247,616,8.94,117,4,241,1
145,125,235,36,469,9.05,-109,4,241,1
160,140,220,36,496,9.05,-124,3,241,1
175,155,205,36,523,9.05,-139,3,241,1
190,170,190,36,550,9.05,-154,4,241,1
205,185,175,36,577,9.05,-169,4,241,1
220,200,160,36,604,9.05,-184,4,241,1
235,215,145,29,500,9.57,-206,4,241,1
240,220,140,29,530,9.57,-211,3,241,0
240,220,140,29,560,9.57,-211,3,241,0
240,220,140,29,590,9.57,-211,3,241,0
240,220,140,29,620,9.57,-211,4,241,0
240,220,140,350,403,8.82,110,3,241,0
240,220,140,350,430,8.82,110,3,241,0
240,220,140,350,457,8.82,110,3,241,0
240,220,140,350,484,8.82,110,3,241,0
240,220,140,350,511,8.82,110,3,241,0
240,220,140,350,538,8.82,110,4,241,0
240,220,140,350,565,8.82,110,4,241,0
240,220,140,350,592,8.82,110,4,242,0
240,220,140,350,619,8.82,110,4,242,0
240,220,140,157,469,9.45,-83,4,242,0
240,220,140,157,496,9.45,-83,3,242,0
240,220,140,157,523,9.45,-83,3,242,0
240,220,140,157,550,9.45,-83,4,242,0
240,220,140,157,577,9.45,-83,4,242,0
240,220,140,157,604,9.45,-83,4,242,0
240,220,140,157,631,9.45,-83,4,242,0
240,220,140,354,528,9.87,114,3,242,0
240,220,140,354,558,9.87,114,3,242,0
240,220,140,354,588,9.87,114,3,242,0
240,220,140,354,618,9.87,114,4,242,0
230,210,150,354,648,9.87,124,4,242,-1
215,195,165,330,428,8.53,115,3,242,-1
200,180,180,330,455,8.53,130,3,242,-1
185,165,195,330,482,8.53,145,3,242,-1
170,150,210,330,509,8.53,160,3,242,-1
155,135,225,330,536,8.53,175,4,242,-1
140,120,240,330,563,8.53,190,4,242,-1
125,105,255,330,590,8.53,205,4,243,-1
120,100,260,251,435,9.21,131,4,243,0
120,100,260,251,462,9.21,131,4,243,0
120,100,260,251,489,9.21,131,3,243,0
120,100,260,251,516,9.21,131,3,243,0
120,100,260,251,543,9.21,131,4,243,0
120,100,260,251,570,9.21,131,4,243,0
120,100,260,251,597,9.21,131,4,243,0
135,115,245,251,624,9.21,116,4,243,1
150,130,230,43,477,9.22,-107,4,243,1
165,145,215,43,504,9.22,-122,3,243,1
180,160,200,43,531,9.22,-137,3,243,1
195,175,185,43,558,9.22,-152,4,243,1
210,190,170,43,585,9.22,-167,4,243,1
225,205,155,141,427,8.67,-84,4,243,1
240,220,140,141,454,8.67,-99,4,243,1
255,235,125,141,481,8.67,-114,3,243,1
270,250,110,141,508,8.67,-129,3,243,1
285,265,95,141,535,8.67,-144,4,243,1
300,280,80,141,562,8.67,-159,4,243,1
315,295,65,141,589,8.67,-174,4,244,1
330,310,50,141,616,8.67,-189,4,244,1
330,310,50,141,643,8.67,-189,4,244,0
330,310,50,74,491,9.23,-256,3,244,0
330,310,50,74,518,9.23,-256,3,244,0
330,310,50,74,545,9.23,-256,4,244,0
330,310,50,74,572,9.23,-256,4,244,0
330,310,50,74,599,9.23,-256,4,244,0
330,310,50,74,626,9.23,-256,4,244,0
330,310,50,73,475,9.11,-257,3,244,0
330,310,50,73,502,9.11,-257,3,244,0
330,310,50,73,529,9.11,-257,3,244,0
330,310,50,73,556,9.11,-257,4,244,0
320,300,60,73,583,9.11,-247,4,244,-1
305,285,75,73,610,9.11,-232,4,244,-1
290,270,90,271,305,9.89,-19,4,244,-1
275,255,105,271,335,9.89,-4,3,244,-1
260,240,120,271,365,9.89,11,3,244,-1
245,225,135,271,395,9.89,26,4,244,-1
230,210,150,271,425,9.89,41,4,244,-1
215,195,165,271,455,9.89,56,4,245,-1
200,180,180,271,485,9.89,71,4,245,-1
185,165,195,271,515,9.89,86,4,245,-1
170,150,210,271,545,9.89,101,3,245,-1
175,155,205,271,575,9.89,96,3,245,1
190,170,190,271,605,9.89,81,4,245,1
205,185,175,271,635,9.89,66,4,245,1
220,200,160,149,469,9.84,-71,3,245,1
235,215,145,149,499,9.84,-86,3,245,1
250,230,130,149,529,9.84,-101,3,245,1
265,245,115,149,559,9.84,-116,3,245,1
280,260,100,149,589,9.84,-131,3,245,1
295,275,85,149,619,9.84,-146,4,245,1
310,290,70,149,649,9.84,-161,4,245,1
310,290,70,68,433,9.33,-242,3,245,0
310,290,70,68,460,9.33,-242,3,245,0
310,290,70,68,487,9.33,-242,3,245,0
310,290,70,68,514,9.33,-242,3,245,0
310,290,70,68,541,9.33,-242,4,245,0
310,290,70,68,568,9.33,-242,4,245,0
310,290,70,68,595,9.33,-242,4,246,0
310,290,70,136,437,9.29,-174,4,246,0
310,290,70,136,464,9.29,-174,3,246,0
310,290,70,136,491,9.29,-174,3,246,0
310,290,70,136,518,9.29,-174,3,246,0
310,290,70,136,545,9.29,-174,4,246,0
310,290,70,136,572,9.29,-174,4,246,0
310,290,70,136,599,9.29,-174,4,246,0
300,280,80,136,626,9.29,-164,4,246,-1
285,265,95,112,525,9.67,-173,3,246,-1
270,250,110,112,555,9.67,-158,3,246,-1
255,235,125,112,585,9.67,-143,3,246,-1
240,220,140,112,615,9.67,-128,4,246,-1
225,205,155,112,645,9.67,-113,4,246,-1
210,190,170,354,429,9.07,144,3,246,-1
195,175,185,354,456,9.07,159,3,246,-1
185,165,195,354,483,9.07,169,3,246,0
185,165,195,354,510,9.07,169,3,246,0
185,165,195,354,537,9.07,169,4,246,0
200,180,180,354,564,9.07,154,4,246,1
215,195,165,354,591,9.07,139,4,247,1
230,210,150,169,435,8.74,-61,4,247,1
245,225,135,169,462,8.74,-76,4,247,1
260,240,120,169,489,8.74,-91,3,247,1
275,255,105,169,516,8.74,-106,3,247,1
290,270,90,169,543,8.74,-121,4,247,1
295,275,85,169,570,8.74,-126,4,247,0
295,275,85,169,597,8.74,-126,4,247,0
295,275,85,169,624,8.74,-126,4,247,0
280,260,100,108,531,10.04,-172,4,247,-1
265,245,115,108,561,10.04,-157,3,247,-1
250,230,130,108,591,10.04,-142,3,247,-1
235,215,145,108,621,10.04,-127,4,247,-1
220,200,160,294,406,8.77,74,3,247,-1
205,185,175,294,433,8.77,89,3,247,-1
190,170,190,294,460,8.77,104,3,247,-1
175,155,205,294,487,8.77,119,3,247,-1
160,140,220,294,514,8.77,134,3,247,-1
145,125,235,294,541,8.77,149,4,247,-1
130,110,250,294,568,8.77,164,4,247,-1
115,95,265,294,595,8.77,179,4,248,-1
115,95,265,294,622,8.77,179,4,248,0
115,95,265,128,315,9.53,13,3,248,0
115,95,265,128,345,9.53,13,3,248,0
120,100,260,128,375,9.53,8,3,248,1
135,115,245,128,405,9.53,-7,4,248,1
150,130,230,128,435,9.53,-22,4,248,1
165,145,215,128,465,9.53,-37,4,248,1
180,160,200,128,495,9.53,-52,4,248,1
195,175,185,128,525,9.53,-67,4,248,1
210,190,170,128,555,9.53,-82,3,248,1
225,205,155,128,585,9.53,-97,3,248,1
240,220,140,128,615,9.53,-112,4,248,1
240,220,140,341,450,9.96,101,4,248,0
240,220,140,341,480,9.96,101,3,248,0
240,220,140,341,510,9.96,101,3,248,0
240,220,140,341,540,9.96,101,3,248,0
240,220,140,341,570,9.96,101,3,248,0
225,205,155,341,600,9.96,116,4,248,-1
210,190,170,137,425,9.76,-73,4,248,-1
200,180,180,137,455,9.76,-63,3,249,0
210,190,170,137,485,9.76,-73,3,249,1
225,205,155,137,515,9.76,-88,3,249,1
240,220,140,137,545,9.76,-103,3,249,1
255,235,125,137,575,9.76,-118,3,249,1
260,240,120,137,605,9.76,-123,4,249,0
260,240,120,301,393,9.45,41,4,249,0
260,240,120,301,420,9.45,41,3,249,0
245,225,135,301,447,9.45,56,3,249,-1
230,210,150,301,474,9.45,71,3,249,-1
215,195,165,301,501,9.45,86,3,249,-1
205,185,175,301,528,9.45,96,3,249,0
205,185,175,301,555,9.45,96,4,249,0
210,190,170,301,582,9.45,91,4,249,1
225,205,155,301,609,9.45,76,4,249,1
240,220,140,301,636,9.45,61,4,249,1
255,235,125,122,536,9.91,-133,3,249,1
270,250,110,122,566,9.91,-148,3,249,1
285,265,95,122,596,9.91,-163,4,249,1
300,280,80,122,626,9.91,-178,4,249,1
315,295,65,128,410,8.92,-187,3,250,1
320,300,60,128,437,8.92,-192,3,250,0
320,300,60,128,464,8.92,-192,3,250,0
320,300,60,128,491,8.92,-192,3,250,0
320,300,60,128,518,8.92,-192,3,250,0
320,300,60,128,545,8.92,-192,4,250,0
320,300,60,128,572,8.92,-192,4,250,0
320,300,60,197,470,10.2,-123,4,250,0
320,300,60,197,500,10.2,-123,4,250,0
320,300,60,197,530,10.2,-123,3,250,0
320,300,60,197,560,10.2,-123,3,250,0
320,300,60,197,590,10.2,-123,3,250,0
320,300,60,197,620,10.2,-123,4,250,0
320,300,60,170,445,9.9,-150,3,250,0
320,300,60,170,475,9.9,-150,3,250,0
320,300,60,170,505,9.9,-150,3,250,0
320,300,60,170,535,9.9,-150,3,250,0
320,300,60,170,565,9.9,-150,3,250,0
305,285,75,318,397,9.78,13,4,250,-1
290,270,90,318,427,9.78,28,4,250,-1
275,255,105,318,457,9.78,43,3,251,-1
260,240,120,318,487,9.78,58,3,251,-1
245,225,135,318,517,9.78,73,3,251,-1
230,210,150,318,547,9.78,88,3,251,-1
215,195,165,318,577,9.78,103,3,251,-1
200,180,180,318,607,9.78,118,4,251,-1
185,165,195,255,435,9.77,70,4,251,-1
170,150,210,255,465,9.77,85,3,251,-1
155,135,225,255,495,9.77,100,3,251,-1
140,120,240,255,525,9.77,115,3,251,-1
125,105,255,255,555,9.77,130,3,251,-1
110,90,270,255,585,9.77,145,3,251,-1
105,85,275,255,615,9.77,150,4,251,0
105,85,275,255,645,9.77,150,4,251,0
105,85,275,275,433,9.07,170,3,251,0
105,85,275,275,460,9.07,170,3,251,0
105,85,275,275,487,9.07,170,3,251,0
105,85,275,275,514,9.07,170,3,251,0
105,85,275,275,541,9.07,170,4,251,0
105,85,275,275,568,9.07,170,4,251,0
105,85,275,275,595,9.07,170,4,252,0
105,85,275,236,488,10.21,131,4,252,0
105,85,275,236,518,10.21,131,3,252,0
105,85,275,236,548,10.21,131,3,252,0
105,85,275,236,578,10.21,131,3,252,0
105,85,275,236,608,10.21,131,4,252,0
115,95,265,236,638,10.21,121,4,252,1
130,110,250,47,417,8.84,-83,3,252,1
145,125,235,47,444,8.84,-98,3,252,1
160,140,220,47,471,8.84,-113,3,252,1
175,155,205,47,498,8.84,-128,3,252,1
190,170,190,47,525,8.84,-143,3,252,1
205,185,175,47,552,8.84,-158,4,252,1
220,200,160,155,451,9.74,-65,4,252,1
235,215,145,155,481,9.74,-80,4,252,1
250,230,130,155,511,9.74,-95,4,252,1
265,245,115,155,541,9.74,-110,3,252,1
280,260,100,155,571,9.74,-125,3,252,1
295,275,85,155,601,9.74,-140,4,252,1
295,275,85,155,631,9.74,-140,4,252,0
295,275,85,180,414,8.99,-115,3,253,0
295,275,85,180,441,8.99,-115,3,253,0
295,275,85,180,468,8.99,-115,3,253,0
295,275,85,180,495,8.99,-115,3,253,0
295,275,85,180,522,8.99,-115,3,253,0
295,275,85,180,549,8.99,-115,4,253,0
295,275,85,180,576,8.99,-115,4,253,0
295,275,85,180,603,8.99,-115,4,253,0
295,275,85,180,630,8.99,-115,4,253,0
295,275,85,122,529,10.04,-173,3,253,0
295,275,85,122,559,10.04,-173,3,253,0
295,275,85,122,589,10.04,-173,3,253,0
295,275,85,190,422,10.29,-105,4,253,0
295,275,85,190,452,10.29,-105,4,253,0
295,275,85,190,482,10.29,-105,3,253,0
295,275,85,190,512,10.29,-105,3,253,0
295,275,85,190,542,10.29,-105,3,253,0
295,275,85,190,572,10.29,-105,3,253,0
285,265,95,190,602,10.29,-95,4,253,-1
270,250,110,190,632,10.29,-80,4,253,-1
255,235,125,56,459,9.8,-199,3,254,-1
240,220,140,56,489,9.8,-184,3,254,-1
225,205,155,56,519,9.8,-169,3,254,-1
210,190,170,56,549,9.8,-154,3,254,-1
195,175,185,56,579,9.8,-139,3,254,-1
180,160,200,56,609,9.8,-124,4,254,-1
165,145,215,231,439,9.56,66,4,254,-1
150,130,230,231,469,9.56,81,3,254,-1
135,115,245,231,499,9.56,96,3,254,-1
120,100,260,231,529,9.56,111,3,254,-1
105,85,275,231,559,9.56,126,3,254,-1
90,70,290,231,589,9.56,141,3,254,-1
75,55,305,231,619,9.56,156,4,254,-1
70,50,310,178,399,8.91,108,4,254,0
70,50,310,178,426,8.91,108,3,254,0
70,50,310,178,453,8.91,108,3,254,0
70,50,310,178,480,8.91,108,3,254,0
70,50,310,178,507,8.91,108,3,254,0
70,50,310,178,534,8.91,108,4,254,0
70,50,310,178,561,8.91,108,4,254,0
70,50,310,178,588,8.91,108,4,255,0
70,50,310,149,491,9.86,79,4,255,0
70,50,310,149,521,9.86,79,4,255,0
70,50,310,149,551,9.86,79,3,255,0
70,50,310,149,581,9.86,79,3,255,0
70,50,310,149,611,9.86,79,4,255,0
70,50,310,149,641,9.86,79,4,255,0
70,50,310,379,465,9.77,309,3,255,0
70,50,310,379,495,9.77,309,3,255,0
70,50,310,379,525,9.77,309,3,255,0
85,65,295,379,555,9.77,294,3,255,1
100,80,280,379,585,9.77,279,3,255,1
115,95,265,379,615,9.77,264,4,255,1
130,110,250,323,446,10.33,193,4,255,1
145,125,235,323,476,10.33,178,3,255,1
160,140,220,323,506,10.33,163,3,255,1
175,155,205,323,536,10.33,148,3,255,1
190,170,190,323,566,10.33,133,3,255,1
205,185,175,323,596,10.33,118,4,255,1
220,200,160,323,626,10.33,103,4,255,1
235,215,145,143,414,8.95,-92,3,256,1
250,230,130,143,441,8.95,-107,3,256,1
265,245,115,143,468,8.95,-122,3,256,1
265,245,115,143,495,8.95,-122,3,256,0
265,245,115,143,522,8.95,-122,3,256,0
265,245,115,143,549,8.95,-122,4,256,0
265,245,115,143,576,8.95,-122,4,256,0
265,245,115,143,603,8.95,-122,4,256,0
265,245,115,363,497,9.63,98,4,256,0
265,245,115,363,527,9.63,98,3,256,0
265,245,115,363,557,9.63,98,3,256,0
265,245,115,363,587,9.63,98,3,256,0
265,245,115,363,617,9.63,98,4,256,0
265,245,115,363,647,9.63,98,4,256,0
265,245,115,19,427,9.5,-246,3,256,0
265,245,115,19,454,9.5,-246,3,256,0
265,245,115,19,481,9.5,-246,3,256,0
265,245,115,19,508,9.5,-246,3,256,0
265,245,115,19,535,9.5,-246,4,256,0
265,245,115,19,562,9.5,-246,4,256,0
265,245,115,19,589,9.5,-246,4,257,0
265,245,115,24,487,9.94,-241,4,257,0
265,245,115,24,517,9.94,-241,4,257,0
265,245,115,24,547,9.94,-241,3,257,0
265,245,115,24,577,9.94,-241,3,257,0
265,245,115,24,607,9.94,-241,4,257,0
265,245,115,78,438,10.19,-187,4,257,0
265,245,115,78,468,10.19,-187,3,257,0
265,245,115,78,498,10.19,-187,3,257,0
265,245,115,78,528,10.19,-187,3,257,0
265,245,115,78,558,10.19,-187,3,257,0
270,250,110,219,388,9.58,-51,3,257,1
285,265,95,219,418,9.58,-66,4,257,1
300,280,80,219,448,9.58,-81,4,257,1
315,295,65,219,478,9.58,-96,3,257,1
315,295,65,219,508,9.58,-96,3,257,0
315,295,65,219,538,9.58,-96,3,257,0
315,295,65,219,568,9.58,-96,3,257,0
315,295,65,219,598,9.58,-96,4,257,0
315,295,65,219,628,9.58,-96,4,257,0
315,295,65,224,410,8.99,-91,3,258,0
315,295,65,224,437,8.99,-91,3,258,0
315,295,65,224,464,8.99,-91,3,258,0
315,295,65,224,491,8.99,-91,3,258,0
315,295,65,224,518,8.99,-91,3,258,0
315,295,65,224,545,8.99,-91,4,258,0
315,295,65,224,572,8.99,-91,4,258,0
315,295,65,224,599,8.99,-91,4,258,0
315,295,65,224,626,8.99,-91,4,258,0
315,295,65,149,530,10.0,-166,3,258,0
315,295,65,149,560,10.0,-166,3,258,0
315,295,65,149,590,10.0,-166,3,258,0
315,295,65,149,620,10.0,-166,4,258,0
315,295,65,251,404,9.19,-64,3,258,0
315,295,65,251,431,9.19,-64,3,258,0
315,295,65,251,458,9.19,-64,3,258,0
315,295,65,251,485,9.19,-64,3,258,0
315,295,65,251,512,9.19,-64,3,258,0
315,295,65,251,539,9.19,-64,4,258,0
315,295,65,251,566,9.19,-64,4,258,0
315,295,65,251,593,9.19,-64,4,259,0
315,295,65,251,620,9.19,-64,4,259,0
310,290,70,251,647,9.19,-59,4,259,-1
295,275,85,163,548,9.92,-132,3,259,-1
280,260,100,163,578,9.92,-117,3,259,-1
265,245,115,163,608,9.92,-102,4,259,-1
250,230,130,163,638,9.92,-87,4,259,-1
235,215,145,343,420,9.36,108,3,259,-1
220,200,160,343,447,9.36,123,3,259,-1
215,195,165,343,474,9.36,128,3,259,0
215,195,165,343,501,9.36,128,3,259,0
215,195,165,343,528,9.36,128,3,259,0
215,195,165,343,555,9.36,128,4,259,0
215,195,165,343,582,9.36,128,4,259,0
215,195,165,343,609,9.36,128,4,259,0
215,195,165,376,506,10.39,161,4,259,0
215,195,165,376,536,10.39,161,3,259,0
215,195,165,376,566,10.39,161,3,259,0
215,195,165,376,596,10.39,161,4,259,0
215,195,165,376,626,10.39,161,4,259,0
215,195,165,59,458,9.81,-156,3,260,0
215,195,165,59,488,9.81,-156,3,260,0
215,195,165,59,518,9.81,-156,3,260,0
215,195,165,59,548,9.81,-156,3,260,0
215,195,165,59,578,9.81,-156,3,260,0
215,195,165,164,407,10.46,-51,4,260,0
215,195,165,164,437,10.46,-51,4,260,0
225,205,155,164,467,10.46,-61,3,260,1
240,220,140,164,497,10.46,-76,3,260,1
255,235,125,164,527,10.46,-91,3,260,1
270,250,110,164,557,10.46,-106,3,260,1
280,260,100,164,587,10.46,-116,3,260,0
280,260,100,164,617,10.46,-116,4,260,0
280,260,100,389,451,10.28,109,4,260,0
280,260,100,389,481,10.28,109,3,260,0
280,260,100,389,511,10.28,109,3,260,0
280,260,100,389,541,10.28,109,3,260,0
280,260,100,389,571,10.28,109,3,260,0
280,260,100,389,601,10.28,109,4,260,0
280,260,100,389,631,10.28,109,4,260,0
270,250,110,223,261,9.88,-47,3,261,-1
255,235,125,223,291,9.88,-32,3,261,-1
240,220,140,223,321,9.88,-17,3,261,-1
225,205,155,223,351,9.88,-2,3,261,-1
210,190,170,223,381,9.88,13,3,261,-1
195,175,185,34,545,9.23,-161,4,261,-1
180,160,200,223,441,9.88,43,4,261,-1
165,145,215,223,471,9.88,58,4,261,-1
150,130,230,223,501,9.88,73,4,261,-1
135,115,245,223,531,9.88,88,3,261,-1
120,100,260,223,561,9.88,103,3,261,-1
115,95,265,223,591,9.88,108,3,261,0
115,95,265,223,621,9.88,108,4,261,0
115,95,265,332,399,9.22,217,3,261,0
115,95,265,332,426,9.22,217,3,261,0
115,95,265,332,453,9.22,217,3,261,0
115,95,265,332,480,9.22,217,3,261,0
115,95,265,332,507,9.22,217,3,261,0
115,95,265,332,534,9.22,217,4,261,0
115,95,265,332,561,9.22,217,4,261,0
115,95,265,272,461,9.75,157,4,262,0
115,95,265,272,491,9.75,157,4,262,0
115,95,265,272,521,9.75,157,4,262,0
115,95,265,272,551,9.75,157,3,262,0
115,95,265,272,581,9.75,157,3,262,0
115,95,265,272,611,9.75,157,4,262,0
115,95,265,272,641,9.75,157,4,262,0
115,95,265,223,423,9.19,108,3,262,0
115,95,265,223,450,9.19,108,3,262,0
115,95,265,223,477,9.19,108,3,262,0
115,95,265,223,504,9.19,108,3,262,0
115,95,265,223,531,9.19,108,3,262,0
115,95,265,223,558,9.19,108,4,262,0
115,95,265,223,585,9.19,108,4,262,0
115,95,265,223,612,9.19,108,4,262,0
115,95,265,223,639,9.19,108,4,262,0
115,95,265,269,537,10.49,154,3,262,0
115,95,265,269,567,10.49,154,3,262,0
115,95,265,269,597,10.49,154,4,262,0
115,95,265,269,627,10.49,154,4,262,0
115,95,265,265,459,9.61,150,3,263,0
115,95,265,265,489,9.61,150,3,263,0
115,95,265,265,519,9.61,150,3,263,0
115,95,265,265,549,9.61,150,3,263,0
115,95,265,265,579,9.61,150,3,263,0
115,95,265,265,609,9.61,150,4,263,0
115,95,265,236,436,10.0,121,4,263,0
115,95,265,236,466,10.0,121,3,263,0
115,95,265,236,496,10.0,121,3,263,0
115,95,265,236,526,10.0,121,3,263,0
115,95,265,236,556,10.0,121,3,263,0
115,95,265,236,586,10.0,121,3,263,0
130,110,250,236,616,10.0,106,4,263,1
145,125,235,236,646,10.0,91,4,263,1
160,140,220,82,427,9.3,-78,3,263,1
175,155,205,82,454,9.3,-93,3,263,1
190,170,190,82,481,9.3,-108,3,263,1
190,170,190,82,508,9.3,-108,3,263,0
180,160,200,82,535,9.3,-98,4,263,-1
165,145,215,82,562,9.3,-83,4,263,-1
150,130,230,82,589,9.3,-68,4,264,-1
135,115,245,82,616,9.3,-53,4,264,-1
135,115,245,82,643,9.3,-53,4,264,0
150,130,230,267,545,10.41,117,3,264,1
165,145,215,267,575,10.41,102,3,264,1
180,160,200,267,605,10.41,87,4,264,1
195,175,185,267,635,10.41,72,4,264,1
210,190,170,120,419,9.46,-90,3,264,1
225,205,155,120,446,9.46,-105,3,264,1
240,220,140,120,473,9.46,-120,3,264,1
255,235,125,120,500,9.46,-135,3,264,1
270,250,110,120,527,9.46,-150,3,264,1
285,265,95,120,554,9.46,-165,4,264,1
300,280,80,243,402,9.12,-57,4,264,1
315,295,65,243,429,9.12,-72,4,264,1
330,310,50,243,456,9.12,-87,4,264,1
345,325,35,243,483,9.12,-102,3,264,1
360,340,20,243,510,9.12,-117,3,264,1
375,355,5,243,537,9.12,-132,4,264,1
380,360,0,243,564,9.12,-137,4,264,1
380,360,0,243,591,9.12,-137,4,265,1
380,360,0,283,492,10.38,-97,4,265,1
380,360,0,283,522,10.38,-97,4,265,0
380,360,0,283,552,10.38,-97,3,265,0
380,360,0,283,582,10.38,-97,3,265,0
380,360,0,283,612,10.38,-97,4,265,0
380,360,0,283,642,10.38,-97,4,265,0
380,360,0,269,466,10.09,-111,3,265,0
380,360,0,269,496,10.09,-111,3,265,0
380,360,0,269,526,10.09,-111,3,265,0
375,355,5,269,556,10.09,-106,3,265,-1
360,340,20,269,586,10.09,-91,3,265,-1
345,325,35,269,616,10.09,-76,4,265,-1
330,310,50,269,646,10.09,-61,4,265,-1
320,300,60,126,480,10.33,-194,3,265,0
320,300,60,126,510,10.33,-194,3,265,0
320,300,60,126,540,10.33,-194,3,265,0
320,300,60,126,570,10.33,-194,3,265,0
320,300,60,126,600,10.33,-194,4,265,0
320,300,60,183,476,10.54,-137,4,265,0
320,300,60,183,509,10.54,-137,3,266,0
320,300,60,183,542,10.54,-137,3,266,0
320,300,60,183,575,10.54,-137,3,266,0
310,290,70,183,608,10.54,-127,3,266,-1
295,275,85,183,641,10.54,-112,3,266,-1
285,265,95,96,370,9.25,-189,3,266,0
285,265,95,96,397,9.25,-189,3,266,0
285,265,95,96,424,9.25,-189,3,266,0
285,265,95,96,451,9.25,-189,3,266,0
285,265,95,96,478,9.25,-189,3,266,0
285,265,95,96,505,9.25,-189,3,266,0
300,280,80,96,532,9.25,-204,3,266,1
315,295,65,241,417,10.14,-74,4,266,1
330,310,50,241,447,10.14,-89,4,266,1
345,325,35,241,477,10.14,-104,4,266,1
360,340,20,241,507,10.14,-119,4,266,1
375,355,5,241,537,10.14,-134,3,266,1
380,360,0,241,567,10.14,-139,3,266,0
380,360,0,241,597,10.14,-139,4,266,0
380,360,0,241,627,10.14,-139,4,266,0
380,360,0,269,409,9.16,-111,3,267,0
380,360,0,269,436,9.16,-111,3,267,0
380,360,0,269,463,9.16,-111,3,267,0
380,360,0,269,490,9.16,-111,3,267,0
380,360,0,269,517,9.16,-111,3,267,0
380,360,0,269,544,9.16,-111,4,267,0
380,360,0,269,571,9.16,-111,4,267,0
380,360,0,269,598,9.16,-111,4,267,0
380,360,0,269,625,9.16,-111,4,267,0
380,360,0,269,652,9.16,-111,4,267,0
380,360,0,183,499,9.27,-197,3,267,0
380,360,0,183,526,9.27,-197,3,267,0
380,360,0,183,553,9.27,-197,4,267,0
380,360,0,264,450,9.91,-116,4,267,0
380,360,0,264,480,9.91,-116,4,267,0
380,360,0,264,510,9.91,-116,4,267,0
380,360,0,264,540,9.91,-116,3,267,0
380,360,0,264,570,9.91,-116,3,267,0
380,360,0,264,600,9.91,-116,4,267,0
380,360,0,264,630,9.91,-116,4,267,0
375,355,5,249,504,10.55,-126,3,268,-1
360,340,20,249,537,10.55,-111,3,268,-1
345,325,35,249,570,10.55,-96,3,268,-1
330,310,50,249,603,10.55,-81,3,268,-1
315,295,65,249,636,10.55,-66,3,268,-1
300,280,80,75,447,10.6,-225,3,268,-1
285,265,95,75,480,10.6,-210,3,268,-1
270,250,110,75,513,10.6,-195,3,268,-1
255,235,125,75,546,10.6,-180,3,268,-1
245,225,135,75,579,10.6,-170,3,268,0
245,225,135,75,612,10.6,-170,3,268,0
245,225,135,147,388,10.09,-98,3,268,0
245,225,135,147,418,10.09,-98,3,268,0
245,225,135,147,448,10.09,-98,3,268,0
245,225,135,147,478,10.09,-98,3,268,0
245,225,135,147,508,10.09,-98,3,268,0
245,225,135,147,538,10.09,-98,3,268,0
245,225,135,147,568,10.09,-98,3,268,0
235,215,145,147,598,10.09,-88,4,268,-1
220,200,160,147,628,10.09,-73,4,268,-1
205,185,175,300,509,10.63,95,3,269,-1
205,185,175,300,542,10.63,95,3,269,0
205,185,175,300,575,10.63,95,3,269,0
205,185,175,300,608,10.63,95,3,269,0
205,185,175,300,641,10.63,95,3,269,0
205,185,175,13,453,10.58,-192,3,269,0
205,185,175,13,486,10.58,-192,3,269,0
205,185,175,13,519,10.58,-192,3,269,0
205,185,175,13,552,10.58,-192,3,269,0
195,175,185,13,585,10.58,-182,3,269,-1
180,160,200,13,618,10.58,-167,3,269,-1
165,145,215,227,387,9.53,62,2,269,-1
150,130,230,227,417,9.53,77,3,269,-1
150,130,230,227,447,9.53,77,3,269,0
150,130,230,227,477,9.53,77,3,269,0
150,130,230,227,507,9.53,77,3,269,0
150,130,230,227,537,9.53,77,3,269,0
150,130,230,227,567,9.53,77,3,269,0
150,130,230,227,597,9.53,77,4,269,0
150,130,230,227,627,9.53,77,4,269,0
150,130,230,368,461,9.75,218,3,270,0
150,130,230,368,491,9.75,218,3,270,0
165,145,215,368,521,9.75,203,3,270,1
180,160,200,368,551,9.75,188,3,270,1
195,175,185,368,581,9.75,173,3,270,1
210,190,170,368,611,9.75,158,4,270,1
225,205,155,116,435,10.44,-109,4,270,1
240,220,140,116,465,10.44,-124,3,270,1
255,235,125,116,495,10.44,-139,3,270,1
255,235,125,116,525,10.44,-139,3,270,0
255,235,125,116,555,10.44,-139,3,270,0
255,235,125,116,585,10.44,-139,3,270,0
255,235,125,116,615,10.44,-139,4,270,0
255,235,125,116,645,10.44,-139,4,270,0
255,235,125,104,429,9.42,-151,3,270,0
255,235,125,104,456,9.42,-151,3,270,0
255,235,125,104,483,9.42,-151,3,270,0
255,235,125,104,510,9.42,-151,3,270,0
255,235,125,104,537,9.42,-151,4,270,0
255,235,125,104,564,9.42,-151,4,270,0
255,235,125,104,591,9.42,-151,4,271,0
255,235,125,104,618,9.42,-151,4,271,0
255,235,125,104,645,9.42,-151,4,271,0
255,235,125,31,494,9.38,-224,3,271,0
255,235,125,31,521,9.38,-224,3,271,0
255,235,125,31,548,9.38,-224,4,271,0
255,235,125,31,575,9.38,-224,4,271,0
255,235,125,31,602,9.38,-224,4,271,0
255,235,125,23,500,10.44,-232,4,271,0
255,235,125,23,530,10.44,-232,3,271,0
255,235,125,23,560,10.44,-232,3,271,0
255,235,125,23,590,10.44,-232,3,271,0
255,235,125,23,620,10.44,-232,4,271,0
255,235,125,36,446,10.05,-219,3,271,0
255,235,125,36,476,10.05,-219,3,271,0
255,235,125,36,506,10.05,-219,3,271,0
255,235,125,36,536,10.05,-219,3,271,0
255,235,125,36,566,10.05,-219,3,271,0
255,235,125,364,395,10.37,109,4,271,0
255,235,125,364,425,10.37,109,4,271,0
255,235,125,364,455,10.37,109,3,272,0
255,235,125,364,485,10.37,109,3,272,0
255,235,125,364,515,10.37,109,3,272,0
255,235,125,364,545,10.37,109,3,272,0
255,235,125,364,575,10.37,109,3,272,0
255,235,125,364,605,10.37,109,4,272,0
255,235,125,364,635,10.37,109,4,272,0
255,235,125,33,467,9.63,-222,3,272,0
255,235,125,33,497,9.63,-222,3,272,0
255,235,125,33,527,9.63,-222,3,272,0
255,235,125,33,557,9.63,-222,3,272,0
255,235,125,33,587,9.63,-222,3,272,0
255,235,125,123,417,9.98,-132,4,272,0
255,235,125,123,447,9.98,-132,4,272,0
255,235,125,123,477,9.98,-132,3,272,0
260,240,120,123,507,9.98,-137,3,272,1
275,255,105,123,537,9.98,-152,3,272,1
290,270,90,123,567,9.98,-167,3,272,1
305,285,75,200,442,10.6,-105,4,272,1
320,300,60,200,475,10.6,-120,4,272,1
325,305,55,200,508,10.6,-125,3,273,0
325,305,55,200,541,10.6,-125,3,273,0
325,305,55,200,574,10.6,-125,3,273,0
325,305,55,200,607,10.6,-125,3,273,0
325,305,55,200,640,10.6,-125,3,273,0
325,305,55,48,406,9.8,-277,3,273,0
325,305,55,48,436,9.8,-277,3,273,0
325,305,55,48,466,9.8,-277,3,273,0
325,305,55,48,496,9.8,-277,3,273,0
325,305,55,48,526,9.8,-277,3,273,0
325,305,55,48,556,9.8,-277,3,273,0
325,305,55,48,586,9.8,-277,3,273,0
325,305,55,48,616,9.8,-277,4,273,0
320,300,60,373,272,10.57,53,4,273,-1
305,285,75,64,481,10.46,-241,3,273,-1
290,270,90,64,511,10.46,-226,3,273,-1
275,255,105,64,541,10.46,-211,3,273,-1
260,240,120,64,571,10.46,-196,3,273,-1
245,225,135,64,601,10.46,-181,4,273,-1
230,210,150,373,470,10.57,143,4,273,-1
225,205,155,373,503,10.57,148,3,274,0
225,205,155,373,536,10.57,148,3,274,0
225,205,155,373,569,10.57,148,3,274,0
225,205,155,373,602,10.57,148,3,274,0
225,205,155,373,635,10.57,148,3,274,0
225,205,155,119,449,10.51,-106,3,274,0
225,205,155,119,482,10.51,-106,3,274,0
225,205,155,119,515,10.51,-106,3,274,0
225,205,155,119,548,10.51,-106,3,274,0
225,205,155,119,581,10.51,-106,3,274,0
225,205,155,119,614,10.51,-106,3,274,0
225,205,155,119,647,10.51,-106,3,274,0
225,205,155,373,422,9.63,148,3,274,0
225,205,155,373,452,9.63,148,3,274,0
225,205,155,373,482,9.63,148,3,274,0
225,205,155,373,512,9.63,148,3,274,0
225,205,155,373,542,9.63,148,3,274,0
225,205,155,373,572,9.63,148,3,274,0
225,205,155,373,602,9.63,148,4,274,0
225,205,155,373,632,9.63,148,4,274,0
225,205,155,377,409,9.46,152,3,275,0
225,205,155,377,436,9.46,152,3,275,0
225,205,155,377,463,9.46,152,3,275,0
225,205,155,377,490,9.46,152,3,275,0
225,205,155,377,517,9.46,152,3,275,0
225,205,155,377,544,9.46,152,4,275,0
225,205,155,377,571,9.46,152,4,275,0
225,205,155,377,598,9.46,152,4,275,0
225,205,155,42,550,10.8,-183,4,275,0
225,205,155,42,583,10.8,-183,4,275,0
225,205,155,42,616,10.8,-183,3,275,0
225,205,155,42,649,10.8,-183,3,275,0
225,205,155,79,415,9.85,-146,3,275,0
225,205,155,79,445,9.85,-146,3,275,0
225,205,155,79,475,9.85,-146,3,275,0
225,205,155,79,505,9.85,-146,3,275,0
225,205,155,79,535,9.85,-146,3,275,0
225,205,155,79,565,9.85,-146,3,275,0
225,205,155,79,595,9.85,-146,4,275,0
225,205,155,305,427,9.95,80,4,275,0
210,190,170,305,457,9.95,95,3,276,-1
195,175,185,305,487,9.95,110,3,276,-1
180,160,200,305,517,9.95,125,3,276,-1
165,145,215,305,547,9.95,140,3,276,-1
150,130,230,305,577,9.95,155,3,276,-1
135,115,245,305,607,9.95,170,4,276,-1
120,100,260,242,438,9.96,122,4,276,-1
120,100,260,242,468,9.96,122,3,276,0
120,100,260,242,498,9.96,122,3,276,0
120,100,260,242,528,9.96,122,3,276,0
120,100,260,242,558,9.96,122,3,276,0
120,100,260,242,588,9.96,122,3,276,0
120,100,260,242,618,9.96,122,4,276,0
120,100,260,242,648,9.96,122,4,276,0
120,100,260,314,477,9.58,194,3,276,0
120,100,260,314,507,9.58,194,3,276,0
120,100,260,314,537,9.58,194,3,276,0
120,100,260,314,567,9.58,194,3,276,0
120,100,260,314,597,9.58,194,4,276,0
120,100,260,314,627,9.58,194,4,276,0
120,100,260,383,459,10.37,263,3,277,0
120,100,260,383,489,10.37,263,3,277,0
120,100,260,383,519,10.37,263,3,277,0
120,100,260,383,549,10.37,263,3,277,0
120,100,260,383,579,10.37,263,3,277,0
120,100,260,383,609,10.37,263,4,277,0
120,100,260,363,480,10.81,243,4,277,0
120,100,260,363,513,10.81,243,3,277,0
120,100,260,363,546,10.81,243,3,277,0
120,100,260,88,327,9.98,-32,3,277,0
130,110,250,88,357,9.98,-42,3,277,1
145,125,235,88,387,9.98,-57,3,277,1
160,140,220,88,417,9.98,-72,3,277,1
175,155,205,88,447,9.98,-87,3,277,1
185,165,195,88,477,9.98,-97,3,277,0
185,165,195,88,507,9.98,-97,3,277,0
185,165,195,88,537,9.98,-97,3,277,0
185,165,195,88,567,9.98,-97,3,277,0
180,160,200,88,597,9.98,-92,4,277,-1
165,145,215,88,627,9.98,-77,4,277,-1
150,130,230,276,459,9.68,126,3,278,-1
135,115,245,276,489,9.68,141,3,278,-1
140,120,240,276,519,9.68,136,3,278,1
155,135,225,276,549,9.68,121,3,278,1
170,150,210,276,579,9.68,106,3,278,1
185,165,195,276,609,9.68,91,4,278,1
200,180,180,276,639,9.68,76,4,278,1
215,195,165,150,422,9.47,-65,3,278,1
230,210,150,150,449,9.47,-80,3,278,1
245,225,135,150,476,9.47,-95,3,278,1
260,240,120,150,503,9.47,-110,3,278,1
275,255,105,150,530,9.47,-125,3,278,1
290,270,90,150,557,9.47,-140,4,278,1
305,285,75,150,584,9.47,-155,4,278,1
305,285,75,159,529,10.89,-146,4,278,0
305,285,75,159,562,10.89,-146,4,278,0
305,285,75,159,595,10.89,-146,3,278,0
305,285,75,159,628,10.89,-146,3,278,0
290,270,90,355,395,10.04,65,3,278,-1
275,255,105,355,425,10.04,80,3,278,-1
260,240,120,355,455,10.04,95,3,279,-1
245,225,135,355,485,10.04,110,3,279,-1
230,210,150,355,515,10.04,125,3,279,-1
215,195,165,355,545,10.04,140,3,279,-1
200,180,180,355,575,10.04,155,3,279,-1
185,165,195,355,605,10.04,170,4,279,-1
170,150,210,355,635,10.04,185,4,279,-1
155,135,225,376,513,10.74,221,3,279,-1
140,120,240,376,546,10.74,236,3,279,-1
130,110,250,376,579,10.74,246,3,279,0
130,110,250,253,397,10.7,123,3,279,0
130,110,250,253,430,10.7,123,3,279,0
130,110,250,253,463,10.7,123,3,279,0
130,110,250,253,496,10.7,123,3,279,0
130,110,250,253,529,10.7,123,3,279,0
130,110,250,253,562,10.7,123,3,279,0
130,110,250,253,595,10.7,123,3,279,0
130,110,250,253,628,10.7,123,3,279,0
130,110,250,49,436,10.6,-81,3,279,0
140,120,240,49,469,10.6,-91,3,279,1
155,135,225,49,502,10.6,-106,3,280,1
170,150,210,49,535,10.6,-121,3,280,1
185,165,195,49,568,10.6,-136,3,280,1
200,180,180,171,383,10.87,-29,3,280,1
215,195,165,171,416,10.87,-44,3,280,1
230,210,150,171,449,10.87,-59,3,280,1
245,225,135,171,482,10.87,-74,3,280,1
260,240,120,171,515,10.87,-89,3,280,1
275,255,105,171,548,10.87,-104,3,280,1
290,270,90,171,581,10.87,-119,3,280,1
300,280,80,171,614,10.87,-129,3,280,0
300,280,80,171,647,10.87,-129,3,280,0
300,280,80,98,372,9.49,-202,3,280,0
300,280,80,98,399,9.49,-202,3,280,0
300,280,80,98,426,9.49,-202,3,280,0
305,285,75,98,453,9.49,-207,3,280,1
320,300,60,98,480,9.49,-222,3,280,1
335,315,45,98,507,9.49,-237,3,280,1
350,330,30,98,534,9.49,-252,4,280,1
355,335,25,209,430,10.08,-146,4,280,0
355,335,25,209,460,10.08,-146,4,281,0
355,335,25,209,490,10.08,-146,4,281,0
355,335,25,209,520,10.08,-146,4,281,0
355,335,25,209,550,10.08,-146,3,281,0
355,335,25,209,580,10.08,-146,3,281,0
355,335,25,209,610,10.08,-146,4,281,0
355,335,25,192,483,10.99,-163,4,281,0
355,335,25,192,516,10.99,-163,3,281,0
355,335,25,192,549,10.99,-163,3,281,0
355,335,25,192,582,10.99,-163,3,281,0
355,335,25,192,615,10.99,-163,3,281,0
340,320,40,192,648,10.99,-148,3,281,-1
325,305,55,134,420,10.2,-191,3,281,-1
310,290,70,134,450,10.2,-176,3,281,-1
310,290,70,134,480,10.2,-176,3,281,0
310,290,70,134,510,10.2,-176,3,281,0
310,290,70,134,540,10.2,-176,3,281,0
310,290,70,134,570,10.2,-176,3,281,0
310,290,70,134,600,10.2,-176,4,281,0
305,285,75,134,630,10.2,-171,4,281,-1
290,270,90,11,457,10.49,-279,3,282,-1
275,255,105,11,487,10.49,-264,3,282,-1
260,240,120,11,517,10.49,-249,3,282,-1
245,225,135,11,547,10.49,-234,3,282,-1
235,215,145,11,577,10.49,-224,3,282,0
235,215,145,64,452,10.89,-171,4,282,0
235,215,145,64,485,10.89,-171,4,282,0
235,215,145,64,518,10.89,-171,3,282,0
235,215,145,64,551,10.89,-171,3,282,0
245,225,135,64,584,10.89,-181,3,282,1
260,240,120,199,360,10.41,-61,3,282,1
275,255,105,199,390,10.41,-76,2,282,1
290,270,90,199,420,10.41,-91,3,282,1
305,285,75,199,450,10.41,-106,3,282,1
320,300,60,199,480,10.41,-121,3,282,1
335,315,45,199,510,10.41,-136,3,282,1
335,315,45,199,540,10.41,-136,3,282,0
335,315,45,199,570,10.41,-136,3,282,0
335,315,45,199,600,10.41,-136,4,282,0
335,315,45,199,630,10.41,-136,4,282,0
335,315,45,185,461,10.07,-150,3,283,0
335,315,45,185,491,10.07,-150,3,283,0
335,315,45,185,521,10.07,-150,3,283,0
340,320,40,185,551,10.07,-155,3,283,1
355,335,25,185,581,10.07,-170,3,283,1
370,350,10,185,611,10.07,-185,4,283,1
380,360,0,258,435,10.32,-122,4,283,1
380,360,0,258,465,10.32,-122,3,283,0
380,360,0,258,495,10.32,-122,3,283,0
380,360,0,258,525,10.32,-122,3,283,0
380,360,0,258,555,10.32,-122,3,283,0
380,360,0,258,585,10.32,-122,3,283,0
380,360,0,258,615,10.32,-122,4,283,0
380,360,0,258,645,10.32,-122,4,283,0
380,360,0,198,477,9.93,-182,3,283,0
380,360,0,198,507,9.93,-182,3,283,0
380,360,0,198,537,9.93,-182,3,283,0
380,360,0,198,567,9.93,-182,3,283,0
380,360,0,198,597,9.93,-182,4,283,0
380,360,0,198,627,9.93,-182,4,283,0
380,360,0,187,508,11.0,-193,3,284,0
380,360,0,187,541,11.0,-193,3,284,0
375,355,5,187,574,11.0,-188,3,284,-1
360,340,20,187,607,11.0,-173,3,284,-1
345,325,35,187,640,11.0,-158,3,284,-1
340,320,40,243,406,9.7,-97,3,284,0
340,320,40,243,436,9.7,-97,3,284,0
340,320,40,243,466,9.7,-97,3,284,0
340,320,40,243,496,9.7,-97,3,284,0
340,320,40,243,526,9.7,-97,3,284,0
340,320,40,243,556,9.7,-97,3,284,0
325,305,55,243,586,9.7,-82,3,284,-1
310,290,70,243,616,9.7,-67,4,284,-1
295,275,85,243,646,9.7,-52,4,284,-1
280,260,100,356,479,9.89,76,3,284,-1
265,245,115,356,509,9.89,91,3,284,-1
250,230,130,356,539,9.89,106,3,284,-1
235,215,145,356,569,9.89,121,3,284,-1
220,200,160,356,599,9.89,136,4,284,-1
205,185,175,298,427,10.35,93,4,284,-1
190,170,190,298,457,10.35,108,3,285,-1
175,155,205,298,487,10.35,123,3,285,-1
160,140,220,298,517,10.35,138,3,285,-1
145,125,235,298,547,10.35,153,3,285,-1
145,125,235,298,577,10.35,153,3,285,0
145,125,235,298,607,10.35,153,4,285,0
145,125,235,298,637,10.35,153,4,285,0
145,125,235,297,466,10.31,152,3,285,0
145,125,235,297,496,10.31,152,3,285,0
145,125,235,297,526,10.31,152,3,285,0
145,125,235,297,556,10.31,152,3,285,0
145,125,235,297,586,10.31,152,3,285,0
145,125,235,297,616,10.31,152,4,285,0
145,125,235,298,493,10.6,153,4,285,0
145,125,235,298,526,10.6,153,3,285,0
145,125,235,298,559,10.6,153,3,285,0
145,125,235,298,592,10.6,153,3,285,0
145,125,235,298,625,10.6,153,3,285,0
145,125,235,276,400,10.46,131,3,285,0
145,125,235,276,430,10.46,131,3,285,0
145,125,235,276,460,10.46,131,3,286,0
145,125,235,276,490,10.46,131,3,286,0
145,125,235,276,520,10.46,131,3,286,0
145,125,235,276,550,10.46,131,3,286,0
145,125,235,276,580,10.46,131,3,286,0
145,125,235,276,610,10.46,131,4,286,0
145,125,235,276,640,10.46,131,4,286,0
145,125,235,291,466,9.72,146,3,286,0
145,125,235,291,496,9.72,146,3,286,0
145,125,235,291,526,9.72,146,3,286,0
145,125,235,291,556,9.72,146,3,286,0
145,125,235,291,586,9.72,146,3,286,0
145,125,235,100,417,10.26,-45,4,286,0
160,140,220,100,447,10.26,-60,4,286,1
175,155,205,100,477,10.26,-75,3,286,1
190,170,190,100,507,10.26,-90,3,286,1
205,185,175,100,537,10.26,-105,3,286,1
195,175,185,100,567,10.26,-95,3,286,-1
180,160,200,100,597,10.26,-80,4,286,-1
165,145,215,100,627,10.26,-65,4,286,-1
150,130,230,238,457,10.07,88,3,287,-1
135,115,245,238,487,10.07,103,3,287,-1
140,120,240,238,517,10.07,98,3,287,1
155,135,225,238,547,10.07,83,3,287,1
170,150,210,238,577,10.07,68,3,287,1
185,165,195,238,607,10.07,53,4,287,1
200,180,180,148,481,10.55,-52,4,287,1
215,195,165,148,514,10.55,-67,3,287,1
230,210,150,148,547,10.55,-82,3,287,1
245,225,135,148,580,10.55,-97,3,287,1
255,235,125,148,613,10.55,-107,3,287,0
255,235,125,325,430,10.99,70,3,287,0
255,235,125,325,463,10.99,70,3,287,0
240,220,140,325,496,10.99,85,3,287,-1
225,205,155,325,529,10.99,100,3,287,-1
210,190,170,325,562,10.99,115,3,287,-1
195,175,185,325,595,10.99,130,3,287,-1
180,160,200,229,409,10.64,49,3,287,-1
165,145,215,229,442,10.64,64,3,287,-1
150,130,230,229,475,10.64,79,3,287,-1
135,115,245,229,508,10.64,94,3,288,-1
120,100,260,229,541,10.64,109,3,288,-1
105,85,275,229,574,10.64,124,3,288,-1
90,70,290,229,607,10.64,139,3,288,-1
75,55,305,229,640,10.64,154,3,288,-1
60,40,320,291,409,9.91,231,3,288,-1
55,35,325,291,439,9.91,236,3,288,0
55,35,325,291,469,9.91,236,3,288,0
55,35,325,291,499,9.91,236,3,288,0
55,35,325,291,529,9.91,236,3,288,0
55,35,325,291,559,9.91,236,3,288,0
55,35,325,291,589,9.91,236,3,288,0
55,35,325,291,619,9.91,236,4,288,0
55,35,325,291,649,9.91,236,4,288,0
55,35,325,337,525,11.16,282,3,288,0
55,35,325,337,558,11.16,282,3,288,0
55,35,325,152,374,10.66,97,3,288,0
55,35,325,152,407,10.66,97,3,288,0
55,35,325,152,440,10.66,97,3,288,0
55,35,325,152,473,10.66,97,3,288,0
55,35,325,152,506,10.66,97,3,289,0
55,35,325,152,539,10.66,97,3,289,0
55,35,325,152,572,10.66,97,3,289,0
55,35,325,152,605,10.66,97,3,289,0
55,35,325,152,638,10.66,97,3,289,0
55,35,325,228,410,10.15,173,3,289,0
55,35,325,228,440,10.15,173,3,289,0
55,35,325,228,470,10.15,173,3,289,0
55,35,325,228,500,10.15,173,3,289,0
55,35,325,228,530,10.15,173,3,289,0
55,35,325,228,560,10.15,173,3,289,0
55,35,325,228,590,10.15,173,3,289,0
55,35,325,228,620,10.15,173,4,289,0
55,35,325,203,448,10.16,148,3,289,0
55,35,325,203,478,10.16,148,3,289,0
55,35,325,203,508,10.16,148,3,289,0
55,35,325,203,538,10.16,148,3,289,0
55,35,325,203,568,10.16,148,3,289,0
55,35,325,203,598,10.16,148,4,289,0
55,35,325,203,628,10.16,148,4,289,0
55,35,325,353,455,9.85,298,3,290,0
55,35,325,353,485,9.85,298,3,290,0
55,35,325,353,515,9.85,298,3,290,0
55,35,325,353,545,9.85,298,3,290,0
55,35,325,197,376,9.77,142,3,290,0
55,35,325,197,406,9.77,142,4,290,0
55,35,325,197,436,9.77,142,4,290,0
55,35,325,197,466,9.77,142,3,290,0
70,50,310,197,496,9.77,127,3,290,1
85,65,295,197,526,9.77,112,3,290,1
100,80,280,197,556,9.77,97,3,290,1
115,95,265,197,586,9.77,82,3,290,1
130,110,250,197,616,9.77,67,4,290,1
145,125,235,197,646,9.77,52,4,290,1
160,140,220,73,477,9.96,-87,3,290,1
175,155,205,73,507,9.96,-102,3,290,1
190,170,190,73,537,9.96,-117,3,290,1
195,175,185,73,567,9.96,-122,3,290,0
195,175,185,73,597,9.96,-122,4,290,0
195,175,185,288,474,10.93,93,4,290,0
195,175,185,288,507,10.93,93,3,291,0
195,175,185,288,540,10.93,93,3,291,0
195,175,185,288,573,10.93,93,3,291,0
195,175,185,288,606,10.93,93,3,291,0
190,170,190,288,639,10.93,98,3,291,-1
175,155,205,44,407,10.04,-131,3,291,-1
160,140,220,44,437,10.04,-116,3,291,-1
150,130,230,44,467,10.04,-106,3,291,0
150,130,230,44,497,10.04,-106,3,291,0
150,130,230,44,527,10.04,-106,3,291,0
165,145,215,44,557,10.04,-121,3,291,1
180,160,200,143,426,11.25,-37,3,291,1
195,175,185,143,459,11.25,-52,4,291,1
210,190,170,143,492,11.25,-67,4,291,1
225,205,155,143,525,11.25,-82,3,291,1
240,220,140,143,558,11.25,-97,3,291,1
255,235,125,143,591,11.25,-112,3,291,1
270,250,110,143,624,11.25,-127,3,291,1
285,265,95,88,437,10.68,-197,3,291,1
290,270,90,88,470,10.68,-202,3,291,0
290,270,90,88,503,10.68,-202,3,292,0
290,270,90,88,536,10.68,-202,3,292,0
290,270,90,88,569,10.68,-202,3,292,0
290,270,90,88,602,10.68,-202,3,292,0
290,270,90,174,414,10.89,-116,3,292,0
290,270,90,174,447,10.89,-116,3,292,0
290,270,90,174,480,10.89,-116,3,292,0
290,270,90,174,513,10.89,-116,3,292,0
290,270,90,174,546,10.89,-116,3,292,0
290,270,90,174,579,10.89,-116,3,292,0
290,270,90,174,612,10.89,-116,3,292,0
285,265,95,174,645,10.89,-111,3,292,-1
270,250,110,353,418,10.2,83,3,292,-1
255,235,125,353,448,10.2,98,3,292,-1
240,220,140,353,478,10.2,113,3,292,-1
225,205,155,353,508,10.2,128,3,292,-1
210,190,170,353,538,10.2,143,3,292,-1
195,175,185,353,568,10.2,158,3,292,-1
180,160,200,270,441,11.0,90,4,292,-1
165,145,215,270,474,11.0,105,4,292,-1
150,130,230,270,507,11.0,120,3,293,-1
135,115,245,270,540,11.0,135,3,293,-1
120,100,260,270,573,11.0,150,3,293,-1
105,85,275,270,606,11.0,165,3,293,-1
90,70,290,182,381,9.97,92,3,293,-1
75,55,305,182,411,9.97,107,3,293,-1
70,50,310,182,441,9.97,112,3,293,0
70,50,310,182,471,9.97,112,3,293,0
70,50,310,182,501,9.97,112,3,293,0
70,50,310,182,531,9.97,112,3,293,0
70,50,310,182,561,9.97,112,3,293,0
75,55,305,55,426,10.93,-20,3,293,1
90,70,290,55,459,10.93,-35,4,293,1
105,85,275,55,492,10.93,-50,3,293,1
120,100,260,55,525,10.93,-65,3,293,1
135,115,245,55,558,10.93,-80,3,293,1
150,130,230,55,591,10.93,-95,3,293,1
165,145,215,55,624,10.93,-110,3,293,1
180,160,200,38,438,11.3,-142,3,293,1
195,175,185,38,471,11.3,-157,3,293,1
210,190,170,38,504,11.3,-172,3,294,1
225,205,155,38,537,11.3,-187,3,294,1
240,220,140,38,570,11.3,-202,3,294,1
255,235,125,159,381,10.81,-96,3,294,1
270,250,110,159,414,10.81,-111,3,294,1
285,265,95,159,447,10.81,-126,3,294,1
300,280,80,159,480,10.81,-141,3,294,1
305,285,75,159,513,10.81,-146,3,294,0
295,275,85,159,546,10.81,-136,3,294,-1
280,260,100,159,579,10.81,-121,3,294,-1
265,245,115,159,612,10.81,-106,3,294,-1
250,230,130,159,645,10.81,-91,3,294,-1
235,215,145,321,462,10.64,86,3,294,-1
220,200,160,321,495,10.64,101,3,294,-1
205,185,175,321,528,10.64,116,3,294,-1
190,170,190,321,561,10.64,131,3,294,-1
190,170,190,321,594,10.64,131,3,294,0
200,180,180,321,627,10.64,121,3,294,1
215,195,165,117,395,10.49,-98,3,294,1
230,210,150,117,425,10.49,-113,3,294,1
245,225,135,117,455,10.49,-128,3,295,1
260,240,120,117,485,10.49,-143,3,295,1
275,255,105,117,515,10.49,-158,3,295,1
290,270,90,117,545,10.49,-173,3,295,1
305,285,75,117,575,10.49,-188,3,295,1
310,290,70,117,605,10.49,-193,4,295,0
300,280,80,117,635,10.49,-183,4,295,-1
285,265,95,320,295,11.33,35,3,295,-1
270,250,110,320,328,11.33,50,3,295,-1
255,235,125,32,530,10.08,-223,3,295,-1
240,220,140,32,560,10.08,-208,3,295,-1
225,205,155,320,427,11.33,95,3,295,-1
210,190,170,320,460,11.33,110,4,295,-1
195,175,185,320,493,11.33,125,3,295,-1
180,160,200,320,526,11.33,140,3,295,-1
165,145,215,320,559,11.33,155,3,295,-1
150,130,230,320,592,11.33,170,3,295,-1
145,125,235,83,365,9.92,-62,3,295,0
160,140,220,83,395,9.92,-77,3,295,1
175,155,205,83,425,9.92,-92,3,295,1
190,170,190,83,455,9.92,-107,3,296,1
205,185,175,83,485,9.92,-122,3,296,1
215,195,165,83,515,9.92,-132,3,296,0
205,185,175,83,545,9.92,-122,3,296,-1
190,170,190,83,575,9.92,-107,3,296,-1
175,155,205,83,605,9.92,-92,4,296,-1
160,140,220,83,635,9.92,-77,4,296,-1
145,125,235,262,520,10.76,117,3,296,-1
130,110,250,262,553,10.76,132,3,296,-1
115,95,265,262,586,10.76,147,3,296,-1
110,90,270,262,619,10.76,152,3,296,0
110,90,270,322,428,10.83,212,2,296,0
115,95,265,322,461,10.83,207,3,296,1
130,110,250,322,494,10.83,192,3,296,1
145,125,235,322,527,10.83,177,3,296,1
160,140,220,322,560,10.83,162,3,296,1
175,155,205,322,593,10.83,147,3,296,1
180,160,200,322,626,10.83,142,3,296,0
180,160,200,257,398,9.95,77,3,296,0
175,155,205,257,428,9.95,82,3,296,-1
160,140,220,257,458,9.95,97,3,297,-1
145,125,235,257,488,9.95,112,3,297,-1
130,110,250,257,518,9.95,127,3,297,-1
115,95,265,257,548,9.95,142,3,297,-1
105,85,275,257,578,9.95,152,3,297,0
105,85,275,257,608,9.95,152,4,297,0
105,85,275,247,487,10.98,142,4,297,0
105,85,275,247,520,10.98,142,3,297,0
105,85,275,247,553,10.98,142,3,297,0
115,95,265,247,586,10.98,132,3,297,1
130,110,250,247,619,10.98,117,3,297,1
145,125,235,23,426,10.71,-122,2,297,1
160,140,220,23,459,10.71,-137,3,297,1
175,155,205,23,492,10.71,-152,3,297,1
190,170,190,23,525,10.71,-167,3,297,1
205,185,175,23,558,10.71,-182,3,297,1
220,200,160,233,376,10.71,13,3,297,1
235,215,145,233,409,10.71,-2,3,297,1
250,230,130,233,442,10.71,-17,3,297,1
265,245,115,233,475,10.71,-32,3,297,1
280,260,100,233,508,10.71,-47,3,298,1
295,275,85,233,541,10.71,-62,3,298,1
310,290,70,233,574,10.71,-77,3,298,1
325,305,55,233,607,10.71,-92,3,298,1
340,320,40,233,640,10.71,-107,3,298,1
340,320,40,164,453,11.3,-176,3,298,0
340,320,40,164,486,11.3,-176,3,298,0
340,320,40,164,519,11.3,-176,3,298,0
340,320,40,164,552,11.3,-176,3,298,0
340,320,40,164,585,11.3,-176,3,298,0
325,305,55,164,618,11.3,-161,3,298,-1
310,290,70,108,428,11.16,-202,2,298,-1
295,275,85,108,461,11.16,-187,3,298,-1
280,260,100,108,494,11.16,-172,3,298,-1
265,245,115,108,527,11.16,-157,3,298,-1
250,230,130,108,560,11.16,-142,3,298,-1
250,230,130,108,593,11.16,-142,3,298,1
265,245,115,232,406,10.76,-33,3,298,1
280,260,100,232,439,10.76,-48,3,298,1
295,275,85,232,472,10.76,-63,3,298,1
310,290,70,232,505,10.76,-78,3,299,1
325,305,55,232,538,10.76,-93,3,299,1
325,305,55,232,571,10.76,-93,3,299,0
310,290,70,232,604,10.76,-78,3,299,-1
295,275,85,232,637,10.76,-63,3,299,-1
280,260,100,374,449,10.64,94,3,299,-1
265,245,115,374,482,10.64,109,3,299,-1
250,230,130,374,515,10.64,124,3,299,-1
235,215,145,374,548,10.64,139,3,299,-1
220,200,160,374,581,10.64,154,3,299,-1
205,185,175,374,614,10.64,169,3,299,-1
190,170,190,374,647,10.64,184,3,299,-1
175,155,205,323,419,10.49,148,3,299,-1
160,140,220,323,449,10.49,163,3,299,-1
145,125,235,323,479,10.49,178,3,299,-1
130,110,250,323,509,10.49,193,3,299,-1
115,95,265,323,539,10.49,208,3,299,-1
100,80,280,22,405,10.68,-78,3,299,-1
95,75,285,22,438,10.68,-73,4,299,0
95,75,285,22,471,10.68,-73,4,299,0
95,75,285,22,504,10.68,-73,3,300,0
95,75,285,22,537,10.68,-73,3,300,0
100,80,280,22,570,10.68,-78,3,300,1
115,95,265,22,603,10.68,-93,3,300,1
130,110,250,22,636,10.68,-108,3,300,1
130,110,250,170,405,10.04,40,3,300,0
120,100,260,170,435,10.04,50,3,300,-1
105,85,275,170,465,10.04,65,3,300,-1
90,70,290,170,495,10.04,80,3,300,-1
75,55,305,170,525,10.04,95,3,300,-1
65,45,315,170,555,10.04,105,3,300,0
65,45,315,170,585,10.04,105,3,300,0
65,45,315,170,615,10.04,105,4,300,0
65,45,315,170,645,10.04,105,4,300,0
80,60,300,335,529,10.96,255,3,300,1
95,75,285,335,562,10.96,240,3,300,1
110,90,270,335,595,10.96,225,3,300,1
125,105,255,335,628,10.96,210,3,300,1
140,120,240,356,439,11.21,216,3,300,1
155,135,225,356,472,11.21,201,3,300,1
170,150,210,356,505,11.21,186,3,301,1
185,165,195,356,538,11.21,171,3,301,1
200,180,180,356,571,11.21,156,3,301,1
215,195,165,356,604,11.21,141,3,301,1
230,210,150,356,637,11.21,126,3,301,1
245,225,135,70,447,11.29,-175,3,301,1
260,240,120,70,480,11.29,-190,3,301,1
270,250,110,70,513,11.29,-200,3,301,0
270,250,110,70,546,11.29,-200,3,301,0
270,250,110,284,361,11.22,14,3,301,0
270,250,110,284,394,11.22,14,3,301,0
270,250,110,284,427,11.22,14,3,301,0
265,245,115,284,460,11.22,19,3,301,-1
250,230,130,284,493,11.22,34,3,301,-1
235,215,145,284,526,11.22,49,3,301,-1
220,200,160,284,559,11.22,64,3,301,-1
205,185,175,284,592,11.22,79,3,301,-1
190,170,190,284,625,11.22,94,3,301,-1
185,165,195,379,482,11.51,194,3,301,0
185,165,195,379,518,11.51,194,3,301,0
185,165,195,379,554,11.51,194,3,302,0
185,165,195,379,590,11.51,194,3,302,0
185,165,195,379,626,11.51,194,3,302,0
185,165,195,27,385,11.15,-158,2,302,0
185,165,195,27,418,11.15,-158,2,302,0
185,165,195,27,451,11.15,-158,3,302,0
185,165,195,27,484,11.15,-158,3,302,0
195,175,185,27,517,11.15,-168,3,302,1
210,190,170,27,550,11.15,-183,3,302,1
225,205,155,199,366,10.85,-26,3,302,1
240,220,140,199,399,10.85,-41,3,302,1
255,235,125,199,432,10.85,-56,3,302,1
270,250,110,199,465,10.85,-71,3,302,1
275,255,105,199,498,10.85,-76,3,302,0
275,255,105,199,531,10.85,-76,3,302,0
275,255,105,199,564,10.85,-76,3,302,0
265,245,115,199,597,10.85,-66,3,302,-1
250,230,130,199,630,10.85,-51,3,302,-1
235,215,145,276,443,10.75,41,3,302,-1
220,200,160,276,476,10.75,56,3,302,-1
205,185,175,276,509,10.75,71,3,303,-1
190,170,190,276,542,10.75,86,3,303,-1
175,155,205,276,575,10.75,101,3,303,-1
160,140,220,276,608,10.75,116,3,303,-1
145,125,235,276,641,10.75,131,3,303,-1
130,110,250,336,449,11.38,206,3,303,-1
125,105,255,336,482,11.38,211,3,303,0
125,105,255,336,515,11.38,211,3,303,0
125,105,255,336,548,11.38,211,3,303,0
125,105,255,336,581,11.38,211,3,303,0
125,105,255,336,614,11.38,211,3,303,0
125,105,255,252,432,10.66,127,3,303,0
125,105,255,252,465,10.66,127,3,303,0
125,105,255,252,498,10.66,127,3,303,0
125,105,255,252,531,10.66,127,3,303,0
125,105,255,252,564,10.66,127,3,303,0
125,105,255,252,597,10.66,127,3,303,0
140,120,240,252,630,10.66,112,3,303,1
155,135,225,74,441,10.7,-81,3,303,1
170,150,210,74,474,10.7,-96,3,303,1
185,165,195,74,507,10.7,-111,3,304,1
200,180,180,74,540,10.7,-126,3,304,1
195,175,185,74,573,10.7,-121,3,304,-1
180,160,200,74,606,10.7,-106,3,304,-1
165,145,215,74,639,10.7,-91,3,304,-1
150,130,230,190,405,10.12,40,3,304,-1
135,115,245,190,435,10.12,55,3,304,-1
120,100,260,190,465,10.12,70,3,304,-1
105,85,275,190,495,10.12,85,3,304,-1
90,70,290,190,525,10.12,100,3,304,-1
90,70,290,190,555,10.12,100,3,304,0
90,70,290,190,585,10.12,100,3,304,0
90,70,290,190,615,10.12,100,4,304,0
90,70,290,190,645,10.12,100,4,304,0
90,70,290,317,530,11.08,227,3,304,0
90,70,290,317,563,11.08,227,3,304,0
90,70,290,210,409,11.51,120,3,304,0
90,70,290,210,445,11.51,120,3,304,0
90,70,290,210,481,11.51,120,3,304,0
90,70,290,210,517,11.51,120,3,304,0
90,70,290,210,553,11.51,120,3,305,0
90,70,290,210,589,11.51,120,3,305,0
90,70,290,210,625,11.51,120,3,305,0
90,70,290,361,383,11.37,271,2,305,0
90,70,290,361,416,11.37,271,2,305,0
90,70,290,361,449,11.37,271,3,305,0
90,70,290,361,482,11.37,271,3,305,0
90,70,290,361,515,11.37,271,3,305,0
90,70,290,361,548,11.37,271,3,305,0
90,70,290,361,581,11.37,271,3,305,0
90,70,290,361,614,11.37,271,3,305,0
90,70,290,74,227,11.59,-16,3,305,0
90,70,290,74,263,11.59,-16,3,305,0
90,70,290,74,299,11.59,-16,3,305,0
90,70,290,74,335,11.59,-16,3,305,0
100,80,280,74,371,11.59,-26,3,305,1
115,95,265,74,407,11.59,-41,3,305,1
130,110,250,74,443,11.59,-56,3,305,1
145,125,235,74,479,11.59,-71,3,305,1
160,140,220,74,515,11.59,-86,3,305,1
175,155,205,74,551,11.59,-101,3,306,1
175,155,205,74,587,11.59,-101,3,306,0
175,155,205,74,623,11.59,-101,3,306,0
175,155,205,320,384,10.53,145,2,306,0
175,155,205,320,417,10.53,145,2,306,0
175,155,205,320,450,10.53,145,3,306,0
175,155,205,320,483,10.53,145,3,306,0
175,155,205,320,516,10.53,145,3,306,0
175,155,205,320,549,10.53,145,3,306,0
175,155,205,320,582,10.53,145,3,306,0
175,155,205,320,615,10.53,145,3,306,0
175,155,205,320,648,10.53,145,3,306,0
175,155,205,320,461,10.79,145,3,306,0
175,155,205,320,494,10.79,145,3,306,0
175,155,205,320,527,10.79,145,3,306,0
165,145,215,320,560,10.79,155,3,306,-1
150,130,230,320,593,10.79,170,3,306,-1
135,115,245,223,404,11.46,88,3,306,-1
120,100,260,223,437,11.46,103,3,306,-1
105,85,275,223,470,11.46,118,3,306,-1
100,80,280,223,503,11.46,123,3,307,0
100,80,280,223,536,11.46,123,3,307,0
100,80,280,223,569,11.46,123,3,307,0
100,80,280,223,602,11.46,123,3,307,0
90,70,290,168,419,10.97,78,3,307,-1
75,55,305,168,452,10.97,93,3,307,-1
60,40,320,168,485,10.97,108,3,307,-1
45,25,335,168,518,10.97,123,3,307,-1
40,20,340,168,551,10.97,128,3,307,0
40,20,340,168,584,10.97,128,3,307,0
40,20,340,168,617,10.97,128,3,307,0
40,20,340,132,428,10.51,92,2,307,0
40,20,340,132,461,10.51,92,3,307,0
40,20,340,132,494,10.51,92,3,307,0
40,20,340,132,527,10.51,92,3,307,0
40,20,340,132,560,10.51,92,3,307,0
40,20,340,132,593,10.51,92,3,307,0
40,20,340,132,626,10.51,92,3,307,0
40,20,340,299,436,10.84,259,3,307,0
40,20,340,299,469,10.84,259,3,307,0
50,30,330,299,502,10.84,249,3,308,1
65,45,315,299,535,10.84,234,3,308,1
80,60,300,299,568,10.84,219,3,308,1
95,75,285,299,601,10.84,204,3,308,1
110,90,270,299,634,10.84,189,3,308,1
125,105,255,217,408,10.2,92,3,308,1
125,105,255,217,438,10.2,92,3,308,0
125,105,255,217,468,10.2,92,3,308,0
125,105,255,217,498,10.2,92,3,308,0
125,105,255,217,528,10.2,92,3,308,0
125,105,255,217,558,10.2,92,3,308,0
130,110,250,217,588,10.2,87,3,308,1
145,125,235,117,463,10.77,-28,4,308,1
160,140,220,117,496,10.77,-43,4,308,1
175,155,205,117,529,10.77,-58,3,308,1
190,170,190,117,562,10.77,-73,3,308,1
205,185,175,117,595,10.77,-88,3,308,1
220,200,160,117,628,10.77,-103,3,308,1
220,200,160,352,401,10.41,132,3,308,0
220,200,160,352,431,10.41,132,3,308,0
220,200,160,352,461,10.41,132,3,309,0
220,200,160,352,491,10.41,132,3,309,0
220,200,160,352,521,10.41,132,3,309,0
220,200,160,352,551,10.41,132,3,309,0
220,200,160,352,581,10.41,132,3,309,0
215,195,165,352,611,10.41,137,4,309,-1
200,180,180,24,484,10.67,-176,4,309,-1
185,165,195,24,517,10.67,-161,3,309,-1
170,150,210,24,550,10.67,-146,3,309,-1
165,145,215,24,583,10.67,-141,3,309,0
165,145,215,24,616,10.67,-141,3,309,0
165,145,215,40,469,11.53,-125,3,309,0
165,145,215,40,505,11.53,-125,3,309,0
165,145,215,40,541,11.53,-125,3,309,0
165,145,215,40,577,11.53,-125,3,309,0
165,145,215,40,613,11.53,-125,3,309,0
165,145,215,40,649,11.53,-125,3,309,0
165,145,215,268,443,11.66,103,2,309,0
165,145,215,268,479,11.66,103,3,309,0
165,145,215,268,515,11.66,103,3,309,0
165,145,215,268,551,11.66,103,3,310,0
165,145,215,268,587,11.66,103,3,310,0
165,145,215,268,623,11.66,103,3,310,0
165,145,215,37,384,10.71,-128,2,310,0
165,145,215,37,417,10.71,-128,2,310,0
165,145,215,37,450,10.71,-128,3,310,0
165,145,215,37,483,10.71,-128,3,310,0
165,145,215,37,516,10.71,-128,3,310,0
165,145,215,37,549,10.71,-128,3,310,0
165,145,215,37,582,10.71,-128,3,310,0
165,145,215,37,615,10.71,-128,3,310,0
165,145,215,35,468,11.53,-130,3,310,0
165,145,215,35,504,11.53,-130,3,310,0
165,145,215,35,540,11.53,-130,3,310,0
165,145,215,35,576,11.53,-130,3,310,0
165,145,215,35,612,11.53,-130,3,310,0
165,145,215,35,648,11.53,-130,3,310,0
165,145,215,224,370,10.36,59,2,310,0
160,140,220,224,400,10.36,64,3,310,-1
145,125,235,224,430,10.36,79,3,310,-1
130,110,250,224,460,10.36,94,3,311,-1
120,100,260,224,490,10.36,104,3,311,0
120,100,260,224,520,10.36,104,3,311,0
120,100,260,224,550,10.36,104,3,311,0
120,100,260,224,580,10.36,104,3,311,0
120,100,260,224,610,10.36,104,4,311,0
120,100,260,224,640,10.36,104,4,311,0
120,100,260,363,516,11.01,243,3,311,0
120,100,260,363,549,11.01,243,3,311,0
120,100,260,363,582,11.01,243,3,311,0
120,100,260,268,397,10.96,148,3,311,0
120,100,260,268,430,10.96,148,3,311,0
120,100,260,268,463,10.96,148,3,311,0
120,100,260,268,496,10.96,148,3,311,0
125,105,255,268,529,10.96,143,3,311,1
140,120,240,268,562,10.96,128,3,311,1
155,135,225,268,595,10.96,113,3,311,1
170,150,210,268,628,10.96,98,3,311,1
185,165,195,64,441,11.19,-121,3,311,1
200,180,180,64,474,11.19,-136,3,311,1
215,195,165,64,507,11.19,-151,3,312,1
230,210,150,64,540,11.19,-166,3,312,1
245,225,135,64,573,11.19,-181,3,312,1
260,240,120,64,606,11.19,-196,3,312,1
275,255,105,64,639,11.19,-211,3,312,1
290,270,90,147,408,10.38,-143,3,312,1
305,285,75,147,438,10.38,-158,3,312,1
320,300,60,147,468,10.38,-173,3,312,1
335,315,45,147,498,10.38,-188,3,312,1
350,330,30,147,528,10.38,-203,3,312,1
365,345,15,147,558,10.38,-218,3,312,1
380,360,0,236,427,10.69,-144,3,312,1
380,360,0,236,460,10.69,-144,4,312,0
380,360,0,236,493,10.69,-144,4,312,0
380,360,0,236,526,10.69,-144,3,312,0
380,360,0,236,559,10.69,-144,3,312,0
380,360,0,236,592,10.69,-144,3,312,0
380,360,0,236,625,10.69,-144,3,312,0
380,360,0,243,442,10.94,-137,3,312,0
380,360,0,243,475,10.94,-137,3,312,0
380,360,0,243,508,10.94,-137,3,313,0
380,360,0,243,541,10.94,-137,3,313,0
380,360,0,243,574,10.94,-137,3,313,0
380,360,0,243,607,10.94,-137,3,313,0
380,360,0,243,640,10.94,-137,3,313,0
380,360,0,209,409,10.32,-171,3,313,0
380,360,0,209,439,10.32,-171,3,313,0
380,360,0,209,469,10.32,-171,3,313,0
375,355,5,209,499,10.32,-166,3,313,-1
360,340,20,209,529,10.32,-151,3,313,-1
345,325,35,209,559,10.32,-136,3,313,-1
330,310,50,209,589,10.32,-121,3,313,-1
315,295,65,209,619,10.32,-106,4,313,-1
300,280,80,209,649,10.32,-91,4,313,-1
285,265,95,75,531,11.27,-210,3,313,-1
270,250,110,75,564,11.27,-195,3,313,-1
255,235,125,233,374,11.08,-22,3,313,-1
240,220,140,233,407,11.08,-7,3,313,-1
225,205,155,233,440,11.08,8,3,313,-1
210,190,170,233,473,11.08,23,3,313,-1
195,175,185,233,506,11.08,38,3,314,-1
180,160,200,233,539,11.08,53,3,314,-1
165,145,215,233,572,11.08,68,3,314,-1
150,130,230,233,605,11.08,83,3,314,-1
140,120,240,233,638,11.08,93,3,314,0
140,120,240,16,489,11.79,-124,3,314,0
140,120,240,16,525,11.79,-124,3,314,0
140,120,240,16,561,11.79,-124,3,314,0
140,120,240,16,597,11.79,-124,3,314,0
140,120,240,16,633,11.79,-124,3,314,0
140,120,240,76,393,10.54,-64,2,314,0
155,135,225,76,426,10.54,-79,2,314,1
170,150,210,76,459,10.54,-94,3,314,1
185,165,195,76,492,10.54,-109,3,314,1
200,180,180,76,525,10.54,-124,3,314,1
205,185,175,76,558,10.54,-129,3,314,0
200,180,180,76,591,10.54,-124,3,314,-1
185,165,195,76,624,10.54,-109,3,314,-1
170,150,210,227,437,10.54,57,3,314,-1
155,135,225,227,470,10.54,72,3,314,-1
140,120,240,227,503,10.54,87,3,315,-1
140,120,240,227,536,10.54,87,3,315,0
150,130,230,227,569,10.54,77,3,315,1
165,145,215,227,602,10.54,62,3,315,1
180,160,200,143,458,11.79,-37,3,315,1
195,175,185,143,494,11.79,-52,3,315,1
210,190,170,143,530,11.79,-67,3,315,1
225,205,155,143,566,11.79,-82,3,315,1
240,220,140,143,602,11.79,-97,3,315,1
255,235,125,143,638,11.79,-112,3,315,1
255,235,125,140,360,10.47,-115,2,315,0
255,235,125,140,390,10.47,-115,2,315,0
255,235,125,140,420,10.47,-115,3,315,0
255,235,125,140,450,10.47,-115,3,315,0
255,235,125,140,480,10.47,-115,3,315,0
255,235,125,140,510,10.47,-115,3,315,0
255,235,125,140,540,10.47,-115,3,315,0
245,225,135,140,570,10.47,-105,3,315,-1
230,210,150,140,600,10.47,-90,4,315,-1
215,195,165,272,474,10.52,57,4,315,-1
200,180,180,272,507,10.52,72,3,316,-1
185,165,195,272,540,10.52,87,3,316,-1
170,150,210,272,573,10.52,102,3,316,-1
170,150,210,272,606,10.52,102,3,316,0
170,150,210,128,420,10.88,-42,3,316,0
180,160,200,128,453,10.88,-52,3,316,1
195,175,185,128,486,10.88,-67,3,316,1
210,190,170,128,519,10.88,-82,3,316,1
225,205,155,128,552,10.88,-97,3,316,1
240,220,140,128,585,10.88,-112,3,316,1
255,235,125,128,618,10.88,-127,3,316,1
270,250,110,21,429,11.37,-249,2,316,1
285,265,95,21,462,11.37,-264,3,316,1
300,280,80,21,495,11.37,-279,3,316,1
300,280,80,21,528,11.37,-279,3,316,0
300,280,80,21,561,11.37,-279,3,316,0
300,280,80,186,373,10.98,-114,3,316,0
300,280,80,186,406,10.98,-114,3,316,0
300,280,80,186,439,10.98,-114,3,316,0
300,280,80,186,472,10.98,-114,3,316,0
300,280,80,186,505,10.98,-114,3,317,0
300,280,80,186,538,10.98,-114,3,317,0
300,280,80,186,571,10.98,-114,3,317,0
290,270,90,186,604,10.98,-104,3,317,-1
275,255,105,186,637,10.98,-89,3,317,-1
260,240,120,322,450,10.96,62,3,317,-1
245,225,135,322,483,10.96,77,3,317,-1
230,210,150,322,516,10.96,92,3,317,-1
215,195,165,322,549,10.96,107,3,317,-1
215,195,165,322,582,10.96,107,3,317,1
230,210,150,322,615,10.96,92,3,317,1
245,225,135,198,427,11.14,-47,3,317,1
260,240,120,198,460,11.14,-62,3,317,1
275,255,105,198,493,11.14,-77,3,317,1
290,270,90,198,526,11.14,-92,3,317,1
290,270,90,198,559,11.14,-92,3,317,-1
275,255,105,198,592,11.14,-77,3,317,-1
260,240,120,198,625,11.14,-62,3,317,-1
245,225,135,253,438,11.09,8,3,317,-1
230,210,150,253,471,11.09,23,3,317,-1
215,195,165,253,504,11.09,38,3,318,-1
200,180,180,253,537,11.09,53,3,318,-1
185,165,195,253,570,11.09,68,3,318,-1
170,150,210,253,603,11.09,83,3,318,-1
155,135,225,253,636,11.09,98,3,318,-1
140,120,240,342,496,11.75,202,3,318,-1
125,105,255,342,532,11.75,217,3,318,-1
140,120,240,342,568,11.75,202,3,318,1
155,135,225,158,331,10.99,3,3,318,1
170,150,210,158,364,10.99,-12,3,318,1
185,165,195,158,397,10.99,-27,2,318,1
200,180,180,158,430,10.99,-42,2,318,1
215,195,165,158,463,10.99,-57,3,318,1
230,210,150,158,496,10.99,-72,3,318,1
245,225,135,158,529,10.99,-87,3,318,1
260,240,120,158,562,10.99,-102,3,318,1
265,245,115,158,595,10.99,-107,3,318,0
250,230,130,158,628,10.99,-92,3,318,-1
235,215,145,65,436,11.4,-170,3,318,-1
220,200,160,65,469,11.4,-155,3,318,-1
205,185,175,65,502,11.4,-140,3,319,-1
190,170,190,65,535,11.4,-125,3,319,-1
175,155,205,65,568,11.4,-110,3,319,-1
160,140,220,65,601,11.4,-95,3,319,-1
145,125,235,65,634,11.4,-80,3,319,-1
130,110,250,347,453,10.67,217,3,319,-1
125,105,255,347,486,10.67,222,3,319,0
125,105,255,347,519,10.67,222,3,319,0
125,105,255,347,552,10.67,222,3,319,0
125,105,255,347,585,10.67,222,3,319,0
110,90,270,196,394,11.39,86,3,319,-1
95,75,285,196,427,11.39,101,2,319,-1
80,60,300,196,460,11.39,116,3,319,-1
75,55,305,196,493,11.39,121,3,319,0
75,55,305,196,526,11.39,121,3,319,0
75,55,305,196,559,11.39,121,3,319,0
75,55,305,196,592,11.39,121,3,319,0
75,55,305,196,625,11.39,121,3,319,0
75,55,305,220,399,10.49,145,3,319,0
75,55,305,220,429,10.49,145,3,319,0
85,65,295,220,459,10.49,135,3,320,1
100,80,280,220,489,10.49,120,3,320,1
115,95,265,220,519,10.49,105,3,320,1
130,110,250,220,549,10.49,90,3,320,1
145,125,235,220,579,10.49,75,3,320,1
160,140,220,118,492,11.86,-42,4,320,1
175,155,205,118,528,11.86,-57,4,320,1
190,170,190,118,564,11.86,-72,3,320,1
205,185,175,118,600,11.86,-87,3,320,1
220,200,160,118,636,11.86,-102,3,320,1
235,215,145,379,434,11.51,144,2,320,1
250,230,130,379,470,11.51,129,2,320,1
260,240,120,379,506,11.51,119,3,320,0
260,240,120,379,542,11.51,119,3,320,0
260,240,120,379,578,11.51,119,3,320,0
255,235,125,379,614,11.51,124,3,320,-1
240,220,140,361,375,11.2,121,2,320,-1
225,205,155,361,408,11.2,136,2,320,-1
210,190,170,361,441,11.2,151,3,320,-1
195,175,185,361,474,11.2,166,3,320,-1
180,160,200,361,507,11.2,181,3,321,-1
165,145,215,361,540,11.2,196,3,321,-1
155,135,225,361,573,11.2,206,3,321,0
155,135,225,361,606,11.2,206,3,321,0
155,135,225,38,418,10.65,-117,3,321,0
155,135,225,38,451,10.65,-117,3,321,0
170,150,210,38,484,10.65,-132,3,321,1
185,165,195,38,517,10.65,-147,3,321,1
200,180,180,38,550,10.65,-162,3,321,1
210,190,170,38,583,10.65,-172,3,321,0
210,190,170,38,616,10.65,-172,3,321,0
210,190,170,330,430,10.71,120,3,321,0
210,190,170,330,463,10.71,120,3,321,0
210,190,170,330,496,10.71,120,3,321,0
210,190,170,330,529,10.71,120,3,321,0
210,190,170,330,562,10.71,120,3,321,0
210,190,170,330,595,10.71,120,3,321,0
210,190,170,330,628,10.71,120,3,321,0
210,190,170,109,437,10.95,-101,3,321,0
210,190,170,109,470,10.95,-101,3,321,0
210,190,170,109,503,10.95,-101,3,322,0
210,190,170,109,536,10.95,-101,3,322,0
210,190,170,109,569,10.95,-101,3,322,0
210,190,170,109,602,10.95,-101,3,322,0
210,190,170,109,635,10.95,-101,3,322,0
210,190,170,354,490,11.79,144,3,322,0
210,190,170,354,526,11.79,144,3,322,0
210,190,170,354,562,11.79,144,3,322,0
205,185,175,354,598,11.79,149,3,322,-1
190,170,190,354,634,11.79,164,3,322,-1
175,155,205,328,395,11.41,153,2,322,-1
160,140,220,328,428,11.41,168,2,322,-1
145,125,235,328,461,11.41,183,3,322,-1
135,115,245,328,494,11.41,193,3,322,0
135,115,245,328,527,11.41,193,3,322,0
135,115,245,328,560,11.41,193,3,322,0
135,115,245,328,593,11.41,193,3,322,0
135,115,245,66,404,11.47,-69,3,322,0
135,115,245,66,437,11.47,-69,3,322,0
135,115,245,66,470,11.47,-69,3,322,0
150,130,230,66,503,11.47,-84,3,323,1
165,145,215,66,536,11.47,-99,3,323,1
180,160,200,66,569,11.47,-114,3,323,1
195,175,185,66,602,11.47,-129,3,323,1
210,190,170,66,635,11.47,-144,3,323,1
225,205,155,109,453,11.11,-116,3,323,1
240,220,140,109,486,11.11,-131,3,323,1
255,235,125,109,519,11.11,-146,3,323,1
260,240,120,109,552,11.11,-151,3,323,0
260,240,120,109,585,11.11,-151,3,323,0
260,240,120,109,618,11.11,-151,3,323,0
260,240,120,112,425,11.06,-148,2,323,0
260,240,120,112,458,11.06,-148,3,323,0
260,240,120,112,491,11.06,-148,3,323,0
255,235,125,112,524,11.06,-143,3,323,-1
240,220,140,112,557,11.06,-128,3,323,-1
225,205,155,112,590,11.06,-113,3,323,-1
210,190,170,112,623,11.06,-98,3,323,-1
195,175,185,297,436,11.05,102,3,323,-1
180,160,200,297,469,11.05,117,3,323,-1
165,145,215,297,502,11.05,132,3,324,-1
155,135,225,297,535,11.05,142,3,324,0
155,135,225,297,568,11.05,142,3,324,0
155,135,225,297,601,11.05,142,3,324,0
170,150,210,108,418,11.18,-62,3,324,1
185,165,195,108,451,11.18,-77,3,324,1
200,180,180,108,484,11.18,-92,3,324,1
215,195,165,108,517,11.18,-107,3,324,1
230,210,150,108,550,11.18,-122,3,324,1
235,215,145,108,583,11.18,-127,3,324,-1
220,200,160,236,397,10.87,16,3,324,-1
205,185,175,236,430,10.87,31,3,324,-1
190,170,190,236,463,10.87,46,3,324,-1
175,155,205,236,496,10.87,61,3,324,-1
160,140,220,236,529,10.87,76,3,324,-1
145,125,235,236,562,10.87,91,3,324,-1
130,110,250,236,595,10.87,106,3,324,-1
115,95,265,236,628,10.87,121,3,324,-1
115,95,265,226,481,11.97,111,3,324,0
115,95,265,226,517,11.97,111,3,324,0
115,95,265,226,553,11.97,111,3,325,0
115,95,265,226,589,11.97,111,3,325,0
115,95,265,226,625,11.97,111,3,325,0
115,95,265,315,384,10.87,200,2,325,0
115,95,265,315,417,10.87,200,2,325,0
115,95,265,315,450,10.87,200,3,325,0
115,95,265,315,483,10.87,200,3,325,0
115,95,265,315,516,10.87,200,3,325,0
130,110,250,315,549,10.87,185,3,325,1
145,125,235,315,582,10.87,170,3,325,1
160,140,220,315,615,10.87,155,3,325,1
165,145,215,315,648,10.87,150,3,325,0
165,145,215,364,505,11.53,199,3,325,0
165,145,215,364,541,11.53,199,3,325,0
170,150,210,364,577,11.53,194,3,325,1
185,165,195,175,341,11.11,-10,3,325,1
200,180,180,175,374,11.11,-25,3,325,1
215,195,165,175,407,11.11,-40,2,325,1
230,210,150,175,440,11.11,-55,3,325,1
245,225,135,175,473,11.11,-70,3,325,1
260,240,120,175,506,11.11,-85,3,326,1
275,255,105,175,539,11.11,-100,3,326,1
290,270,90,175,572,11.11,-115,3,326,1
305,285,75,175,605,11.11,-130,3,326,1
320,300,60,175,638,11.11,-145,3,326,1
335,315,45,213,449,11.02,-122,3,326,1
350,330,30,213,482,11.02,-137,3,326,1
365,345,15,213,515,11.02,-152,3,326,1
365,345,15,213,548,11.02,-152,3,326,0
365,345,15,213,581,11.02,-152,3,326,0
365,345,15,213,614,11.02,-152,3,326,0
365,345,15,213,647,11.02,-152,3,326,0
365,345,15,171,506,11.85,-194,3,326,0
365,345,15,171,542,11.85,-194,3,326,0
365,345,15,171,578,11.85,-194,3,326,0
350,330,30,171,614,11.85,-179,3,326,-1
335,315,45,245,171,12.02,-90,2,326,-1
320,300,60,245,207,12.02,-75,2,326,-1
305,285,75,245,243,12.02,-60,3,326,-1
290,270,90,245,279,12.02,-45,3,326,-1
275,255,105,245,315,12.02,-30,3,327,-1
260,240,120,245,351,12.02,-15,3,327,-1
245,225,135,245,387,12.02,0,3,327,-1
230,210,150,245,423,12.02,15,3,327,-1
215,195,165,245,459,12.02,30,3,327,-1
200,180,180,245,495,12.02,45,3,327,-1
185,165,195,245,531,12.02,60,3,327,-1
170,150,210,245,567,12.02,75,3,327,-1
155,135,225,245,603,12.02,90,3,327,-1
155,135,225,245,639,12.02,90,3,327,1
170,150,210,111,434,11.74,-59,2,327,1
185,165,195,111,470,11.74,-74,2,327,1
200,180,180,111,506,11.74,-89,3,327,1
215,195,165,111,542,11.74,-104,3,327,1
230,210,150,111,578,11.74,-119,3,327,1
245,225,135,111,614,11.74,-134,3,327,1
260,240,120,61,375,11.47,-199,2,327,1
275,255,105,61,408,11.47,-214,2,327,1
290,270,90,61,441,11.47,-229,3,327,1
290,270,90,61,474,11.47,-229,3,327,0
290,270,90,61,507,11.47,-229,3,328,0
275,255,105,61,540,11.47,-214,3,328,-1
260,240,120,61,573,11.47,-199,3,328,-1
250,230,130,209,382,11.21,-41,3,328,1
265,245,115,209,415,11.21,-56,3,328,1
280,260,100,209,448,11.21,-71,3,328,1
295,275,85,209,481,11.21,-86,3,328,1
310,290,70,209,514,11.21,-101,3,328,1
325,305,55,209,547,11.21,-116,3,328,1
340,320,40,209,580,11.21,-131,3,328,1
355,335,25,209,613,11.21,-146,3,328,1
370,350,10,264,429,10.85,-106,3,328,1
380,360,0,264,462,10.85,-116,3,328,1
380,360,0,264,495,10.85,-116,3,328,0
380,360,0,264,528,10.85,-116,3,328,0
380,360,0,264,561,10.85,-116,3,328,0
380,360,0,264,594,10.85,-116,3,328,0
380,360,0,264,627,10.85,-116,3,328,0
380,360,0,289,439,11.37,-91,3,328,0
380,360,0,289,472,11.37,-91,3,328,0
380,360,0,289,505,11.37,-91,3,329,0
380,360,0,289,538,11.37,-91,3,329,0
380,360,0,289,571,11.37,-91,3,329,0
380,360,0,289,604,11.37,-91,3,329,0
380,360,0,289,637,11.37,-91,3,329,0
380,360,0,267,492,12.13,-113,3,329,0
380,360,0,267,528,12.13,-113,3,329,0
380,360,0,267,564,12.13,-113,3,329,0
380,360,0,267,600,12.13,-113,3,329,0
380,360,0,267,636,12.13,-113,3,329,0
365,345,15,158,435,11.84,-207,2,329,-1
350,330,30,158,471,11.84,-192,2,329,-1
335,315,45,158,507,11.84,-177,3,329,-1
320,300,60,158,543,11.84,-162,3,329,-1
305,285,75,158,579,11.84,-147,3,329,-1
290,270,90,158,615,11.84,-132,3,329,-1
275,255,105,35,371,11.4,-240,2,329,-1
260,240,120,35,404,11.4,-225,2,329,-1
245,225,135,35,437,11.4,-210,3,329,-1
230,210,150,35,470,11.4,-195,3,329,-1
230,210,150,35,503,11.4,-195,3,330,0
230,210,150,35,536,11.4,-195,3,330,0
230,210,150,35,569,11.4,-195,3,330,0
230,210,150,35,602,11.4,-195,3,330,0
230,210,150,91,453,11.61,-139,3,330,0
230,210,150,91,489,11.61,-139,3,330,0
230,210,150,91,525,11.61,-139,3,330,0
230,210,150,91,561,11.61,-139,3,330,0
235,215,145,91,597,11.61,-144,3,330,1
250,230,130,234,364,11.09,-16,3,330,1
265,245,115,234,397,11.09,-31,2,330,1
280,260,100,234,430,11.09,-46,2,330,1
295,275,85,234,463,11.09,-61,3,330,1
310,290,70,234,496,11.09,-76,3,330,1
320,300,60,234,529,11.09,-86,3,330,0
320,300,60,234,562,11.09,-86,3,330,0
305,285,75,234,595,11.09,-71,3,330,-1
290,270,90,234,628,11.09,-56,3,330,-1
275,255,105,371,438,10.96,96,3,330,-1
260,240,120,371,471,10.96,111,3,330,-1
245,225,135,371,504,10.96,126,3,331,-1
240,220,140,371,537,10.96,131,3,331,0
240,220,140,371,570,10.96,131,3,331,0
240,220,140,371,603,10.96,131,3,331,0
240,220,140,307,418,11.22,67,3,331,0
240,220,140,307,451,11.22,67,3,331,0
240,220,140,307,484,11.22,67,3,331,0
240,220,140,307,517,11.22,67,3,331,0
240,220,140,307,550,11.22,67,3,331,0
240,220,140,307,583,11.22,67,3,331,0
240,220,140,307,616,11.22,67,3,331,0
240,220,140,307,649,11.22,67,3,331,0
240,220,140,112,459,11.3,-128,3,331,0
240,220,140,112,492,11.3,-128,3,331,0
240,220,140,112,525,11.3,-128,3,331,0
240,220,140,112,558,11.3,-128,3,331,0
240,220,140,112,591,11.3,-128,3,331,0
240,220,140,112,624,11.3,-128,3,331,0
240,220,140,306,436,11.22,66,3,331,0
240,220,140,306,469,11.22,66,3,331,0
240,220,140,306,502,11.22,66,3,332,0
240,220,140,306,535,11.22,66,3,332,0
240,220,140,306,568,11.22,66,3,332,0
240,220,140,306,601,11.22,66,3,332,0
230,210,150,282,458,11.75,52,3,332,-1
215,195,165,282,494,11.75,67,3,332,-1
200,180,180,282,530,11.75,82,3,332,-1
195,175,185,282,566,11.75,87,3,332,0
195,175,185,282,602,11.75,87,3,332,0
195,175,185,282,638,11.75,87,3,332,0
195,175,185,120,435,11.58,-75,2,332,0
205,185,175,120,471,11.58,-85,2,332,1
220,200,160,120,507,11.58,-100,3,332,1
235,215,145,120,543,11.58,-115,3,332,1
250,230,130,120,579,11.58,-130,3,332,1
265,245,115,120,615,11.58,-145,3,332,1
280,260,100,167,411,12.21,-113,2,332,1
295,275,85,167,447,12.21,-128,2,332,1
310,290,70,167,483,12.21,-143,3,332,1
315,295,65,167,519,12.21,-148,3,332,0
315,295,65,167,555,12.21,-148,3,333,0
315,295,65,167,591,12.21,-148,3,333,0
315,295,65,167,627,12.21,-148,3,333,0
315,295,65,58,382,11.32,-257,2,333,0
315,295,65,58,415,11.32,-257,2,333,0
315,295,65,58,448,11.32,-257,3,333,0
315,295,65,58,481,11.32,-257,3,333,0
315,295,65,58,514,11.32,-257,3,333,0
315,295,65,58,547,11.32,-257,3,333,0
315,295,65,203,399,12.1,-112,3,333,0
315,295,65,203,435,12.1,-112,3,333,0
315,295,65,203,471,12.1,-112,3,333,0
315,295,65,203,507,12.1,-112,3,333,0
315,295,65,203,543,12.1,-112,3,333,0
320,300,60,203,579,12.1,-117,3,333,1
335,315,45,203,615,12.1,-132,3,333,1
350,330,30,293,374,10.98,-57,2,333,1
365,345,15,293,407,10.98,-72,2,333,1
380,360,0,293,440,10.98,-87,3,333,1
380,360,0,293,473,10.98,-87,3,333,0
380,360,0,293,506,10.98,-87,3,334,0
380,360,0,293,539,10.98,-87,3,334,0
380,360,0,293,572,10.98,-87,3,334,0
380,360,0,293,605,10.98,-87,3,334,1
380,360,0,337,453,11.71,-43,3,334,1
380,360,0,337,489,11.71,-43,3,334,1
380,360,0,337,525,11.71,-43,3,334,1
370,350,10,337,561,11.71,-33,3,334,-1
